STRUCTURE[;],STRUCTURE_ID,ACTION,COUNTRY,INDICATOR,FREQUENCY,TIME_PERIOD,OBS_VALUE,SCALE,PRECISION,DECIMALS_DISPLAYED,GFS_STO,SECTOR,TRANSFORMATION,UNIT,DERIVATION_TYPE,OVERLAP
dataflow,IMF.FAD:FM_2025_OCT_VINTAGE(1.0.0),R,AUS,G1_S13_POGDP_PT,A,1991,30.2711371386034,0,,,,,,,M,OL
dataflow,IMF.FAD:FM_2025_OCT_VINTAGE(1.0.0),R,AUS,G1_S13_POGDP_PT,A,1992,29.3122313577604,0,,,,,,,M,OL
dataflow,IMF.FAD:FM_2025_OCT_VINTAGE(1.0.0),R,AUS,G1_S13_POGDP_PT,A,1993,29.411529349134,0,,,,,,,M,OL
dataflow,IMF.FAD:FM_2025_OCT_VINTAGE(1.0.0),R,AUS,G1_S13_POGDP_PT,A,1994,29.9492686946655,0,,,,,,,M,OL
dataflow,IMF.FAD:FM_2025_OCT_VINTAGE(1.0.0),R,AUS,G1_S13_POGDP_PT,A,1995,31.0753898344853,0,,,,,,,M,OL
dataflow,IMF.FAD:FM_2025_OCT_VINTAGE(1.0.0),R,AUS,G1_S13_POGDP_PT,A,1996,32.0884812656366,0,,,,,,,M,OL
dataflow,IMF.FAD:FM_2025_OCT_VINTAGE(1.0.0),R,AUS,G1_S13_POGDP_PT,A,1997,32.3240697116433,0,,,,,,,M,OL
dataflow,IMF.FAD:FM_2025_OCT_VINTAGE(1.0.0),R,AUS,G1_S13_POGDP_PT,A,1998,34.3960617619206,0,,,,,,,M,OL
dataflow,IMF.FAD:FM_2025_OCT_VINTAGE(1.0.0),R,AUS,G1_S13_POGDP_PT,A,1999,36.8846337784155,0,,,,,,,M,OL
dataflow,IMF.FAD:FM_2025_OCT_VINTAGE(1.0.0),R,AUS,G1_S13_POGDP_PT,A,2000,36.463547508179,0,,,,,,,M,OL
dataflow,IMF.FAD:FM_2025_OCT_VINTAGE(1.0.0),R,AUS,G1_S13_POGDP_PT,A,2001,35.5878048813877,0,,,,,,,M,OL
dataflow,IMF.FAD:FM_2025_OCT_VINTAGE(1.0.0),R,AUS,G1_S13_POGDP_PT,A,2002,35.1065733436268,0,,,,,,,M,OL
dataflow,IMF.FAD:FM_2025_OCT_VINTAGE(1.0.0),R,AUS,G1_S13_POGDP_PT,A,2003,35.959127280962,0,,,,,,,M,OL
dataflow,IMF.FAD:FM_2025_OCT_VINTAGE(1.0.0),R,AUS,G1_S13_POGDP_PT,A,2004,36.1596081079872,0,,,,,,,M,OL
dataflow,IMF.FAD:FM_2025_OCT_VINTAGE(1.0.0),R,AUS,G1_S13_POGDP_PT,A,2005,36.28301925929,0,,,,,,,M,OL
dataflow,IMF.FAD:FM_2025_OCT_VINTAGE(1.0.0),R,AUS,G1_S13_POGDP_PT,A,2006,36.3088959170113,0,,,,,,,M,OL
dataflow,IMF.FAD:FM_2025_OCT_VINTAGE(1.0.0),R,AUS,G1_S13_POGDP_PT,A,2007,35.7788359274672,0,,,,,,,M,OL
dataflow,IMF.FAD:FM_2025_OCT_VINTAGE(1.0.0),R,AUS,G1_S13_POGDP_PT,A,2008,33.9779870904655,0,,,,,,,M,OL
dataflow,IMF.FAD:FM_2025_OCT_VINTAGE(1.0.0),R,AUS,G1_S13_POGDP_PT,A,2009,33.1906479114665,0,,,,,,,M,OL
dataflow,IMF.FAD:FM_2025_OCT_VINTAGE(1.0.0),R,AUS,G1_S13_POGDP_PT,A,2010,31.8347817674659,0,,,,,,,M,OL
dataflow,IMF.FAD:FM_2025_OCT_VINTAGE(1.0.0),R,AUS,G1_S13_POGDP_PT,A,2011,31.7826004335895,0,,,,,,,M,OL
dataflow,IMF.FAD:FM_2025_OCT_VINTAGE(1.0.0),R,AUS,G1_S13_POGDP_PT,A,2012,33.0022805370642,0,,,,,,,M,OL
dataflow,IMF.FAD:FM_2025_OCT_VINTAGE(1.0.0),R,AUS,G1_S13_POGDP_PT,A,2013,33.555141680387,0,,,,,,,M,OL
dataflow,IMF.FAD:FM_2025_OCT_VINTAGE(1.0.0),R,AUS,G1_S13_POGDP_PT,A,2014,33.8295785529871,0,,,,,,,M,OL
dataflow,IMF.FAD:FM_2025_OCT_VINTAGE(1.0.0),R,AUS,G1_S13_POGDP_PT,A,2015,34.4761355235839,0,,,,,,,M,OL
dataflow,IMF.FAD:FM_2025_OCT_VINTAGE(1.0.0),R,AUS,G1_S13_POGDP_PT,A,2016,34.8686222167758,0,,,,,,,M,OL
dataflow,IMF.FAD:FM_2025_OCT_VINTAGE(1.0.0),R,AUS,G1_S13_POGDP_PT,A,2017,35.059180221109,0,,,,,,,M,OL
dataflow,IMF.FAD:FM_2025_OCT_VINTAGE(1.0.0),R,AUS,G1_S13_POGDP_PT,A,2018,35.615478706247,0,,,,,,,M,OL
dataflow,IMF.FAD:FM_2025_OCT_VINTAGE(1.0.0),R,AUS,G1_S13_POGDP_PT,A,2019,34.5041797010601,0,,,,,,,M,OL
dataflow,IMF.FAD:FM_2025_OCT_VINTAGE(1.0.0),R,AUS,G1_S13_POGDP_PT,A,2020,35.7108186381904,0,,,,,,,M,OL
dataflow,IMF.FAD:FM_2025_OCT_VINTAGE(1.0.0),R,AUS,G1_S13_POGDP_PT,A,2021,35.4033582770579,0,,,,,,,M,OL
dataflow,IMF.FAD:FM_2025_OCT_VINTAGE(1.0.0),R,AUS,G1_S13_POGDP_PT,A,2022,35.3478556643979,0,,,,,,,M,OL
dataflow,IMF.FAD:FM_2025_OCT_VINTAGE(1.0.0),R,AUS,G1_S13_POGDP_PT,A,2023,36.2934225919965,0,,,,,,,M,OL
dataflow,IMF.FAD:FM_2025_OCT_VINTAGE(1.0.0),R,AUS,G1_S13_POGDP_PT,A,2024,36.6952059130172,0,,,,,,,M,OL
dataflow,IMF.FAD:FM_2025_OCT_VINTAGE(1.0.0),R,AUS,G1_S13_POGDP_PT,A,2025,36.5932950880483,0,,,,,,,M,OL
dataflow,IMF.FAD:FM_2025_OCT_VINTAGE(1.0.0),R,AUS,G1_S13_POGDP_PT,A,2026,36.3206077935176,0,,,,,,,M,OL
dataflow,IMF.FAD:FM_2025_OCT_VINTAGE(1.0.0),R,AUS,G1_S13_POGDP_PT,A,2027,36.1243484577652,0,,,,,,,M,OL
dataflow,IMF.FAD:FM_2025_OCT_VINTAGE(1.0.0),R,AUS,G1_S13_POGDP_PT,A,2028,36.0566159934119,0,,,,,,,M,OL
dataflow,IMF.FAD:FM_2025_OCT_VINTAGE(1.0.0),R,AUS,G1_S13_POGDP_PT,A,2029,36.0829487665881,0,,,,,,,M,OL
dataflow,IMF.FAD:FM_2025_OCT_VINTAGE(1.0.0),R,AUS,G1_S13_POGDP_PT,A,2030,36.0801240859931,0,,,,,,,M,OL
dataflow,IMF.FAD:FM_2025_OCT_VINTAGE(1.0.0),R,AUS,G63G_S13_POGDP_PT,A,1991,21.6070739648839,0,,,,,,,M,OL
dataflow,IMF.FAD:FM_2025_OCT_VINTAGE(1.0.0),R,AUS,G63G_S13_POGDP_PT,A,1992,27.631624581791,0,,,,,,,M,OL
dataflow,IMF.FAD:FM_2025_OCT_VINTAGE(1.0.0),R,AUS,G63G_S13_POGDP_PT,A,1993,30.664966925441,0,,,,,,,M,OL
dataflow,IMF.FAD:FM_2025_OCT_VINTAGE(1.0.0),R,AUS,G63G_S13_POGDP_PT,A,1994,31.7089810589434,0,,,,,,,M,OL
dataflow,IMF.FAD:FM_2025_OCT_VINTAGE(1.0.0),R,AUS,G63G_S13_POGDP_PT,A,1995,31.1429604935134,0,,,,,,,M,OL
dataflow,IMF.FAD:FM_2025_OCT_VINTAGE(1.0.0),R,AUS,G63G_S13_POGDP_PT,A,1996,29.345186845846,0,,,,,,,M,OL
dataflow,IMF.FAD:FM_2025_OCT_VINTAGE(1.0.0),R,AUS,G63G_S13_POGDP_PT,A,1997,25.9071674737164,0,,,,,,,M,OL
dataflow,IMF.FAD:FM_2025_OCT_VINTAGE(1.0.0),R,AUS,G63G_S13_POGDP_PT,A,1998,23.6981426549245,0,,,,,,,M,OL
dataflow,IMF.FAD:FM_2025_OCT_VINTAGE(1.0.0),R,AUS,G63G_S13_POGDP_PT,A,1999,22.5439547357077,0,,,,,,,M,OL
dataflow,IMF.FAD:FM_2025_OCT_VINTAGE(1.0.0),R,AUS,G63G_S13_POGDP_PT,A,2000,19.4953224260251,0,,,,,,,M,OL
dataflow,IMF.FAD:FM_2025_OCT_VINTAGE(1.0.0),R,AUS,G63G_S13_POGDP_PT,A,2001,17.1056648354732,0,,,,,,,M,OL
dataflow,IMF.FAD:FM_2025_OCT_VINTAGE(1.0.0),R,AUS,G63G_S13_POGDP_PT,A,2002,15.0103786945341,0,,,,,,,M,OL
dataflow,IMF.FAD:FM_2025_OCT_VINTAGE(1.0.0),R,AUS,G63G_S13_POGDP_PT,A,2003,13.1863062177558,0,,,,,,,M,OL
dataflow,IMF.FAD:FM_2025_OCT_VINTAGE(1.0.0),R,AUS,G63G_S13_POGDP_PT,A,2004,11.9072644488376,0,,,,,,,M,OL
dataflow,IMF.FAD:FM_2025_OCT_VINTAGE(1.0.0),R,AUS,G63G_S13_POGDP_PT,A,2005,10.8581118221134,0,,,,,,,M,OL
dataflow,IMF.FAD:FM_2025_OCT_VINTAGE(1.0.0),R,AUS,G63G_S13_POGDP_PT,A,2006,9.93779502648688,0,,,,,,,M,OL
dataflow,IMF.FAD:FM_2025_OCT_VINTAGE(1.0.0),R,AUS,G63G_S13_POGDP_PT,A,2007,9.6654471957317,0,,,,,,,M,OL
dataflow,IMF.FAD:FM_2025_OCT_VINTAGE(1.0.0),R,AUS,G63G_S13_POGDP_PT,A,2008,11.7416619851931,0,,,,,,,M,OL
dataflow,IMF.FAD:FM_2025_OCT_VINTAGE(1.0.0),R,AUS,G63G_S13_POGDP_PT,A,2009,16.6222059524647,0,,,,,,,M,OL
dataflow,IMF.FAD:FM_2025_OCT_VINTAGE(1.0.0),R,AUS,G63G_S13_POGDP_PT,A,2010,20.3495956648115,0,,,,,,,M,OL
dataflow,IMF.FAD:FM_2025_OCT_VINTAGE(1.0.0),R,AUS,G63G_S13_POGDP_PT,A,2011,24.0405146678709,0,,,,,,,M,OL
dataflow,IMF.FAD:FM_2025_OCT_VINTAGE(1.0.0),R,AUS,G63G_S13_POGDP_PT,A,2012,27.5214711542077,0,,,,,,,M,OL
dataflow,IMF.FAD:FM_2025_OCT_VINTAGE(1.0.0),R,AUS,G63G_S13_POGDP_PT,A,2013,30.4665716863509,0,,,,,,,M,OL
dataflow,IMF.FAD:FM_2025_OCT_VINTAGE(1.0.0),R,AUS,G63G_S13_POGDP_PT,A,2014,34.0362716676157,0,,,,,,,M,OL
dataflow,IMF.FAD:FM_2025_OCT_VINTAGE(1.0.0),R,AUS,G63G_S13_POGDP_PT,A,2015,37.726012925829,0,,,,,,,M,OL
dataflow,IMF.FAD:FM_2025_OCT_VINTAGE(1.0.0),R,AUS,G63G_S13_POGDP_PT,A,2016,40.6209477440515,0,,,,,,,M,OL
dataflow,IMF.FAD:FM_2025_OCT_VINTAGE(1.0.0),R,AUS,G63G_S13_POGDP_PT,A,2017,41.1955298516039,0,,,,,,,M,OL
dataflow,IMF.FAD:FM_2025_OCT_VINTAGE(1.0.0),R,AUS,G63G_S13_POGDP_PT,A,2018,41.7581237023167,0,,,,,,,M,OL
dataflow,IMF.FAD:FM_2025_OCT_VINTAGE(1.0.0),R,AUS,G63G_S13_POGDP_PT,A,2019,46.7198476606316,0,,,,,,,M,OL
dataflow,IMF.FAD:FM_2025_OCT_VINTAGE(1.0.0),R,AUS,G63G_S13_POGDP_PT,A,2020,57.0772794613886,0,,,,,,,M,OL
dataflow,IMF.FAD:FM_2025_OCT_VINTAGE(1.0.0),R,AUS,G63G_S13_POGDP_PT,A,2021,55.5157684837357,0,,,,,,,M,OL
dataflow,IMF.FAD:FM_2025_OCT_VINTAGE(1.0.0),R,AUS,G63G_S13_POGDP_PT,A,2022,50.2132675365727,0,,,,,,,M,OL
dataflow,IMF.FAD:FM_2025_OCT_VINTAGE(1.0.0),R,AUS,G63G_S13_POGDP_PT,A,2023,49.5818289631236,0,,,,,,,M,OL
dataflow,IMF.FAD:FM_2025_OCT_VINTAGE(1.0.0),R,AUS,G63G_S13_POGDP_PT,A,2024,50.7152000301466,0,,,,,,,M,OL
dataflow,IMF.FAD:FM_2025_OCT_VINTAGE(1.0.0),R,AUS,G63G_S13_POGDP_PT,A,2025,51.0373170957193,0,,,,,,,M,OL
dataflow,IMF.FAD:FM_2025_OCT_VINTAGE(1.0.0),R,AUS,G63G_S13_POGDP_PT,A,2026,50.7327024222338,0,,,,,,,M,OL
dataflow,IMF.FAD:FM_2025_OCT_VINTAGE(1.0.0),R,AUS,G63G_S13_POGDP_PT,A,2027,50.5114145359274,0,,,,,,,M,OL
dataflow,IMF.FAD:FM_2025_OCT_VINTAGE(1.0.0),R,AUS,G63G_S13_POGDP_PT,A,2028,50.1628286113921,0,,,,,,,M,OL
dataflow,IMF.FAD:FM_2025_OCT_VINTAGE(1.0.0),R,AUS,G63G_S13_POGDP_PT,A,2029,49.761019754345,0,,,,,,,M,OL
dataflow,IMF.FAD:FM_2025_OCT_VINTAGE(1.0.0),R,AUS,G63G_S13_POGDP_PT,A,2030,49.3588739214858,0,,,,,,,M,OL
dataflow,IMF.FAD:FM_2025_OCT_VINTAGE(1.0.0),R,AUS,G63N_S13_POGDP_PT,A,1991,12.5954519258477,0,,,,,,,M,OL
dataflow,IMF.FAD:FM_2025_OCT_VINTAGE(1.0.0),R,AUS,G63N_S13_POGDP_PT,A,1992,18.2165739111536,0,,,,,,,M,OL
dataflow,IMF.FAD:FM_2025_OCT_VINTAGE(1.0.0),R,AUS,G63N_S13_POGDP_PT,A,1993,22.0519425666386,0,,,,,,,M,OL
dataflow,IMF.FAD:FM_2025_OCT_VINTAGE(1.0.0),R,AUS,G63N_S13_POGDP_PT,A,1994,23.2324027065751,0,,,,,,,M,OL
dataflow,IMF.FAD:FM_2025_OCT_VINTAGE(1.0.0),R,AUS,G63N_S13_POGDP_PT,A,1995,23.0748775504219,0,,,,,,,M,OL
dataflow,IMF.FAD:FM_2025_OCT_VINTAGE(1.0.0),R,AUS,G63N_S13_POGDP_PT,A,1996,21.3209279515634,0,,,,,,,M,OL
dataflow,IMF.FAD:FM_2025_OCT_VINTAGE(1.0.0),R,AUS,G63N_S13_POGDP_PT,A,1997,18.1789469092178,0,,,,,,,M,OL
dataflow,IMF.FAD:FM_2025_OCT_VINTAGE(1.0.0),R,AUS,G63N_S13_POGDP_PT,A,1998,14.6272936347408,0,,,,,,,M,OL
dataflow,IMF.FAD:FM_2025_OCT_VINTAGE(1.0.0),R,AUS,G63N_S13_POGDP_PT,A,1999,11.0268271134615,0,,,,,,,M,OL
dataflow,IMF.FAD:FM_2025_OCT_VINTAGE(1.0.0),R,AUS,G63N_S13_POGDP_PT,A,2000,7.12138999082087,0,,,,,,,M,OL
dataflow,IMF.FAD:FM_2025_OCT_VINTAGE(1.0.0),R,AUS,G63N_S13_POGDP_PT,A,2001,4.68330118591793,0,,,,,,,M,OL
dataflow,IMF.FAD:FM_2025_OCT_VINTAGE(1.0.0),R,AUS,G63N_S13_POGDP_PT,A,2002,2.7577034965464,0,,,,,,,M,OL
dataflow,IMF.FAD:FM_2025_OCT_VINTAGE(1.0.0),R,AUS,G63N_S13_POGDP_PT,A,2003,0.752661749702176,0,,,,,,,M,OL
dataflow,IMF.FAD:FM_2025_OCT_VINTAGE(1.0.0),R,AUS,G63N_S13_POGDP_PT,A,2004,-1.22673113220206,0,,,,,,,M,OL
dataflow,IMF.FAD:FM_2025_OCT_VINTAGE(1.0.0),R,AUS,G63N_S13_POGDP_PT,A,2005,-3.80166146378901,0,,,,,,,M,OL
dataflow,IMF.FAD:FM_2025_OCT_VINTAGE(1.0.0),R,AUS,G63N_S13_POGDP_PT,A,2006,-6.30473225129309,0,,,,,,,M,OL
dataflow,IMF.FAD:FM_2025_OCT_VINTAGE(1.0.0),R,AUS,G63N_S13_POGDP_PT,A,2007,-7.25769083102016,0,,,,,,,M,OL
dataflow,IMF.FAD:FM_2025_OCT_VINTAGE(1.0.0),R,AUS,G63N_S13_POGDP_PT,A,2008,-5.29264201864063,0,,,,,,,M,OL
dataflow,IMF.FAD:FM_2025_OCT_VINTAGE(1.0.0),R,AUS,G63N_S13_POGDP_PT,A,2009,1.22404009528877,0,,,,,,,M,OL
dataflow,IMF.FAD:FM_2025_OCT_VINTAGE(1.0.0),R,AUS,G63N_S13_POGDP_PT,A,2010,6.3024840559869,0,,,,,,,M,OL
dataflow,IMF.FAD:FM_2025_OCT_VINTAGE(1.0.0),R,AUS,G63N_S13_POGDP_PT,A,2011,10.5688972074139,0,,,,,,,M,OL
dataflow,IMF.FAD:FM_2025_OCT_VINTAGE(1.0.0),R,AUS,G63N_S13_POGDP_PT,A,2012,13.7887062949288,0,,,,,,,M,OL
dataflow,IMF.FAD:FM_2025_OCT_VINTAGE(1.0.0),R,AUS,G63N_S13_POGDP_PT,A,2013,16.0208238820273,0,,,,,,,M,OL
dataflow,IMF.FAD:FM_2025_OCT_VINTAGE(1.0.0),R,AUS,G63N_S13_POGDP_PT,A,2014,19.0567829852409,0,,,,,,,M,OL
dataflow,IMF.FAD:FM_2025_OCT_VINTAGE(1.0.0),R,AUS,G63N_S13_POGDP_PT,A,2015,22.0907125796275,0,,,,,,,M,OL
dataflow,IMF.FAD:FM_2025_OCT_VINTAGE(1.0.0),R,AUS,G63N_S13_POGDP_PT,A,2016,23.385033319449,0,,,,,,,M,OL
dataflow,IMF.FAD:FM_2025_OCT_VINTAGE(1.0.0),R,AUS,G63N_S13_POGDP_PT,A,2017,23.3167406269067,0,,,,,,,M,OL
dataflow,IMF.FAD:FM_2025_OCT_VINTAGE(1.0.0),R,AUS,G63N_S13_POGDP_PT,A,2018,24.1013419095036,0,,,,,,,M,OL
dataflow,IMF.FAD:FM_2025_OCT_VINTAGE(1.0.0),R,AUS,G63N_S13_POGDP_PT,A,2019,27.8677003216544,0,,,,,,,M,OL
dataflow,IMF.FAD:FM_2025_OCT_VINTAGE(1.0.0),R,AUS,G63N_S13_POGDP_PT,A,2020,36.0649308799656,0,,,,,,,M,OL
dataflow,IMF.FAD:FM_2025_OCT_VINTAGE(1.0.0),R,AUS,G63N_S13_POGDP_PT,A,2021,35.6085969132254,0,,,,,,,M,OL
dataflow,IMF.FAD:FM_2025_OCT_VINTAGE(1.0.0),R,AUS,G63N_S13_POGDP_PT,A,2022,31.4765967576085,0,,,,,,,M,OL
dataflow,IMF.FAD:FM_2025_OCT_VINTAGE(1.0.0),R,AUS,G63N_S13_POGDP_PT,A,2023,31.1062167407309,0,,,,,,,M,OL
dataflow,IMF.FAD:FM_2025_OCT_VINTAGE(1.0.0),R,AUS,G63N_S13_POGDP_PT,A,2024,32.1740406675384,0,,,,,,,M,OL
dataflow,IMF.FAD:FM_2025_OCT_VINTAGE(1.0.0),R,AUS,G63N_S13_POGDP_PT,A,2025,32.5202755277951,0,,,,,,,M,OL
dataflow,IMF.FAD:FM_2025_OCT_VINTAGE(1.0.0),R,AUS,G63N_S13_POGDP_PT,A,2026,32.3610869941653,0,,,,,,,M,OL
dataflow,IMF.FAD:FM_2025_OCT_VINTAGE(1.0.0),R,AUS,G63N_S13_POGDP_PT,A,2027,32.0147153955008,0,,,,,,,M,OL
dataflow,IMF.FAD:FM_2025_OCT_VINTAGE(1.0.0),R,AUS,G63N_S13_POGDP_PT,A,2028,31.6413114444693,0,,,,,,,M,OL
dataflow,IMF.FAD:FM_2025_OCT_VINTAGE(1.0.0),R,AUS,G63N_S13_POGDP_PT,A,2029,31.3589279857895,0,,,,,,,M,OL
dataflow,IMF.FAD:FM_2025_OCT_VINTAGE(1.0.0),R,AUS,G63N_S13_POGDP_PT,A,2030,30.9455455205048,0,,,,,,,M,OL
dataflow,IMF.FAD:FM_2025_OCT_VINTAGE(1.0.0),R,AUS,GNLB_S13_POGDP_PT,A,1991,-2.78817427982615,0,,,,,,,M,OL
dataflow,IMF.FAD:FM_2025_OCT_VINTAGE(1.0.0),R,AUS,GNLB_S13_POGDP_PT,A,1992,-4.74480859379721,0,,,,,,,M,OL
dataflow,IMF.FAD:FM_2025_OCT_VINTAGE(1.0.0),R,AUS,GNLB_S13_POGDP_PT,A,1993,-4.72668693696233,0,,,,,,,M,OL
dataflow,IMF.FAD:FM_2025_OCT_VINTAGE(1.0.0),R,AUS,GNLB_S13_POGDP_PT,A,1994,-3.79272146526155,0,,,,,,,M,OL
dataflow,IMF.FAD:FM_2025_OCT_VINTAGE(1.0.0),R,AUS,GNLB_S13_POGDP_PT,A,1995,-2.60260482797345,0,,,,,,,M,OL
dataflow,IMF.FAD:FM_2025_OCT_VINTAGE(1.0.0),R,AUS,GNLB_S13_POGDP_PT,A,1996,-1.45592055379656,0,,,,,,,M,OL
dataflow,IMF.FAD:FM_2025_OCT_VINTAGE(1.0.0),R,AUS,GNLB_S13_POGDP_PT,A,1997,-0.493010610945862,0,,,,,,,M,OL
dataflow,IMF.FAD:FM_2025_OCT_VINTAGE(1.0.0),R,AUS,GNLB_S13_POGDP_PT,A,1998,-0.2457238831529,0,,,,,,,M,OL
dataflow,IMF.FAD:FM_2025_OCT_VINTAGE(1.0.0),R,AUS,GNLB_S13_POGDP_PT,A,1999,0.665712522458426,0,,,,,,,M,OL
dataflow,IMF.FAD:FM_2025_OCT_VINTAGE(1.0.0),R,AUS,GNLB_S13_POGDP_PT,A,2000,1.2503836759869,0,,,,,,,M,OL
dataflow,IMF.FAD:FM_2025_OCT_VINTAGE(1.0.0),R,AUS,GNLB_S13_POGDP_PT,A,2001,-0.0302537067635515,0,,,,,,,M,OL
dataflow,IMF.FAD:FM_2025_OCT_VINTAGE(1.0.0),R,AUS,GNLB_S13_POGDP_PT,A,2002,0.192555459551211,0,,,,,,,M,OL
dataflow,IMF.FAD:FM_2025_OCT_VINTAGE(1.0.0),R,AUS,GNLB_S13_POGDP_PT,A,2003,1.05078735272896,0,,,,,,,M,OL
dataflow,IMF.FAD:FM_2025_OCT_VINTAGE(1.0.0),R,AUS,GNLB_S13_POGDP_PT,A,2004,1.32311635104794,0,,,,,,,M,OL
dataflow,IMF.FAD:FM_2025_OCT_VINTAGE(1.0.0),R,AUS,GNLB_S13_POGDP_PT,A,2005,1.70678586614949,0,,,,,,,M,OL
dataflow,IMF.FAD:FM_2025_OCT_VINTAGE(1.0.0),R,AUS,GNLB_S13_POGDP_PT,A,2006,1.77143302219628,0,,,,,,,M,OL
dataflow,IMF.FAD:FM_2025_OCT_VINTAGE(1.0.0),R,AUS,GNLB_S13_POGDP_PT,A,2007,1.47439772993058,0,,,,,,,M,OL
dataflow,IMF.FAD:FM_2025_OCT_VINTAGE(1.0.0),R,AUS,GNLB_S13_POGDP_PT,A,2008,-1.1006859505604,0,,,,,,,M,OL
dataflow,IMF.FAD:FM_2025_OCT_VINTAGE(1.0.0),R,AUS,GNLB_S13_POGDP_PT,A,2009,-4.56286315403305,0,,,,,,,M,OL
dataflow,IMF.FAD:FM_2025_OCT_VINTAGE(1.0.0),R,AUS,GNLB_S13_POGDP_PT,A,2010,-5.11567929337717,0,,,,,,,M,OL
dataflow,IMF.FAD:FM_2025_OCT_VINTAGE(1.0.0),R,AUS,GNLB_S13_POGDP_PT,A,2011,-4.52595645442849,0,,,,,,,M,OL
dataflow,IMF.FAD:FM_2025_OCT_VINTAGE(1.0.0),R,AUS,GNLB_S13_POGDP_PT,A,2012,-3.50877482318746,0,,,,,,,M,OL
dataflow,IMF.FAD:FM_2025_OCT_VINTAGE(1.0.0),R,AUS,GNLB_S13_POGDP_PT,A,2013,-2.8100007136267,0,,,,,,,M,OL
dataflow,IMF.FAD:FM_2025_OCT_VINTAGE(1.0.0),R,AUS,GNLB_S13_POGDP_PT,A,2014,-2.91820813922293,0,,,,,,,M,OL
dataflow,IMF.FAD:FM_2025_OCT_VINTAGE(1.0.0),R,AUS,GNLB_S13_POGDP_PT,A,2015,-2.78647618675847,0,,,,,,,M,OL
dataflow,IMF.FAD:FM_2025_OCT_VINTAGE(1.0.0),R,AUS,GNLB_S13_POGDP_PT,A,2016,-2.42432794043917,0,,,,,,,M,OL
dataflow,IMF.FAD:FM_2025_OCT_VINTAGE(1.0.0),R,AUS,GNLB_S13_POGDP_PT,A,2017,-1.71802799588939,0,,,,,,,M,OL
dataflow,IMF.FAD:FM_2025_OCT_VINTAGE(1.0.0),R,AUS,GNLB_S13_POGDP_PT,A,2018,-1.2588155361435,0,,,,,,,M,OL
dataflow,IMF.FAD:FM_2025_OCT_VINTAGE(1.0.0),R,AUS,GNLB_S13_POGDP_PT,A,2019,-4.41008124632546,0,,,,,,,M,OL
dataflow,IMF.FAD:FM_2025_OCT_VINTAGE(1.0.0),R,AUS,GNLB_S13_POGDP_PT,A,2020,-8.72996370210187,0,,,,,,,M,OL
dataflow,IMF.FAD:FM_2025_OCT_VINTAGE(1.0.0),R,AUS,GNLB_S13_POGDP_PT,A,2021,-6.3678232309887,0,,,,,,,M,OL
dataflow,IMF.FAD:FM_2025_OCT_VINTAGE(1.0.0),R,AUS,GNLB_S13_POGDP_PT,A,2022,-2.21331023035713,0,,,,,,,M,OL
dataflow,IMF.FAD:FM_2025_OCT_VINTAGE(1.0.0),R,AUS,GNLB_S13_POGDP_PT,A,2023,-1.26758214796211,0,,,,,,,M,OL
dataflow,IMF.FAD:FM_2025_OCT_VINTAGE(1.0.0),R,AUS,GNLB_S13_POGDP_PT,A,2024,-2.24971149506687,0,,,,,,,M,OL
dataflow,IMF.FAD:FM_2025_OCT_VINTAGE(1.0.0),R,AUS,GNLB_S13_POGDP_PT,A,2025,-2.7295088951532,0,,,,,,,M,OL
dataflow,IMF.FAD:FM_2025_OCT_VINTAGE(1.0.0),R,AUS,GNLB_S13_POGDP_PT,A,2026,-2.30809315656234,0,,,,,,,M,OL
dataflow,IMF.FAD:FM_2025_OCT_VINTAGE(1.0.0),R,AUS,GNLB_S13_POGDP_PT,A,2027,-1.91618755202878,0,,,,,,,M,OL
dataflow,IMF.FAD:FM_2025_OCT_VINTAGE(1.0.0),R,AUS,GNLB_S13_POGDP_PT,A,2028,-1.77786235089446,0,,,,,,,M,OL
dataflow,IMF.FAD:FM_2025_OCT_VINTAGE(1.0.0),R,AUS,GNLB_S13_POGDP_PT,A,2029,-1.62690743809317,0,,,,,,,M,OL
dataflow,IMF.FAD:FM_2025_OCT_VINTAGE(1.0.0),R,AUS,GNLB_S13_POGDP_PT,A,2030,-1.55290742642414,0,,,,,,,M,OL
dataflow,IMF.FAD:FM_2025_OCT_VINTAGE(1.0.0),R,AUS,GPB_S13_POGDP_PT,A,1991,-0.977973686272579,0,,,,,,,M,OL
dataflow,IMF.FAD:FM_2025_OCT_VINTAGE(1.0.0),R,AUS,GPB_S13_POGDP_PT,A,1992,-3.11520945021538,0,,,,,,,M,OL
dataflow,IMF.FAD:FM_2025_OCT_VINTAGE(1.0.0),R,AUS,GPB_S13_POGDP_PT,A,1993,-2.8978519049877,0,,,,,,,M,OL
dataflow,IMF.FAD:FM_2025_OCT_VINTAGE(1.0.0),R,AUS,GPB_S13_POGDP_PT,A,1994,-1.78328820619063,0,,,,,,,M,OL
dataflow,IMF.FAD:FM_2025_OCT_VINTAGE(1.0.0),R,AUS,GPB_S13_POGDP_PT,A,1995,-0.498231838248464,0,,,,,,,M,OL
dataflow,IMF.FAD:FM_2025_OCT_VINTAGE(1.0.0),R,AUS,GPB_S13_POGDP_PT,A,1996,0.568142912397142,0,,,,,,,M,OL
dataflow,IMF.FAD:FM_2025_OCT_VINTAGE(1.0.0),R,AUS,GPB_S13_POGDP_PT,A,1997,1.22037768901487,0,,,,,,,M,OL
dataflow,IMF.FAD:FM_2025_OCT_VINTAGE(1.0.0),R,AUS,GPB_S13_POGDP_PT,A,1998,1.14241801286349,0,,,,,,,M,OL
dataflow,IMF.FAD:FM_2025_OCT_VINTAGE(1.0.0),R,AUS,GPB_S13_POGDP_PT,A,1999,1.64623521726281,0,,,,,,,M,OL
dataflow,IMF.FAD:FM_2025_OCT_VINTAGE(1.0.0),R,AUS,GPB_S13_POGDP_PT,A,2000,1.92623529120826,0,,,,,,,M,OL
dataflow,IMF.FAD:FM_2025_OCT_VINTAGE(1.0.0),R,AUS,GPB_S13_POGDP_PT,A,2001,0.687210895715062,0,,,,,,,M,OL
dataflow,IMF.FAD:FM_2025_OCT_VINTAGE(1.0.0),R,AUS,GPB_S13_POGDP_PT,A,2002,0.851129641653842,0,,,,,,,M,OL
dataflow,IMF.FAD:FM_2025_OCT_VINTAGE(1.0.0),R,AUS,GPB_S13_POGDP_PT,A,2003,1.34282998890611,0,,,,,,,M,OL
dataflow,IMF.FAD:FM_2025_OCT_VINTAGE(1.0.0),R,AUS,GPB_S13_POGDP_PT,A,2004,1.31232612643236,0,,,,,,,M,OL
dataflow,IMF.FAD:FM_2025_OCT_VINTAGE(1.0.0),R,AUS,GPB_S13_POGDP_PT,A,2005,1.56355980543657,0,,,,,,,M,OL
dataflow,IMF.FAD:FM_2025_OCT_VINTAGE(1.0.0),R,AUS,GPB_S13_POGDP_PT,A,2006,1.46689885754013,0,,,,,,,M,OL
dataflow,IMF.FAD:FM_2025_OCT_VINTAGE(1.0.0),R,AUS,GPB_S13_POGDP_PT,A,2007,1.28273926416918,0,,,,,,,M,OL
dataflow,IMF.FAD:FM_2025_OCT_VINTAGE(1.0.0),R,AUS,GPB_S13_POGDP_PT,A,2008,-1.13189127756471,0,,,,,,,M,OL
dataflow,IMF.FAD:FM_2025_OCT_VINTAGE(1.0.0),R,AUS,GPB_S13_POGDP_PT,A,2009,-4.52463537338698,0,,,,,,,M,OL
dataflow,IMF.FAD:FM_2025_OCT_VINTAGE(1.0.0),R,AUS,GPB_S13_POGDP_PT,A,2010,-4.88111797910092,0,,,,,,,M,OL
dataflow,IMF.FAD:FM_2025_OCT_VINTAGE(1.0.0),R,AUS,GPB_S13_POGDP_PT,A,2011,-4.08422779045763,0,,,,,,,M,OL
dataflow,IMF.FAD:FM_2025_OCT_VINTAGE(1.0.0),R,AUS,GPB_S13_POGDP_PT,A,2012,-2.86600904694397,0,,,,,,,M,OL
dataflow,IMF.FAD:FM_2025_OCT_VINTAGE(1.0.0),R,AUS,GPB_S13_POGDP_PT,A,2013,-2.07349972729265,0,,,,,,,M,OL
dataflow,IMF.FAD:FM_2025_OCT_VINTAGE(1.0.0),R,AUS,GPB_S13_POGDP_PT,A,2014,-2.07907498635367,0,,,,,,,M,OL
dataflow,IMF.FAD:FM_2025_OCT_VINTAGE(1.0.0),R,AUS,GPB_S13_POGDP_PT,A,2015,-1.87004272013311,0,,,,,,,M,OL
dataflow,IMF.FAD:FM_2025_OCT_VINTAGE(1.0.0),R,AUS,GPB_S13_POGDP_PT,A,2016,-1.52165985116861,0,,,,,,,M,OL
dataflow,IMF.FAD:FM_2025_OCT_VINTAGE(1.0.0),R,AUS,GPB_S13_POGDP_PT,A,2017,-0.848021283671433,0,,,,,,,M,OL
dataflow,IMF.FAD:FM_2025_OCT_VINTAGE(1.0.0),R,AUS,GPB_S13_POGDP_PT,A,2018,-0.412724674421048,0,,,,,,,M,OL
dataflow,IMF.FAD:FM_2025_OCT_VINTAGE(1.0.0),R,AUS,GPB_S13_POGDP_PT,A,2019,-3.58670722628777,0,,,,,,,M,OL
dataflow,IMF.FAD:FM_2025_OCT_VINTAGE(1.0.0),R,AUS,GPB_S13_POGDP_PT,A,2020,-7.82971097469281,0,,,,,,,M,OL
dataflow,IMF.FAD:FM_2025_OCT_VINTAGE(1.0.0),R,AUS,GPB_S13_POGDP_PT,A,2021,-5.52096698475137,0,,,,,,,M,OL
dataflow,IMF.FAD:FM_2025_OCT_VINTAGE(1.0.0),R,AUS,GPB_S13_POGDP_PT,A,2022,-1.46574609200833,0,,,,,,,M,OL
dataflow,IMF.FAD:FM_2025_OCT_VINTAGE(1.0.0),R,AUS,GPB_S13_POGDP_PT,A,2023,-0.535945003964593,0,,,,,,,M,OL
dataflow,IMF.FAD:FM_2025_OCT_VINTAGE(1.0.0),R,AUS,GPB_S13_POGDP_PT,A,2024,-1.3665952620285,0,,,,,,,M,OL
dataflow,IMF.FAD:FM_2025_OCT_VINTAGE(1.0.0),R,AUS,GPB_S13_POGDP_PT,A,2025,-1.71310211661194,0,,,,,,,M,OL
dataflow,IMF.FAD:FM_2025_OCT_VINTAGE(1.0.0),R,AUS,GPB_S13_POGDP_PT,A,2026,-1.30771946226189,0,,,,,,,M,OL
dataflow,IMF.FAD:FM_2025_OCT_VINTAGE(1.0.0),R,AUS,GPB_S13_POGDP_PT,A,2027,-0.954067276918833,0,,,,,,,M,OL
dataflow,IMF.FAD:FM_2025_OCT_VINTAGE(1.0.0),R,AUS,GPB_S13_POGDP_PT,A,2028,-0.843590490570393,0,,,,,,,M,OL
dataflow,IMF.FAD:FM_2025_OCT_VINTAGE(1.0.0),R,AUS,GPB_S13_POGDP_PT,A,2029,-0.702574763688079,0,,,,,,,M,OL
dataflow,IMF.FAD:FM_2025_OCT_VINTAGE(1.0.0),R,AUS,GPB_S13_POGDP_PT,A,2030,-0.641365692418405,0,,,,,,,M,OL
dataflow,IMF.FAD:FM_2025_OCT_VINTAGE(1.0.0),R,CAN,G1_S13_POGDP_PT,A,1991,43.0781748514121,0,,,,,,,M,OL
dataflow,IMF.FAD:FM_2025_OCT_VINTAGE(1.0.0),R,CAN,G1_S13_POGDP_PT,A,1992,43.3078242181628,0,,,,,,,M,OL
dataflow,IMF.FAD:FM_2025_OCT_VINTAGE(1.0.0),R,CAN,G1_S13_POGDP_PT,A,1993,42.5426049847598,0,,,,,,,M,OL
dataflow,IMF.FAD:FM_2025_OCT_VINTAGE(1.0.0),R,CAN,G1_S13_POGDP_PT,A,1994,42.0763612855,0,,,,,,,M,OL
dataflow,IMF.FAD:FM_2025_OCT_VINTAGE(1.0.0),R,CAN,G1_S13_POGDP_PT,A,1995,42.2449649539874,0,,,,,,,M,OL
dataflow,IMF.FAD:FM_2025_OCT_VINTAGE(1.0.0),R,CAN,G1_S13_POGDP_PT,A,1996,42.8109379252274,0,,,,,,,M,OL
dataflow,IMF.FAD:FM_2025_OCT_VINTAGE(1.0.0),R,CAN,G1_S13_POGDP_PT,A,1997,43.5020056763176,0,,,,,,,M,OL
dataflow,IMF.FAD:FM_2025_OCT_VINTAGE(1.0.0),R,CAN,G1_S13_POGDP_PT,A,1998,43.5487609351144,0,,,,,,,M,OL
dataflow,IMF.FAD:FM_2025_OCT_VINTAGE(1.0.0),R,CAN,G1_S13_POGDP_PT,A,1999,43.4289388021156,0,,,,,,,M,OL
dataflow,IMF.FAD:FM_2025_OCT_VINTAGE(1.0.0),R,CAN,G1_S13_POGDP_PT,A,2000,43.1973173512369,0,,,,,,,M,OL
dataflow,IMF.FAD:FM_2025_OCT_VINTAGE(1.0.0),R,CAN,G1_S13_POGDP_PT,A,2001,41.6316381298038,0,,,,,,,M,OL
dataflow,IMF.FAD:FM_2025_OCT_VINTAGE(1.0.0),R,CAN,G1_S13_POGDP_PT,A,2002,40.1599572419732,0,,,,,,,M,OL
dataflow,IMF.FAD:FM_2025_OCT_VINTAGE(1.0.0),R,CAN,G1_S13_POGDP_PT,A,2003,40.1487311784766,0,,,,,,,M,OL
dataflow,IMF.FAD:FM_2025_OCT_VINTAGE(1.0.0),R,CAN,G1_S13_POGDP_PT,A,2004,39.9023456070122,0,,,,,,,M,OL
dataflow,IMF.FAD:FM_2025_OCT_VINTAGE(1.0.0),R,CAN,G1_S13_POGDP_PT,A,2005,40.0737202709642,0,,,,,,,M,OL
dataflow,IMF.FAD:FM_2025_OCT_VINTAGE(1.0.0),R,CAN,G1_S13_POGDP_PT,A,2006,40.4883990688252,0,,,,,,,M,OL
dataflow,IMF.FAD:FM_2025_OCT_VINTAGE(1.0.0),R,CAN,G1_S13_POGDP_PT,A,2007,40.3387039421016,0,,,,,,,M,OL
dataflow,IMF.FAD:FM_2025_OCT_VINTAGE(1.0.0),R,CAN,G1_S13_POGDP_PT,A,2008,38.9598084778832,0,,,,,,,M,OL
dataflow,IMF.FAD:FM_2025_OCT_VINTAGE(1.0.0),R,CAN,G1_S13_POGDP_PT,A,2009,39.5393977346637,0,,,,,,,M,OL
dataflow,IMF.FAD:FM_2025_OCT_VINTAGE(1.0.0),R,CAN,G1_S13_POGDP_PT,A,2010,38.3263867547634,0,,,,,,,M,OL
dataflow,IMF.FAD:FM_2025_OCT_VINTAGE(1.0.0),R,CAN,G1_S13_POGDP_PT,A,2011,38.2665102648553,0,,,,,,,M,OL
dataflow,IMF.FAD:FM_2025_OCT_VINTAGE(1.0.0),R,CAN,G1_S13_POGDP_PT,A,2012,38.4016865139632,0,,,,,,,M,OL
dataflow,IMF.FAD:FM_2025_OCT_VINTAGE(1.0.0),R,CAN,G1_S13_POGDP_PT,A,2013,38.466035167883,0,,,,,,,M,OL
dataflow,IMF.FAD:FM_2025_OCT_VINTAGE(1.0.0),R,CAN,G1_S13_POGDP_PT,A,2014,38.5453792624986,0,,,,,,,M,OL
dataflow,IMF.FAD:FM_2025_OCT_VINTAGE(1.0.0),R,CAN,G1_S13_POGDP_PT,A,2015,39.9565724379673,0,,,,,,,M,OL
dataflow,IMF.FAD:FM_2025_OCT_VINTAGE(1.0.0),R,CAN,G1_S13_POGDP_PT,A,2016,40.3000688706934,0,,,,,,,M,OL
dataflow,IMF.FAD:FM_2025_OCT_VINTAGE(1.0.0),R,CAN,G1_S13_POGDP_PT,A,2017,40.3429626920161,0,,,,,,,M,OL
dataflow,IMF.FAD:FM_2025_OCT_VINTAGE(1.0.0),R,CAN,G1_S13_POGDP_PT,A,2018,41.0222416048844,0,,,,,,,M,OL
dataflow,IMF.FAD:FM_2025_OCT_VINTAGE(1.0.0),R,CAN,G1_S13_POGDP_PT,A,2019,40.5723552805781,0,,,,,,,M,OL
dataflow,IMF.FAD:FM_2025_OCT_VINTAGE(1.0.0),R,CAN,G1_S13_POGDP_PT,A,2020,41.4132771184498,0,,,,,,,M,OL
dataflow,IMF.FAD:FM_2025_OCT_VINTAGE(1.0.0),R,CAN,G1_S13_POGDP_PT,A,2021,42.4135328324036,0,,,,,,,M,OL
dataflow,IMF.FAD:FM_2025_OCT_VINTAGE(1.0.0),R,CAN,G1_S13_POGDP_PT,A,2022,41.1893270289799,0,,,,,,,M,OL
dataflow,IMF.FAD:FM_2025_OCT_VINTAGE(1.0.0),R,CAN,G1_S13_POGDP_PT,A,2023,42.1675227775486,0,,,,,,,M,OL
dataflow,IMF.FAD:FM_2025_OCT_VINTAGE(1.0.0),R,CAN,G1_S13_POGDP_PT,A,2024,42.701342882605,0,,,,,,,M,OL
dataflow,IMF.FAD:FM_2025_OCT_VINTAGE(1.0.0),R,CAN,G1_S13_POGDP_PT,A,2025,42.4472581739523,0,,,,,,,M,OL
dataflow,IMF.FAD:FM_2025_OCT_VINTAGE(1.0.0),R,CAN,G1_S13_POGDP_PT,A,2026,42.0979355747212,0,,,,,,,M,OL
dataflow,IMF.FAD:FM_2025_OCT_VINTAGE(1.0.0),R,CAN,G1_S13_POGDP_PT,A,2027,41.9270598498112,0,,,,,,,M,OL
dataflow,IMF.FAD:FM_2025_OCT_VINTAGE(1.0.0),R,CAN,G1_S13_POGDP_PT,A,2028,41.8527405788497,0,,,,,,,M,OL
dataflow,IMF.FAD:FM_2025_OCT_VINTAGE(1.0.0),R,CAN,G1_S13_POGDP_PT,A,2029,41.7344250062283,0,,,,,,,M,OL
dataflow,IMF.FAD:FM_2025_OCT_VINTAGE(1.0.0),R,CAN,G1_S13_POGDP_PT,A,2030,41.7157837462131,0,,,,,,,M,OL
dataflow,IMF.FAD:FM_2025_OCT_VINTAGE(1.0.0),R,CAN,G63G_S13_POGDP_PT,A,1991,81.6581715170005,0,,,,,,,M,OL
dataflow,IMF.FAD:FM_2025_OCT_VINTAGE(1.0.0),R,CAN,G63G_S13_POGDP_PT,A,1992,88.2299884749651,0,,,,,,,M,OL
dataflow,IMF.FAD:FM_2025_OCT_VINTAGE(1.0.0),R,CAN,G63G_S13_POGDP_PT,A,1993,94.7302476316434,0,,,,,,,M,OL
dataflow,IMF.FAD:FM_2025_OCT_VINTAGE(1.0.0),R,CAN,G63G_S13_POGDP_PT,A,1994,97.4804664811382,0,,,,,,,M,OL
dataflow,IMF.FAD:FM_2025_OCT_VINTAGE(1.0.0),R,CAN,G63G_S13_POGDP_PT,A,1995,100.084172958595,0,,,,,,,M,OL
dataflow,IMF.FAD:FM_2025_OCT_VINTAGE(1.0.0),R,CAN,G63G_S13_POGDP_PT,A,1996,100.243884284641,0,,,,,,,M,OL
dataflow,IMF.FAD:FM_2025_OCT_VINTAGE(1.0.0),R,CAN,G63G_S13_POGDP_PT,A,1997,95.2724919122398,0,,,,,,,M,OL
dataflow,IMF.FAD:FM_2025_OCT_VINTAGE(1.0.0),R,CAN,G63G_S13_POGDP_PT,A,1998,93.2901882732194,0,,,,,,,M,OL
dataflow,IMF.FAD:FM_2025_OCT_VINTAGE(1.0.0),R,CAN,G63G_S13_POGDP_PT,A,1999,88.9656691407215,0,,,,,,,M,OL
dataflow,IMF.FAD:FM_2025_OCT_VINTAGE(1.0.0),R,CAN,G63G_S13_POGDP_PT,A,2000,80.436608499816,0,,,,,,,M,OL
dataflow,IMF.FAD:FM_2025_OCT_VINTAGE(1.0.0),R,CAN,G63G_S13_POGDP_PT,A,2001,81.4620333181016,0,,,,,,,M,OL
dataflow,IMF.FAD:FM_2025_OCT_VINTAGE(1.0.0),R,CAN,G63G_S13_POGDP_PT,A,2002,79.6040693846162,0,,,,,,,M,OL
dataflow,IMF.FAD:FM_2025_OCT_VINTAGE(1.0.0),R,CAN,G63G_S13_POGDP_PT,A,2003,75.9117973583519,0,,,,,,,M,OL
dataflow,IMF.FAD:FM_2025_OCT_VINTAGE(1.0.0),R,CAN,G63G_S13_POGDP_PT,A,2004,71.8893998866538,0,,,,,,,M,OL
dataflow,IMF.FAD:FM_2025_OCT_VINTAGE(1.0.0),R,CAN,G63G_S13_POGDP_PT,A,2005,70.6404096821165,0,,,,,,,M,OL
dataflow,IMF.FAD:FM_2025_OCT_VINTAGE(1.0.0),R,CAN,G63G_S13_POGDP_PT,A,2006,69.9198318326023,0,,,,,,,M,OL
dataflow,IMF.FAD:FM_2025_OCT_VINTAGE(1.0.0),R,CAN,G63G_S13_POGDP_PT,A,2007,67.1813526480023,0,,,,,,,M,OL
dataflow,IMF.FAD:FM_2025_OCT_VINTAGE(1.0.0),R,CAN,G63G_S13_POGDP_PT,A,2008,70.3553502900652,0,,,,,,,M,OL
dataflow,IMF.FAD:FM_2025_OCT_VINTAGE(1.0.0),R,CAN,G63G_S13_POGDP_PT,A,2009,81.8041231208642,0,,,,,,,M,OL
dataflow,IMF.FAD:FM_2025_OCT_VINTAGE(1.0.0),R,CAN,G63G_S13_POGDP_PT,A,2010,83.9762119698832,0,,,,,,,M,OL
dataflow,IMF.FAD:FM_2025_OCT_VINTAGE(1.0.0),R,CAN,G63G_S13_POGDP_PT,A,2011,84.2862964843977,0,,,,,,,M,OL
dataflow,IMF.FAD:FM_2025_OCT_VINTAGE(1.0.0),R,CAN,G63G_S13_POGDP_PT,A,2012,87.1509483630974,0,,,,,,,M,OL
dataflow,IMF.FAD:FM_2025_OCT_VINTAGE(1.0.0),R,CAN,G63G_S13_POGDP_PT,A,2013,87.6050796768243,0,,,,,,,M,OL
dataflow,IMF.FAD:FM_2025_OCT_VINTAGE(1.0.0),R,CAN,G63G_S13_POGDP_PT,A,2014,85.5405138508335,0,,,,,,,M,OL
dataflow,IMF.FAD:FM_2025_OCT_VINTAGE(1.0.0),R,CAN,G63G_S13_POGDP_PT,A,2015,92.0288518976448,0,,,,,,,M,OL
dataflow,IMF.FAD:FM_2025_OCT_VINTAGE(1.0.0),R,CAN,G63G_S13_POGDP_PT,A,2016,92.3968235552583,0,,,,,,,M,OL
dataflow,IMF.FAD:FM_2025_OCT_VINTAGE(1.0.0),R,CAN,G63G_S13_POGDP_PT,A,2017,90.9422458039438,0,,,,,,,M,OL
dataflow,IMF.FAD:FM_2025_OCT_VINTAGE(1.0.0),R,CAN,G63G_S13_POGDP_PT,A,2018,90.7761190691849,0,,,,,,,M,OL
dataflow,IMF.FAD:FM_2025_OCT_VINTAGE(1.0.0),R,CAN,G63G_S13_POGDP_PT,A,2019,90.2101650138769,0,,,,,,,M,OL
dataflow,IMF.FAD:FM_2025_OCT_VINTAGE(1.0.0),R,CAN,G63G_S13_POGDP_PT,A,2020,118.065576324899,0,,,,,,,M,OL
dataflow,IMF.FAD:FM_2025_OCT_VINTAGE(1.0.0),R,CAN,G63G_S13_POGDP_PT,A,2021,112.617309286392,0,,,,,,,M,OL
dataflow,IMF.FAD:FM_2025_OCT_VINTAGE(1.0.0),R,CAN,G63G_S13_POGDP_PT,A,2022,104.207384231166,0,,,,,,,M,OL
dataflow,IMF.FAD:FM_2025_OCT_VINTAGE(1.0.0),R,CAN,G63G_S13_POGDP_PT,A,2023,107.710724280032,0,,,,,,,M,OL
dataflow,IMF.FAD:FM_2025_OCT_VINTAGE(1.0.0),R,CAN,G63G_S13_POGDP_PT,A,2024,111.302177554221,0,,,,,,,M,OL
dataflow,IMF.FAD:FM_2025_OCT_VINTAGE(1.0.0),R,CAN,G63G_S13_POGDP_PT,A,2025,113.936652558649,0,,,,,,,M,OL
dataflow,IMF.FAD:FM_2025_OCT_VINTAGE(1.0.0),R,CAN,G63G_S13_POGDP_PT,A,2026,112.951059298137,0,,,,,,,M,OL
dataflow,IMF.FAD:FM_2025_OCT_VINTAGE(1.0.0),R,CAN,G63G_S13_POGDP_PT,A,2027,111.799285381922,0,,,,,,,M,OL
dataflow,IMF.FAD:FM_2025_OCT_VINTAGE(1.0.0),R,CAN,G63G_S13_POGDP_PT,A,2028,110.699059887621,0,,,,,,,M,OL
dataflow,IMF.FAD:FM_2025_OCT_VINTAGE(1.0.0),R,CAN,G63G_S13_POGDP_PT,A,2029,109.732167115706,0,,,,,,,M,OL
dataflow,IMF.FAD:FM_2025_OCT_VINTAGE(1.0.0),R,CAN,G63G_S13_POGDP_PT,A,2030,107.891855535125,0,,,,,,,M,OL
dataflow,IMF.FAD:FM_2025_OCT_VINTAGE(1.0.0),R,CAN,G63N_S13_POGDP_PT,A,1991,50.3028757162216,0,,,,,,,M,OL
dataflow,IMF.FAD:FM_2025_OCT_VINTAGE(1.0.0),R,CAN,G63N_S13_POGDP_PT,A,1992,56.7182045443157,0,,,,,,,M,OL
dataflow,IMF.FAD:FM_2025_OCT_VINTAGE(1.0.0),R,CAN,G63N_S13_POGDP_PT,A,1993,62.0958533513066,0,,,,,,,M,OL
dataflow,IMF.FAD:FM_2025_OCT_VINTAGE(1.0.0),R,CAN,G63N_S13_POGDP_PT,A,1994,66.1558741975726,0,,,,,,,M,OL
dataflow,IMF.FAD:FM_2025_OCT_VINTAGE(1.0.0),R,CAN,G63N_S13_POGDP_PT,A,1995,66.6825392817161,0,,,,,,,M,OL
dataflow,IMF.FAD:FM_2025_OCT_VINTAGE(1.0.0),R,CAN,G63N_S13_POGDP_PT,A,1996,65.8782974388079,0,,,,,,,M,OL
dataflow,IMF.FAD:FM_2025_OCT_VINTAGE(1.0.0),R,CAN,G63N_S13_POGDP_PT,A,1997,61.5235421633077,0,,,,,,,M,OL
dataflow,IMF.FAD:FM_2025_OCT_VINTAGE(1.0.0),R,CAN,G63N_S13_POGDP_PT,A,1998,57.4637339083173,0,,,,,,,M,OL
dataflow,IMF.FAD:FM_2025_OCT_VINTAGE(1.0.0),R,CAN,G63N_S13_POGDP_PT,A,1999,50.5085189701238,0,,,,,,,M,OL
dataflow,IMF.FAD:FM_2025_OCT_VINTAGE(1.0.0),R,CAN,G63N_S13_POGDP_PT,A,2000,42.0112271273725,0,,,,,,,M,OL
dataflow,IMF.FAD:FM_2025_OCT_VINTAGE(1.0.0),R,CAN,G63N_S13_POGDP_PT,A,2001,40.2893556642258,0,,,,,,,M,OL
dataflow,IMF.FAD:FM_2025_OCT_VINTAGE(1.0.0),R,CAN,G63N_S13_POGDP_PT,A,2002,38.9439839690909,0,,,,,,,M,OL
dataflow,IMF.FAD:FM_2025_OCT_VINTAGE(1.0.0),R,CAN,G63N_S13_POGDP_PT,A,2003,35.4323222131633,0,,,,,,,M,OL
dataflow,IMF.FAD:FM_2025_OCT_VINTAGE(1.0.0),R,CAN,G63N_S13_POGDP_PT,A,2004,34.6190962102399,0,,,,,,,M,OL
dataflow,IMF.FAD:FM_2025_OCT_VINTAGE(1.0.0),R,CAN,G63N_S13_POGDP_PT,A,2005,29.3147813363909,0,,,,,,,M,OL
dataflow,IMF.FAD:FM_2025_OCT_VINTAGE(1.0.0),R,CAN,G63N_S13_POGDP_PT,A,2006,24.9794200737136,0,,,,,,,M,OL
dataflow,IMF.FAD:FM_2025_OCT_VINTAGE(1.0.0),R,CAN,G63N_S13_POGDP_PT,A,2007,22.1074109076665,0,,,,,,,M,OL
dataflow,IMF.FAD:FM_2025_OCT_VINTAGE(1.0.0),R,CAN,G63N_S13_POGDP_PT,A,2008,22.7330524712424,0,,,,,,,M,OL
dataflow,IMF.FAD:FM_2025_OCT_VINTAGE(1.0.0),R,CAN,G63N_S13_POGDP_PT,A,2009,26.7497553034555,0,,,,,,,M,OL
dataflow,IMF.FAD:FM_2025_OCT_VINTAGE(1.0.0),R,CAN,G63N_S13_POGDP_PT,A,2010,28.2251171634911,0,,,,,,,M,OL
dataflow,IMF.FAD:FM_2025_OCT_VINTAGE(1.0.0),R,CAN,G63N_S13_POGDP_PT,A,2011,28.8516811409741,0,,,,,,,M,OL
dataflow,IMF.FAD:FM_2025_OCT_VINTAGE(1.0.0),R,CAN,G63N_S13_POGDP_PT,A,2012,28.5363788658172,0,,,,,,,M,OL
dataflow,IMF.FAD:FM_2025_OCT_VINTAGE(1.0.0),R,CAN,G63N_S13_POGDP_PT,A,2013,26.6826547761673,0,,,,,,,M,OL
dataflow,IMF.FAD:FM_2025_OCT_VINTAGE(1.0.0),R,CAN,G63N_S13_POGDP_PT,A,2014,21.6914849781793,0,,,,,,,M,OL
dataflow,IMF.FAD:FM_2025_OCT_VINTAGE(1.0.0),R,CAN,G63N_S13_POGDP_PT,A,2015,18.5352894157626,0,,,,,,,M,OL
dataflow,IMF.FAD:FM_2025_OCT_VINTAGE(1.0.0),R,CAN,G63N_S13_POGDP_PT,A,2016,18.010352820366,0,,,,,,,M,OL
dataflow,IMF.FAD:FM_2025_OCT_VINTAGE(1.0.0),R,CAN,G63N_S13_POGDP_PT,A,2017,12.6838176041662,0,,,,,,,M,OL
dataflow,IMF.FAD:FM_2025_OCT_VINTAGE(1.0.0),R,CAN,G63N_S13_POGDP_PT,A,2018,11.7334138459302,0,,,,,,,M,OL
dataflow,IMF.FAD:FM_2025_OCT_VINTAGE(1.0.0),R,CAN,G63N_S13_POGDP_PT,A,2019,8.68625578815014,0,,,,,,,M,OL
dataflow,IMF.FAD:FM_2025_OCT_VINTAGE(1.0.0),R,CAN,G63N_S13_POGDP_PT,A,2020,16.2818556135548,0,,,,,,,M,OL
dataflow,IMF.FAD:FM_2025_OCT_VINTAGE(1.0.0),R,CAN,G63N_S13_POGDP_PT,A,2021,14.1704964630742,0,,,,,,,M,OL
dataflow,IMF.FAD:FM_2025_OCT_VINTAGE(1.0.0),R,CAN,G63N_S13_POGDP_PT,A,2022,13.6195079517633,0,,,,,,,M,OL
dataflow,IMF.FAD:FM_2025_OCT_VINTAGE(1.0.0),R,CAN,G63N_S13_POGDP_PT,A,2023,14.441357824808,0,,,,,,,M,OL
dataflow,IMF.FAD:FM_2025_OCT_VINTAGE(1.0.0),R,CAN,G63N_S13_POGDP_PT,A,2024,12.4873956253625,0,,,,,,,M,OL
dataflow,IMF.FAD:FM_2025_OCT_VINTAGE(1.0.0),R,CAN,G63N_S13_POGDP_PT,A,2025,13.2757871057447,0,,,,,,,M,OL
dataflow,IMF.FAD:FM_2025_OCT_VINTAGE(1.0.0),R,CAN,G63N_S13_POGDP_PT,A,2026,14.0899662453407,0,,,,,,,M,OL
dataflow,IMF.FAD:FM_2025_OCT_VINTAGE(1.0.0),R,CAN,G63N_S13_POGDP_PT,A,2027,14.7496644754827,0,,,,,,,M,OL
dataflow,IMF.FAD:FM_2025_OCT_VINTAGE(1.0.0),R,CAN,G63N_S13_POGDP_PT,A,2028,15.4584795356233,0,,,,,,,M,OL
dataflow,IMF.FAD:FM_2025_OCT_VINTAGE(1.0.0),R,CAN,G63N_S13_POGDP_PT,A,2029,15.7607479179119,0,,,,,,,M,OL
dataflow,IMF.FAD:FM_2025_OCT_VINTAGE(1.0.0),R,CAN,G63N_S13_POGDP_PT,A,2030,15.8719616146545,0,,,,,,,M,OL
dataflow,IMF.FAD:FM_2025_OCT_VINTAGE(1.0.0),R,CAN,GNLB_S13_POGDP_PT,A,1991,-8.35939826696097,0,,,,,,,M,OL
dataflow,IMF.FAD:FM_2025_OCT_VINTAGE(1.0.0),R,CAN,GNLB_S13_POGDP_PT,A,1992,-9.19914926312156,0,,,,,,,M,OL
dataflow,IMF.FAD:FM_2025_OCT_VINTAGE(1.0.0),R,CAN,GNLB_S13_POGDP_PT,A,1993,-8.93476494470823,0,,,,,,,M,OL
dataflow,IMF.FAD:FM_2025_OCT_VINTAGE(1.0.0),R,CAN,GNLB_S13_POGDP_PT,A,1994,-6.9359775345593,0,,,,,,,M,OL
dataflow,IMF.FAD:FM_2025_OCT_VINTAGE(1.0.0),R,CAN,GNLB_S13_POGDP_PT,A,1995,-5.48964011250317,0,,,,,,,M,OL
dataflow,IMF.FAD:FM_2025_OCT_VINTAGE(1.0.0),R,CAN,GNLB_S13_POGDP_PT,A,1996,-3.05256596040631,0,,,,,,,M,OL
dataflow,IMF.FAD:FM_2025_OCT_VINTAGE(1.0.0),R,CAN,GNLB_S13_POGDP_PT,A,1997,0.0387021653365324,0,,,,,,,M,OL
dataflow,IMF.FAD:FM_2025_OCT_VINTAGE(1.0.0),R,CAN,GNLB_S13_POGDP_PT,A,1998,0.142682776423957,0,,,,,,,M,OL
dataflow,IMF.FAD:FM_2025_OCT_VINTAGE(1.0.0),R,CAN,GNLB_S13_POGDP_PT,A,1999,1.65557624708932,0,,,,,,,M,OL
dataflow,IMF.FAD:FM_2025_OCT_VINTAGE(1.0.0),R,CAN,GNLB_S13_POGDP_PT,A,2000,2.63970396113812,0,,,,,,,M,OL
dataflow,IMF.FAD:FM_2025_OCT_VINTAGE(1.0.0),R,CAN,GNLB_S13_POGDP_PT,A,2001,0.529468967089921,0,,,,,,,M,OL
dataflow,IMF.FAD:FM_2025_OCT_VINTAGE(1.0.0),R,CAN,GNLB_S13_POGDP_PT,A,2002,-0.233895789038062,0,,,,,,,M,OL
dataflow,IMF.FAD:FM_2025_OCT_VINTAGE(1.0.0),R,CAN,GNLB_S13_POGDP_PT,A,2003,-0.126957864812588,0,,,,,,,M,OL
dataflow,IMF.FAD:FM_2025_OCT_VINTAGE(1.0.0),R,CAN,GNLB_S13_POGDP_PT,A,2004,0.767669538252837,0,,,,,,,M,OL
dataflow,IMF.FAD:FM_2025_OCT_VINTAGE(1.0.0),R,CAN,GNLB_S13_POGDP_PT,A,2005,1.55312009791853,0,,,,,,,M,OL
dataflow,IMF.FAD:FM_2025_OCT_VINTAGE(1.0.0),R,CAN,GNLB_S13_POGDP_PT,A,2006,1.82760436294437,0,,,,,,,M,OL
dataflow,IMF.FAD:FM_2025_OCT_VINTAGE(1.0.0),R,CAN,GNLB_S13_POGDP_PT,A,2007,1.81965580691923,0,,,,,,,M,OL
dataflow,IMF.FAD:FM_2025_OCT_VINTAGE(1.0.0),R,CAN,GNLB_S13_POGDP_PT,A,2008,0.184425128889388,0,,,,,,,M,OL
dataflow,IMF.FAD:FM_2025_OCT_VINTAGE(1.0.0),R,CAN,GNLB_S13_POGDP_PT,A,2009,-3.88135176862462,0,,,,,,,M,OL
dataflow,IMF.FAD:FM_2025_OCT_VINTAGE(1.0.0),R,CAN,GNLB_S13_POGDP_PT,A,2010,-4.73755858174554,0,,,,,,,M,OL
dataflow,IMF.FAD:FM_2025_OCT_VINTAGE(1.0.0),R,CAN,GNLB_S13_POGDP_PT,A,2011,-3.30873255346625,0,,,,,,,M,OL
dataflow,IMF.FAD:FM_2025_OCT_VINTAGE(1.0.0),R,CAN,GNLB_S13_POGDP_PT,A,2012,-2.52451700716013,0,,,,,,,M,OL
dataflow,IMF.FAD:FM_2025_OCT_VINTAGE(1.0.0),R,CAN,GNLB_S13_POGDP_PT,A,2013,-1.49470599769641,0,,,,,,,M,OL
dataflow,IMF.FAD:FM_2025_OCT_VINTAGE(1.0.0),R,CAN,GNLB_S13_POGDP_PT,A,2014,0.174896160104426,0,,,,,,,M,OL
dataflow,IMF.FAD:FM_2025_OCT_VINTAGE(1.0.0),R,CAN,GNLB_S13_POGDP_PT,A,2015,-0.061845591002195,0,,,,,,,M,OL
dataflow,IMF.FAD:FM_2025_OCT_VINTAGE(1.0.0),R,CAN,GNLB_S13_POGDP_PT,A,2016,-0.453164225747765,0,,,,,,,M,OL
dataflow,IMF.FAD:FM_2025_OCT_VINTAGE(1.0.0),R,CAN,GNLB_S13_POGDP_PT,A,2017,-0.112442955170904,0,,,,,,,M,OL
dataflow,IMF.FAD:FM_2025_OCT_VINTAGE(1.0.0),R,CAN,GNLB_S13_POGDP_PT,A,2018,0.35989130799423,0,,,,,,,M,OL
dataflow,IMF.FAD:FM_2025_OCT_VINTAGE(1.0.0),R,CAN,GNLB_S13_POGDP_PT,A,2019,-0.0172893498037875,0,,,,,,,M,OL
dataflow,IMF.FAD:FM_2025_OCT_VINTAGE(1.0.0),R,CAN,GNLB_S13_POGDP_PT,A,2020,-10.9490674961394,0,,,,,,,M,OL
dataflow,IMF.FAD:FM_2025_OCT_VINTAGE(1.0.0),R,CAN,GNLB_S13_POGDP_PT,A,2021,-3.05712002990751,0,,,,,,,M,OL
dataflow,IMF.FAD:FM_2025_OCT_VINTAGE(1.0.0),R,CAN,GNLB_S13_POGDP_PT,A,2022,0.555641297256343,0,,,,,,,M,OL
dataflow,IMF.FAD:FM_2025_OCT_VINTAGE(1.0.0),R,CAN,GNLB_S13_POGDP_PT,A,2023,0.0719542165307229,0,,,,,,,M,OL
dataflow,IMF.FAD:FM_2025_OCT_VINTAGE(1.0.0),R,CAN,GNLB_S13_POGDP_PT,A,2024,-2.01399842335466,0,,,,,,,M,OL
dataflow,IMF.FAD:FM_2025_OCT_VINTAGE(1.0.0),R,CAN,GNLB_S13_POGDP_PT,A,2025,-2.21965748956131,0,,,,,,,M,OL
dataflow,IMF.FAD:FM_2025_OCT_VINTAGE(1.0.0),R,CAN,GNLB_S13_POGDP_PT,A,2026,-2.42663556518723,0,,,,,,,M,OL
dataflow,IMF.FAD:FM_2025_OCT_VINTAGE(1.0.0),R,CAN,GNLB_S13_POGDP_PT,A,2027,-2.12955120114392,0,,,,,,,M,OL
dataflow,IMF.FAD:FM_2025_OCT_VINTAGE(1.0.0),R,CAN,GNLB_S13_POGDP_PT,A,2028,-2.04471911059299,0,,,,,,,M,OL
dataflow,IMF.FAD:FM_2025_OCT_VINTAGE(1.0.0),R,CAN,GNLB_S13_POGDP_PT,A,2029,-1.6687596891664,0,,,,,,,M,OL
dataflow,IMF.FAD:FM_2025_OCT_VINTAGE(1.0.0),R,CAN,GNLB_S13_POGDP_PT,A,2030,-1.46152475088499,0,,,,,,,M,OL
dataflow,IMF.FAD:FM_2025_OCT_VINTAGE(1.0.0),R,CAN,GPB_S13_POGDP_PT,A,1991,-3.16640851101425,0,,,,,,,M,OL
dataflow,IMF.FAD:FM_2025_OCT_VINTAGE(1.0.0),R,CAN,GPB_S13_POGDP_PT,A,1992,-3.9734924196449,0,,,,,,,M,OL
dataflow,IMF.FAD:FM_2025_OCT_VINTAGE(1.0.0),R,CAN,GPB_S13_POGDP_PT,A,1993,-3.72605372960108,0,,,,,,,M,OL
dataflow,IMF.FAD:FM_2025_OCT_VINTAGE(1.0.0),R,CAN,GPB_S13_POGDP_PT,A,1994,-1.86685892935609,0,,,,,,,M,OL
dataflow,IMF.FAD:FM_2025_OCT_VINTAGE(1.0.0),R,CAN,GPB_S13_POGDP_PT,A,1995,0.0846539469301521,0,,,,,,,M,OL
dataflow,IMF.FAD:FM_2025_OCT_VINTAGE(1.0.0),R,CAN,GPB_S13_POGDP_PT,A,1996,2.14064575255224,0,,,,,,,M,OL
dataflow,IMF.FAD:FM_2025_OCT_VINTAGE(1.0.0),R,CAN,GPB_S13_POGDP_PT,A,1997,4.71989996978805,0,,,,,,,M,OL
dataflow,IMF.FAD:FM_2025_OCT_VINTAGE(1.0.0),R,CAN,GPB_S13_POGDP_PT,A,1998,4.79784125850036,0,,,,,,,M,OL
dataflow,IMF.FAD:FM_2025_OCT_VINTAGE(1.0.0),R,CAN,GPB_S13_POGDP_PT,A,1999,5.76053622931026,0,,,,,,,M,OL
dataflow,IMF.FAD:FM_2025_OCT_VINTAGE(1.0.0),R,CAN,GPB_S13_POGDP_PT,A,2000,5.65858792066694,0,,,,,,,M,OL
dataflow,IMF.FAD:FM_2025_OCT_VINTAGE(1.0.0),R,CAN,GPB_S13_POGDP_PT,A,2001,3.38012639105739,0,,,,,,,M,OL
dataflow,IMF.FAD:FM_2025_OCT_VINTAGE(1.0.0),R,CAN,GPB_S13_POGDP_PT,A,2002,2.25585451547884,0,,,,,,,M,OL
dataflow,IMF.FAD:FM_2025_OCT_VINTAGE(1.0.0),R,CAN,GPB_S13_POGDP_PT,A,2003,1.64463433664316,0,,,,,,,M,OL
dataflow,IMF.FAD:FM_2025_OCT_VINTAGE(1.0.0),R,CAN,GPB_S13_POGDP_PT,A,2004,2.25846371761979,0,,,,,,,M,OL
dataflow,IMF.FAD:FM_2025_OCT_VINTAGE(1.0.0),R,CAN,GPB_S13_POGDP_PT,A,2005,2.53244606391435,0,,,,,,,M,OL
dataflow,IMF.FAD:FM_2025_OCT_VINTAGE(1.0.0),R,CAN,GPB_S13_POGDP_PT,A,2006,2.41059091115619,0,,,,,,,M,OL
dataflow,IMF.FAD:FM_2025_OCT_VINTAGE(1.0.0),R,CAN,GPB_S13_POGDP_PT,A,2007,2.36799920895554,0,,,,,,,M,OL
dataflow,IMF.FAD:FM_2025_OCT_VINTAGE(1.0.0),R,CAN,GPB_S13_POGDP_PT,A,2008,0.465528613957048,0,,,,,,,M,OL
dataflow,IMF.FAD:FM_2025_OCT_VINTAGE(1.0.0),R,CAN,GPB_S13_POGDP_PT,A,2009,-2.77604888585113,0,,,,,,,M,OL
dataflow,IMF.FAD:FM_2025_OCT_VINTAGE(1.0.0),R,CAN,GPB_S13_POGDP_PT,A,2010,-3.90018774969269,0,,,,,,,M,OL
dataflow,IMF.FAD:FM_2025_OCT_VINTAGE(1.0.0),R,CAN,GPB_S13_POGDP_PT,A,2011,-2.70086237072753,0,,,,,,,M,OL
dataflow,IMF.FAD:FM_2025_OCT_VINTAGE(1.0.0),R,CAN,GPB_S13_POGDP_PT,A,2012,-1.82152921326116,0,,,,,,,M,OL
dataflow,IMF.FAD:FM_2025_OCT_VINTAGE(1.0.0),R,CAN,GPB_S13_POGDP_PT,A,2013,-0.993561824515954,0,,,,,,,M,OL
dataflow,IMF.FAD:FM_2025_OCT_VINTAGE(1.0.0),R,CAN,GPB_S13_POGDP_PT,A,2014,0.450699735024046,0,,,,,,,M,OL
dataflow,IMF.FAD:FM_2025_OCT_VINTAGE(1.0.0),R,CAN,GPB_S13_POGDP_PT,A,2015,0.588261596299513,0,,,,,,,M,OL
dataflow,IMF.FAD:FM_2025_OCT_VINTAGE(1.0.0),R,CAN,GPB_S13_POGDP_PT,A,2016,0.130730893319543,0,,,,,,,M,OL
dataflow,IMF.FAD:FM_2025_OCT_VINTAGE(1.0.0),R,CAN,GPB_S13_POGDP_PT,A,2017,0.0893657553975655,0,,,,,,,M,OL
dataflow,IMF.FAD:FM_2025_OCT_VINTAGE(1.0.0),R,CAN,GPB_S13_POGDP_PT,A,2018,0.462455410558332,0,,,,,,,M,OL
dataflow,IMF.FAD:FM_2025_OCT_VINTAGE(1.0.0),R,CAN,GPB_S13_POGDP_PT,A,2019,0.103606428698895,0,,,,,,,M,OL
dataflow,IMF.FAD:FM_2025_OCT_VINTAGE(1.0.0),R,CAN,GPB_S13_POGDP_PT,A,2020,-10.4547704216161,0,,,,,,,M,OL
dataflow,IMF.FAD:FM_2025_OCT_VINTAGE(1.0.0),R,CAN,GPB_S13_POGDP_PT,A,2021,-3.69991064027466,0,,,,,,,M,OL
dataflow,IMF.FAD:FM_2025_OCT_VINTAGE(1.0.0),R,CAN,GPB_S13_POGDP_PT,A,2022,0.172399278834349,0,,,,,,,M,OL
dataflow,IMF.FAD:FM_2025_OCT_VINTAGE(1.0.0),R,CAN,GPB_S13_POGDP_PT,A,2023,0.287578268531364,0,,,,,,,M,OL
dataflow,IMF.FAD:FM_2025_OCT_VINTAGE(1.0.0),R,CAN,GPB_S13_POGDP_PT,A,2024,-1.87439826113335,0,,,,,,,M,OL
dataflow,IMF.FAD:FM_2025_OCT_VINTAGE(1.0.0),R,CAN,GPB_S13_POGDP_PT,A,2025,-1.86129922943183,0,,,,,,,M,OL
dataflow,IMF.FAD:FM_2025_OCT_VINTAGE(1.0.0),R,CAN,GPB_S13_POGDP_PT,A,2026,-1.97041274852559,0,,,,,,,M,OL
dataflow,IMF.FAD:FM_2025_OCT_VINTAGE(1.0.0),R,CAN,GPB_S13_POGDP_PT,A,2027,-1.5998254199059,0,,,,,,,M,OL
dataflow,IMF.FAD:FM_2025_OCT_VINTAGE(1.0.0),R,CAN,GPB_S13_POGDP_PT,A,2028,-1.45276212995862,0,,,,,,,M,OL
dataflow,IMF.FAD:FM_2025_OCT_VINTAGE(1.0.0),R,CAN,GPB_S13_POGDP_PT,A,2029,-1.08917095873509,0,,,,,,,M,OL
dataflow,IMF.FAD:FM_2025_OCT_VINTAGE(1.0.0),R,CAN,GPB_S13_POGDP_PT,A,2030,-0.879000493537751,0,,,,,,,M,OL
dataflow,IMF.FAD:FM_2025_OCT_VINTAGE(1.0.0),R,DEU,G1_S13_POGDP_PT,A,1992,44.7209469615004,0,,,,,,,M,OL
dataflow,IMF.FAD:FM_2025_OCT_VINTAGE(1.0.0),R,DEU,G1_S13_POGDP_PT,A,1993,45.2113421421011,0,,,,,,,M,OL
dataflow,IMF.FAD:FM_2025_OCT_VINTAGE(1.0.0),R,DEU,G1_S13_POGDP_PT,A,1994,45.7714823560135,0,,,,,,,M,OL
dataflow,IMF.FAD:FM_2025_OCT_VINTAGE(1.0.0),R,DEU,G1_S13_POGDP_PT,A,1995,45.8036875042765,0,,,,,,,M,OL
dataflow,IMF.FAD:FM_2025_OCT_VINTAGE(1.0.0),R,DEU,G1_S13_POGDP_PT,A,1996,45.9183535902435,0,,,,,,,M,OL
dataflow,IMF.FAD:FM_2025_OCT_VINTAGE(1.0.0),R,DEU,G1_S13_POGDP_PT,A,1997,45.7258105511443,0,,,,,,,M,OL
dataflow,IMF.FAD:FM_2025_OCT_VINTAGE(1.0.0),R,DEU,G1_S13_POGDP_PT,A,1998,45.6413705119393,0,,,,,,,M,OL
dataflow,IMF.FAD:FM_2025_OCT_VINTAGE(1.0.0),R,DEU,G1_S13_POGDP_PT,A,1999,46.6203231210645,0,,,,,,,M,OL
dataflow,IMF.FAD:FM_2025_OCT_VINTAGE(1.0.0),R,DEU,G1_S13_POGDP_PT,A,2000,46.3424208559113,0,,,,,,,M,OL
dataflow,IMF.FAD:FM_2025_OCT_VINTAGE(1.0.0),R,DEU,G1_S13_POGDP_PT,A,2001,44.5280638387997,0,,,,,,,M,OL
dataflow,IMF.FAD:FM_2025_OCT_VINTAGE(1.0.0),R,DEU,G1_S13_POGDP_PT,A,2002,44.1578511801957,0,,,,,,,M,OL
dataflow,IMF.FAD:FM_2025_OCT_VINTAGE(1.0.0),R,DEU,G1_S13_POGDP_PT,A,2003,44.6842436440394,0,,,,,,,M,OL
dataflow,IMF.FAD:FM_2025_OCT_VINTAGE(1.0.0),R,DEU,G1_S13_POGDP_PT,A,2004,43.5507012524858,0,,,,,,,M,OL
dataflow,IMF.FAD:FM_2025_OCT_VINTAGE(1.0.0),R,DEU,G1_S13_POGDP_PT,A,2005,43.4962656565092,0,,,,,,,M,OL
dataflow,IMF.FAD:FM_2025_OCT_VINTAGE(1.0.0),R,DEU,G1_S13_POGDP_PT,A,2006,43.5536522434444,0,,,,,,,M,OL
dataflow,IMF.FAD:FM_2025_OCT_VINTAGE(1.0.0),R,DEU,G1_S13_POGDP_PT,A,2007,43.6947235093737,0,,,,,,,M,OL
dataflow,IMF.FAD:FM_2025_OCT_VINTAGE(1.0.0),R,DEU,G1_S13_POGDP_PT,A,2008,44.1617360810727,0,,,,,,,M,OL
dataflow,IMF.FAD:FM_2025_OCT_VINTAGE(1.0.0),R,DEU,G1_S13_POGDP_PT,A,2009,45.1333416199874,0,,,,,,,M,OL
dataflow,IMF.FAD:FM_2025_OCT_VINTAGE(1.0.0),R,DEU,G1_S13_POGDP_PT,A,2010,43.7083502213929,0,,,,,,,M,OL
dataflow,IMF.FAD:FM_2025_OCT_VINTAGE(1.0.0),R,DEU,G1_S13_POGDP_PT,A,2011,44.4495451252498,0,,,,,,,M,OL
dataflow,IMF.FAD:FM_2025_OCT_VINTAGE(1.0.0),R,DEU,G1_S13_POGDP_PT,A,2012,45.0467977479923,0,,,,,,,M,OL
dataflow,IMF.FAD:FM_2025_OCT_VINTAGE(1.0.0),R,DEU,G1_S13_POGDP_PT,A,2013,45.285925595155,0,,,,,,,M,OL
dataflow,IMF.FAD:FM_2025_OCT_VINTAGE(1.0.0),R,DEU,G1_S13_POGDP_PT,A,2014,45.2396572925846,0,,,,,,,M,OL
dataflow,IMF.FAD:FM_2025_OCT_VINTAGE(1.0.0),R,DEU,G1_S13_POGDP_PT,A,2015,45.4006601814689,0,,,,,,,M,OL
dataflow,IMF.FAD:FM_2025_OCT_VINTAGE(1.0.0),R,DEU,G1_S13_POGDP_PT,A,2016,45.8653108872343,0,,,,,,,M,OL
dataflow,IMF.FAD:FM_2025_OCT_VINTAGE(1.0.0),R,DEU,G1_S13_POGDP_PT,A,2017,45.8767637431708,0,,,,,,,M,OL
dataflow,IMF.FAD:FM_2025_OCT_VINTAGE(1.0.0),R,DEU,G1_S13_POGDP_PT,A,2018,46.5341013328364,0,,,,,,,M,OL
dataflow,IMF.FAD:FM_2025_OCT_VINTAGE(1.0.0),R,DEU,G1_S13_POGDP_PT,A,2019,46.8598471141668,0,,,,,,,M,OL
dataflow,IMF.FAD:FM_2025_OCT_VINTAGE(1.0.0),R,DEU,G1_S13_POGDP_PT,A,2020,46.7338120740019,0,,,,,,,M,OL
dataflow,IMF.FAD:FM_2025_OCT_VINTAGE(1.0.0),R,DEU,G1_S13_POGDP_PT,A,2021,47.5021046399844,0,,,,,,,M,OL
dataflow,IMF.FAD:FM_2025_OCT_VINTAGE(1.0.0),R,DEU,G1_S13_POGDP_PT,A,2022,46.700623403578,0,,,,,,,M,OL
dataflow,IMF.FAD:FM_2025_OCT_VINTAGE(1.0.0),R,DEU,G1_S13_POGDP_PT,A,2023,45.6516349829712,0,,,,,,,M,OL
dataflow,IMF.FAD:FM_2025_OCT_VINTAGE(1.0.0),R,DEU,G1_S13_POGDP_PT,A,2024,46.764519042636,0,,,,,,,M,OL
dataflow,IMF.FAD:FM_2025_OCT_VINTAGE(1.0.0),R,DEU,G1_S13_POGDP_PT,A,2025,47.9228638661872,0,,,,,,,M,OL
dataflow,IMF.FAD:FM_2025_OCT_VINTAGE(1.0.0),R,DEU,G1_S13_POGDP_PT,A,2026,48.0416502536553,0,,,,,,,M,OL
dataflow,IMF.FAD:FM_2025_OCT_VINTAGE(1.0.0),R,DEU,G1_S13_POGDP_PT,A,2027,47.9159852699331,0,,,,,,,M,OL
dataflow,IMF.FAD:FM_2025_OCT_VINTAGE(1.0.0),R,DEU,G1_S13_POGDP_PT,A,2028,47.9413745584748,0,,,,,,,M,OL
dataflow,IMF.FAD:FM_2025_OCT_VINTAGE(1.0.0),R,DEU,G1_S13_POGDP_PT,A,2029,48.0553440714067,0,,,,,,,M,OL
dataflow,IMF.FAD:FM_2025_OCT_VINTAGE(1.0.0),R,DEU,G1_S13_POGDP_PT,A,2030,48.1632116526285,0,,,,,,,M,OL
dataflow,IMF.FAD:FM_2025_OCT_VINTAGE(1.0.0),R,DEU,G63G_S13_POGDP_PT,A,1992,41.4245360812684,0,,,,,,,M,OL
dataflow,IMF.FAD:FM_2025_OCT_VINTAGE(1.0.0),R,DEU,G63G_S13_POGDP_PT,A,1993,45.0861529356869,0,,,,,,,M,OL
dataflow,IMF.FAD:FM_2025_OCT_VINTAGE(1.0.0),R,DEU,G63G_S13_POGDP_PT,A,1994,47.4674377863135,0,,,,,,,M,OL
dataflow,IMF.FAD:FM_2025_OCT_VINTAGE(1.0.0),R,DEU,G63G_S13_POGDP_PT,A,1995,54.893338175617,0,,,,,,,M,OL
dataflow,IMF.FAD:FM_2025_OCT_VINTAGE(1.0.0),R,DEU,G63G_S13_POGDP_PT,A,1996,57.7212013108226,0,,,,,,,M,OL
dataflow,IMF.FAD:FM_2025_OCT_VINTAGE(1.0.0),R,DEU,G63G_S13_POGDP_PT,A,1997,58.8257810673146,0,,,,,,,M,OL
dataflow,IMF.FAD:FM_2025_OCT_VINTAGE(1.0.0),R,DEU,G63G_S13_POGDP_PT,A,1998,59.438266141195,0,,,,,,,M,OL
dataflow,IMF.FAD:FM_2025_OCT_VINTAGE(1.0.0),R,DEU,G63G_S13_POGDP_PT,A,1999,60.3492133792918,0,,,,,,,M,OL
dataflow,IMF.FAD:FM_2025_OCT_VINTAGE(1.0.0),R,DEU,G63G_S13_POGDP_PT,A,2000,59.2387986814797,0,,,,,,,M,OL
dataflow,IMF.FAD:FM_2025_OCT_VINTAGE(1.0.0),R,DEU,G63G_S13_POGDP_PT,A,2001,58.0615614453002,0,,,,,,,M,OL
dataflow,IMF.FAD:FM_2025_OCT_VINTAGE(1.0.0),R,DEU,G63G_S13_POGDP_PT,A,2002,59.8231055699482,0,,,,,,,M,OL
dataflow,IMF.FAD:FM_2025_OCT_VINTAGE(1.0.0),R,DEU,G63G_S13_POGDP_PT,A,2003,63.3443263819779,0,,,,,,,M,OL
dataflow,IMF.FAD:FM_2025_OCT_VINTAGE(1.0.0),R,DEU,G63G_S13_POGDP_PT,A,2004,64.9648937654816,0,,,,,,,M,OL
dataflow,IMF.FAD:FM_2025_OCT_VINTAGE(1.0.0),R,DEU,G63G_S13_POGDP_PT,A,2005,67.1201912534237,0,,,,,,,M,OL
dataflow,IMF.FAD:FM_2025_OCT_VINTAGE(1.0.0),R,DEU,G63G_S13_POGDP_PT,A,2006,66.3967224196061,0,,,,,,,M,OL
dataflow,IMF.FAD:FM_2025_OCT_VINTAGE(1.0.0),R,DEU,G63G_S13_POGDP_PT,A,2007,63.6870530481233,0,,,,,,,M,OL
dataflow,IMF.FAD:FM_2025_OCT_VINTAGE(1.0.0),R,DEU,G63G_S13_POGDP_PT,A,2008,65.1703176172527,0,,,,,,,M,OL
dataflow,IMF.FAD:FM_2025_OCT_VINTAGE(1.0.0),R,DEU,G63G_S13_POGDP_PT,A,2009,72.3623780558708,0,,,,,,,M,OL
dataflow,IMF.FAD:FM_2025_OCT_VINTAGE(1.0.0),R,DEU,G63G_S13_POGDP_PT,A,2010,81.0337021940457,0,,,,,,,M,OL
dataflow,IMF.FAD:FM_2025_OCT_VINTAGE(1.0.0),R,DEU,G63G_S13_POGDP_PT,A,2011,78.4836780236702,0,,,,,,,M,OL
dataflow,IMF.FAD:FM_2025_OCT_VINTAGE(1.0.0),R,DEU,G63G_S13_POGDP_PT,A,2012,79.8349218370438,0,,,,,,,M,OL
dataflow,IMF.FAD:FM_2025_OCT_VINTAGE(1.0.0),R,DEU,G63G_S13_POGDP_PT,A,2013,77.4567064832129,0,,,,,,,M,OL
dataflow,IMF.FAD:FM_2025_OCT_VINTAGE(1.0.0),R,DEU,G63G_S13_POGDP_PT,A,2014,74.5378241362788,0,,,,,,,M,OL
dataflow,IMF.FAD:FM_2025_OCT_VINTAGE(1.0.0),R,DEU,G63G_S13_POGDP_PT,A,2015,71.1840830830928,0,,,,,,,M,OL
dataflow,IMF.FAD:FM_2025_OCT_VINTAGE(1.0.0),R,DEU,G63G_S13_POGDP_PT,A,2016,68.3014574941866,0,,,,,,,M,OL
dataflow,IMF.FAD:FM_2025_OCT_VINTAGE(1.0.0),R,DEU,G63G_S13_POGDP_PT,A,2017,63.9878071830813,0,,,,,,,M,OL
dataflow,IMF.FAD:FM_2025_OCT_VINTAGE(1.0.0),R,DEU,G63G_S13_POGDP_PT,A,2018,60.7575356068526,0,,,,,,,M,OL
dataflow,IMF.FAD:FM_2025_OCT_VINTAGE(1.0.0),R,DEU,G63G_S13_POGDP_PT,A,2019,58.6818968246788,0,,,,,,,M,OL
dataflow,IMF.FAD:FM_2025_OCT_VINTAGE(1.0.0),R,DEU,G63G_S13_POGDP_PT,A,2020,68.0367575462512,0,,,,,,,M,OL
dataflow,IMF.FAD:FM_2025_OCT_VINTAGE(1.0.0),R,DEU,G63G_S13_POGDP_PT,A,2021,67.9908970926096,0,,,,,,,M,OL
dataflow,IMF.FAD:FM_2025_OCT_VINTAGE(1.0.0),R,DEU,G63G_S13_POGDP_PT,A,2022,64.4421076906495,0,,,,,,,M,OL
dataflow,IMF.FAD:FM_2025_OCT_VINTAGE(1.0.0),R,DEU,G63G_S13_POGDP_PT,A,2023,62.3823089557297,0,,,,,,,M,OL
dataflow,IMF.FAD:FM_2025_OCT_VINTAGE(1.0.0),R,DEU,G63G_S13_POGDP_PT,A,2024,63.4653970805988,0,,,,,,,M,OL
dataflow,IMF.FAD:FM_2025_OCT_VINTAGE(1.0.0),R,DEU,G63G_S13_POGDP_PT,A,2025,64.4208466491808,0,,,,,,,M,OL
dataflow,IMF.FAD:FM_2025_OCT_VINTAGE(1.0.0),R,DEU,G63G_S13_POGDP_PT,A,2026,66.0000953768724,0,,,,,,,M,OL
dataflow,IMF.FAD:FM_2025_OCT_VINTAGE(1.0.0),R,DEU,G63G_S13_POGDP_PT,A,2027,67.8220161777773,0,,,,,,,M,OL
dataflow,IMF.FAD:FM_2025_OCT_VINTAGE(1.0.0),R,DEU,G63G_S13_POGDP_PT,A,2028,69.6514921447868,0,,,,,,,M,OL
dataflow,IMF.FAD:FM_2025_OCT_VINTAGE(1.0.0),R,DEU,G63G_S13_POGDP_PT,A,2029,71.5624459580965,0,,,,,,,M,OL
dataflow,IMF.FAD:FM_2025_OCT_VINTAGE(1.0.0),R,DEU,G63G_S13_POGDP_PT,A,2030,73.5833930286871,0,,,,,,,M,OL
dataflow,IMF.FAD:FM_2025_OCT_VINTAGE(1.0.0),R,DEU,G63N_S13_POGDP_PT,A,1996,44.2996847388725,0,,,,,,,M,OL
dataflow,IMF.FAD:FM_2025_OCT_VINTAGE(1.0.0),R,DEU,G63N_S13_POGDP_PT,A,1997,45.5443324962637,0,,,,,,,M,OL
dataflow,IMF.FAD:FM_2025_OCT_VINTAGE(1.0.0),R,DEU,G63N_S13_POGDP_PT,A,1998,46.9284629952876,0,,,,,,,M,OL
dataflow,IMF.FAD:FM_2025_OCT_VINTAGE(1.0.0),R,DEU,G63N_S13_POGDP_PT,A,1999,48.1088848664574,0,,,,,,,M,OL
dataflow,IMF.FAD:FM_2025_OCT_VINTAGE(1.0.0),R,DEU,G63N_S13_POGDP_PT,A,2000,44.9522458984063,0,,,,,,,M,OL
dataflow,IMF.FAD:FM_2025_OCT_VINTAGE(1.0.0),R,DEU,G63N_S13_POGDP_PT,A,2001,46.1181127108261,0,,,,,,,M,OL
dataflow,IMF.FAD:FM_2025_OCT_VINTAGE(1.0.0),R,DEU,G63N_S13_POGDP_PT,A,2002,48.6419653137594,0,,,,,,,M,OL
dataflow,IMF.FAD:FM_2025_OCT_VINTAGE(1.0.0),R,DEU,G63N_S13_POGDP_PT,A,2003,52.3587899018658,0,,,,,,,M,OL
dataflow,IMF.FAD:FM_2025_OCT_VINTAGE(1.0.0),R,DEU,G63N_S13_POGDP_PT,A,2004,54.8044517321983,0,,,,,,,M,OL
dataflow,IMF.FAD:FM_2025_OCT_VINTAGE(1.0.0),R,DEU,G63N_S13_POGDP_PT,A,2005,57.1821508270593,0,,,,,,,M,OL
dataflow,IMF.FAD:FM_2025_OCT_VINTAGE(1.0.0),R,DEU,G63N_S13_POGDP_PT,A,2006,55.9155544930714,0,,,,,,,M,OL
dataflow,IMF.FAD:FM_2025_OCT_VINTAGE(1.0.0),R,DEU,G63N_S13_POGDP_PT,A,2007,53.0897404630598,0,,,,,,,M,OL
dataflow,IMF.FAD:FM_2025_OCT_VINTAGE(1.0.0),R,DEU,G63N_S13_POGDP_PT,A,2008,52.8135620713094,0,,,,,,,M,OL
dataflow,IMF.FAD:FM_2025_OCT_VINTAGE(1.0.0),R,DEU,G63N_S13_POGDP_PT,A,2009,59.4465450667009,0,,,,,,,M,OL
dataflow,IMF.FAD:FM_2025_OCT_VINTAGE(1.0.0),R,DEU,G63N_S13_POGDP_PT,A,2010,61.1864212353647,0,,,,,,,M,OL
dataflow,IMF.FAD:FM_2025_OCT_VINTAGE(1.0.0),R,DEU,G63N_S13_POGDP_PT,A,2011,59.4056958546148,0,,,,,,,M,OL
dataflow,IMF.FAD:FM_2025_OCT_VINTAGE(1.0.0),R,DEU,G63N_S13_POGDP_PT,A,2012,58.6994155640022,0,,,,,,,M,OL
dataflow,IMF.FAD:FM_2025_OCT_VINTAGE(1.0.0),R,DEU,G63N_S13_POGDP_PT,A,2013,57.7993567022969,0,,,,,,,M,OL
dataflow,IMF.FAD:FM_2025_OCT_VINTAGE(1.0.0),R,DEU,G63N_S13_POGDP_PT,A,2014,54.3783653378992,0,,,,,,,M,OL
dataflow,IMF.FAD:FM_2025_OCT_VINTAGE(1.0.0),R,DEU,G63N_S13_POGDP_PT,A,2015,51.6323456526176,0,,,,,,,M,OL
dataflow,IMF.FAD:FM_2025_OCT_VINTAGE(1.0.0),R,DEU,G63N_S13_POGDP_PT,A,2016,48.866897637401,0,,,,,,,M,OL
dataflow,IMF.FAD:FM_2025_OCT_VINTAGE(1.0.0),R,DEU,G63N_S13_POGDP_PT,A,2017,44.7028750926312,0,,,,,,,M,OL
dataflow,IMF.FAD:FM_2025_OCT_VINTAGE(1.0.0),R,DEU,G63N_S13_POGDP_PT,A,2018,42.0632900702673,0,,,,,,,M,OL
dataflow,IMF.FAD:FM_2025_OCT_VINTAGE(1.0.0),R,DEU,G63N_S13_POGDP_PT,A,2019,39.817091098245,0,,,,,,,M,OL
dataflow,IMF.FAD:FM_2025_OCT_VINTAGE(1.0.0),R,DEU,G63N_S13_POGDP_PT,A,2020,45.3288299253489,0,,,,,,,M,OL
dataflow,IMF.FAD:FM_2025_OCT_VINTAGE(1.0.0),R,DEU,G63N_S13_POGDP_PT,A,2021,46.2158844647697,0,,,,,,,M,OL
dataflow,IMF.FAD:FM_2025_OCT_VINTAGE(1.0.0),R,DEU,G63N_S13_POGDP_PT,A,2022,45.8936579276531,0,,,,,,,M,OL
dataflow,IMF.FAD:FM_2025_OCT_VINTAGE(1.0.0),R,DEU,G63N_S13_POGDP_PT,A,2023,45.875794857453,0,,,,,,,M,OL
dataflow,IMF.FAD:FM_2025_OCT_VINTAGE(1.0.0),R,DEU,G63N_S13_POGDP_PT,A,2024,47.3770203997718,0,,,,,,,M,OL
dataflow,IMF.FAD:FM_2025_OCT_VINTAGE(1.0.0),R,DEU,G63N_S13_POGDP_PT,A,2025,48.7297274597807,0,,,,,,,M,OL
dataflow,IMF.FAD:FM_2025_OCT_VINTAGE(1.0.0),R,DEU,G63N_S13_POGDP_PT,A,2026,50.7444422917922,0,,,,,,,M,OL
dataflow,IMF.FAD:FM_2025_OCT_VINTAGE(1.0.0),R,DEU,G63N_S13_POGDP_PT,A,2027,53.0774734290141,0,,,,,,,M,OL
dataflow,IMF.FAD:FM_2025_OCT_VINTAGE(1.0.0),R,DEU,G63N_S13_POGDP_PT,A,2028,55.3887650806244,0,,,,,,,M,OL
dataflow,IMF.FAD:FM_2025_OCT_VINTAGE(1.0.0),R,DEU,G63N_S13_POGDP_PT,A,2029,57.7377355072728,0,,,,,,,M,OL
dataflow,IMF.FAD:FM_2025_OCT_VINTAGE(1.0.0),R,DEU,G63N_S13_POGDP_PT,A,2030,60.1506502962398,0,,,,,,,M,OL
dataflow,IMF.FAD:FM_2025_OCT_VINTAGE(1.0.0),R,DEU,GNLB_S13_POGDP_PT,A,1992,-2.63168975782068,0,,,,,,,M,OL
dataflow,IMF.FAD:FM_2025_OCT_VINTAGE(1.0.0),R,DEU,GNLB_S13_POGDP_PT,A,1993,-3.11009821662285,0,,,,,,,M,OL
dataflow,IMF.FAD:FM_2025_OCT_VINTAGE(1.0.0),R,DEU,GNLB_S13_POGDP_PT,A,1994,-2.54224654791569,0,,,,,,,M,OL
dataflow,IMF.FAD:FM_2025_OCT_VINTAGE(1.0.0),R,DEU,GNLB_S13_POGDP_PT,A,1995,-9.43666345602206,0,,,,,,,M,OL
dataflow,IMF.FAD:FM_2025_OCT_VINTAGE(1.0.0),R,DEU,GNLB_S13_POGDP_PT,A,1996,-3.63841415356535,0,,,,,,,M,OL
dataflow,IMF.FAD:FM_2025_OCT_VINTAGE(1.0.0),R,DEU,GNLB_S13_POGDP_PT,A,1997,-3.02722679165099,0,,,,,,,M,OL
dataflow,IMF.FAD:FM_2025_OCT_VINTAGE(1.0.0),R,DEU,GNLB_S13_POGDP_PT,A,1998,-2.64954433296577,0,,,,,,,M,OL
dataflow,IMF.FAD:FM_2025_OCT_VINTAGE(1.0.0),R,DEU,GNLB_S13_POGDP_PT,A,1999,-1.8664670428068,0,,,,,,,M,OL
dataflow,IMF.FAD:FM_2025_OCT_VINTAGE(1.0.0),R,DEU,GNLB_S13_POGDP_PT,A,2000,-1.71431120460543,0,,,,,,,M,OL
dataflow,IMF.FAD:FM_2025_OCT_VINTAGE(1.0.0),R,DEU,GNLB_S13_POGDP_PT,A,2001,-3.12462138982387,0,,,,,,,M,OL
dataflow,IMF.FAD:FM_2025_OCT_VINTAGE(1.0.0),R,DEU,GNLB_S13_POGDP_PT,A,2002,-4.08615788716177,0,,,,,,,M,OL
dataflow,IMF.FAD:FM_2025_OCT_VINTAGE(1.0.0),R,DEU,GNLB_S13_POGDP_PT,A,2003,-3.82950807966762,0,,,,,,,M,OL
dataflow,IMF.FAD:FM_2025_OCT_VINTAGE(1.0.0),R,DEU,GNLB_S13_POGDP_PT,A,2004,-3.42100443079929,0,,,,,,,M,OL
dataflow,IMF.FAD:FM_2025_OCT_VINTAGE(1.0.0),R,DEU,GNLB_S13_POGDP_PT,A,2005,-3.37084159245994,0,,,,,,,M,OL
dataflow,IMF.FAD:FM_2025_OCT_VINTAGE(1.0.0),R,DEU,GNLB_S13_POGDP_PT,A,2006,-1.75518716665705,0,,,,,,,M,OL
dataflow,IMF.FAD:FM_2025_OCT_VINTAGE(1.0.0),R,DEU,GNLB_S13_POGDP_PT,A,2007,0.154864645860704,0,,,,,,,M,OL
dataflow,IMF.FAD:FM_2025_OCT_VINTAGE(1.0.0),R,DEU,GNLB_S13_POGDP_PT,A,2008,-0.262968856207131,0,,,,,,,M,OL
dataflow,IMF.FAD:FM_2025_OCT_VINTAGE(1.0.0),R,DEU,GNLB_S13_POGDP_PT,A,2009,-3.17594036816802,0,,,,,,,M,OL
dataflow,IMF.FAD:FM_2025_OCT_VINTAGE(1.0.0),R,DEU,GNLB_S13_POGDP_PT,A,2010,-4.42097535235502,0,,,,,,,M,OL
dataflow,IMF.FAD:FM_2025_OCT_VINTAGE(1.0.0),R,DEU,GNLB_S13_POGDP_PT,A,2011,-0.839998398200159,0,,,,,,,M,OL
dataflow,IMF.FAD:FM_2025_OCT_VINTAGE(1.0.0),R,DEU,GNLB_S13_POGDP_PT,A,2012,-0.0543354005315653,0,,,,,,,M,OL
dataflow,IMF.FAD:FM_2025_OCT_VINTAGE(1.0.0),R,DEU,GNLB_S13_POGDP_PT,A,2013,0.122519605927828,0,,,,,,,M,OL
dataflow,IMF.FAD:FM_2025_OCT_VINTAGE(1.0.0),R,DEU,GNLB_S13_POGDP_PT,A,2014,0.731520169410314,0,,,,,,,M,OL
dataflow,IMF.FAD:FM_2025_OCT_VINTAGE(1.0.0),R,DEU,GNLB_S13_POGDP_PT,A,2015,0.914762733112409,0,,,,,,,M,OL
dataflow,IMF.FAD:FM_2025_OCT_VINTAGE(1.0.0),R,DEU,GNLB_S13_POGDP_PT,A,2016,1.13410386171801,0,,,,,,,M,OL
dataflow,IMF.FAD:FM_2025_OCT_VINTAGE(1.0.0),R,DEU,GNLB_S13_POGDP_PT,A,2017,1.33721959371278,0,,,,,,,M,OL
dataflow,IMF.FAD:FM_2025_OCT_VINTAGE(1.0.0),R,DEU,GNLB_S13_POGDP_PT,A,2018,1.8831227449964,0,,,,,,,M,OL
dataflow,IMF.FAD:FM_2025_OCT_VINTAGE(1.0.0),R,DEU,GNLB_S13_POGDP_PT,A,2019,1.3272627555636,0,,,,,,,M,OL
dataflow,IMF.FAD:FM_2025_OCT_VINTAGE(1.0.0),R,DEU,GNLB_S13_POGDP_PT,A,2020,-4.37969467241619,0,,,,,,,M,OL
dataflow,IMF.FAD:FM_2025_OCT_VINTAGE(1.0.0),R,DEU,GNLB_S13_POGDP_PT,A,2021,-3.16727950162125,0,,,,,,,M,OL
dataflow,IMF.FAD:FM_2025_OCT_VINTAGE(1.0.0),R,DEU,GNLB_S13_POGDP_PT,A,2022,-1.90851232895255,0,,,,,,,M,OL
dataflow,IMF.FAD:FM_2025_OCT_VINTAGE(1.0.0),R,DEU,GNLB_S13_POGDP_PT,A,2023,-2.49445999464367,0,,,,,,,M,OL
dataflow,IMF.FAD:FM_2025_OCT_VINTAGE(1.0.0),R,DEU,GNLB_S13_POGDP_PT,A,2024,-2.66333562025147,0,,,,,,,M,OL
dataflow,IMF.FAD:FM_2025_OCT_VINTAGE(1.0.0),R,DEU,GNLB_S13_POGDP_PT,A,2025,-2.52255014913338,0,,,,,,,M,OL
dataflow,IMF.FAD:FM_2025_OCT_VINTAGE(1.0.0),R,DEU,GNLB_S13_POGDP_PT,A,2026,-3.36708137294118,0,,,,,,,M,OL
dataflow,IMF.FAD:FM_2025_OCT_VINTAGE(1.0.0),R,DEU,GNLB_S13_POGDP_PT,A,2027,-4.03312282266681,0,,,,,,,M,OL
dataflow,IMF.FAD:FM_2025_OCT_VINTAGE(1.0.0),R,DEU,GNLB_S13_POGDP_PT,A,2028,-4.04573398955453,0,,,,,,,M,OL
dataflow,IMF.FAD:FM_2025_OCT_VINTAGE(1.0.0),R,DEU,GNLB_S13_POGDP_PT,A,2029,-4.04999149986171,0,,,,,,,M,OL
dataflow,IMF.FAD:FM_2025_OCT_VINTAGE(1.0.0),R,DEU,GNLB_S13_POGDP_PT,A,2030,-4.04993485759764,0,,,,,,,M,OL
dataflow,IMF.FAD:FM_2025_OCT_VINTAGE(1.0.0),R,DEU,GPB_S13_POGDP_PT,A,1992,-0.0209370193404254,0,,,,,,,M,OL
dataflow,IMF.FAD:FM_2025_OCT_VINTAGE(1.0.0),R,DEU,GPB_S13_POGDP_PT,A,1993,-0.402824723730183,0,,,,,,,M,OL
dataflow,IMF.FAD:FM_2025_OCT_VINTAGE(1.0.0),R,DEU,GPB_S13_POGDP_PT,A,1994,0.337210694116495,0,,,,,,,M,OL
dataflow,IMF.FAD:FM_2025_OCT_VINTAGE(1.0.0),R,DEU,GPB_S13_POGDP_PT,A,1995,-6.3487602174817,0,,,,,,,M,OL
dataflow,IMF.FAD:FM_2025_OCT_VINTAGE(1.0.0),R,DEU,GPB_S13_POGDP_PT,A,1996,-0.584944207076783,0,,,,,,,M,OL
dataflow,IMF.FAD:FM_2025_OCT_VINTAGE(1.0.0),R,DEU,GPB_S13_POGDP_PT,A,1997,-0.000508341890421822,0,,,,,,,M,OL
dataflow,IMF.FAD:FM_2025_OCT_VINTAGE(1.0.0),R,DEU,GPB_S13_POGDP_PT,A,1998,0.385450301882501,0,,,,,,,M,OL
dataflow,IMF.FAD:FM_2025_OCT_VINTAGE(1.0.0),R,DEU,GPB_S13_POGDP_PT,A,1999,0.925410641042922,0,,,,,,,M,OL
dataflow,IMF.FAD:FM_2025_OCT_VINTAGE(1.0.0),R,DEU,GPB_S13_POGDP_PT,A,2000,1.06035705229943,0,,,,,,,M,OL
dataflow,IMF.FAD:FM_2025_OCT_VINTAGE(1.0.0),R,DEU,GPB_S13_POGDP_PT,A,2001,-0.523745974776022,0,,,,,,,M,OL
dataflow,IMF.FAD:FM_2025_OCT_VINTAGE(1.0.0),R,DEU,GPB_S13_POGDP_PT,A,2002,-1.4570739781232,0,,,,,,,M,OL
dataflow,IMF.FAD:FM_2025_OCT_VINTAGE(1.0.0),R,DEU,GPB_S13_POGDP_PT,A,2003,-1.21094604183309,0,,,,,,,M,OL
dataflow,IMF.FAD:FM_2025_OCT_VINTAGE(1.0.0),R,DEU,GPB_S13_POGDP_PT,A,2004,-0.900115131005129,0,,,,,,,M,OL
dataflow,IMF.FAD:FM_2025_OCT_VINTAGE(1.0.0),R,DEU,GPB_S13_POGDP_PT,A,2005,-0.928748640200197,0,,,,,,,M,OL
dataflow,IMF.FAD:FM_2025_OCT_VINTAGE(1.0.0),R,DEU,GPB_S13_POGDP_PT,A,2006,0.627529696889761,0,,,,,,,M,OL
dataflow,IMF.FAD:FM_2025_OCT_VINTAGE(1.0.0),R,DEU,GPB_S13_POGDP_PT,A,2007,2.55430293208298,0,,,,,,,M,OL
dataflow,IMF.FAD:FM_2025_OCT_VINTAGE(1.0.0),R,DEU,GPB_S13_POGDP_PT,A,2008,2.06957146388185,0,,,,,,,M,OL
dataflow,IMF.FAD:FM_2025_OCT_VINTAGE(1.0.0),R,DEU,GPB_S13_POGDP_PT,A,2009,-0.831044479284033,0,,,,,,,M,OL
dataflow,IMF.FAD:FM_2025_OCT_VINTAGE(1.0.0),R,DEU,GPB_S13_POGDP_PT,A,2010,-2.28948555784129,0,,,,,,,M,OL
dataflow,IMF.FAD:FM_2025_OCT_VINTAGE(1.0.0),R,DEU,GPB_S13_POGDP_PT,A,2011,1.15551656224631,0,,,,,,,M,OL
dataflow,IMF.FAD:FM_2025_OCT_VINTAGE(1.0.0),R,DEU,GPB_S13_POGDP_PT,A,2012,1.78060072590095,0,,,,,,,M,OL
dataflow,IMF.FAD:FM_2025_OCT_VINTAGE(1.0.0),R,DEU,GPB_S13_POGDP_PT,A,2013,1.5549384611091,0,,,,,,,M,OL
dataflow,IMF.FAD:FM_2025_OCT_VINTAGE(1.0.0),R,DEU,GPB_S13_POGDP_PT,A,2014,1.96048209564847,0,,,,,,,M,OL
dataflow,IMF.FAD:FM_2025_OCT_VINTAGE(1.0.0),R,DEU,GPB_S13_POGDP_PT,A,2015,1.996255300402,0,,,,,,,M,OL
dataflow,IMF.FAD:FM_2025_OCT_VINTAGE(1.0.0),R,DEU,GPB_S13_POGDP_PT,A,2016,2.06640565095878,0,,,,,,,M,OL
dataflow,IMF.FAD:FM_2025_OCT_VINTAGE(1.0.0),R,DEU,GPB_S13_POGDP_PT,A,2017,2.17016540108187,0,,,,,,,M,OL
dataflow,IMF.FAD:FM_2025_OCT_VINTAGE(1.0.0),R,DEU,GPB_S13_POGDP_PT,A,2018,2.60661671563731,0,,,,,,,M,OL
dataflow,IMF.FAD:FM_2025_OCT_VINTAGE(1.0.0),R,DEU,GPB_S13_POGDP_PT,A,2019,1.91808395151077,0,,,,,,,M,OL
dataflow,IMF.FAD:FM_2025_OCT_VINTAGE(1.0.0),R,DEU,GPB_S13_POGDP_PT,A,2020,-3.91627749456331,0,,,,,,,M,OL
dataflow,IMF.FAD:FM_2025_OCT_VINTAGE(1.0.0),R,DEU,GPB_S13_POGDP_PT,A,2021,-2.70319697015861,0,,,,,,,M,OL
dataflow,IMF.FAD:FM_2025_OCT_VINTAGE(1.0.0),R,DEU,GPB_S13_POGDP_PT,A,2022,-1.34845346521065,0,,,,,,,M,OL
dataflow,IMF.FAD:FM_2025_OCT_VINTAGE(1.0.0),R,DEU,GPB_S13_POGDP_PT,A,2023,-1.85028227861332,0,,,,,,,M,OL
dataflow,IMF.FAD:FM_2025_OCT_VINTAGE(1.0.0),R,DEU,GPB_S13_POGDP_PT,A,2024,-1.80221427253584,0,,,,,,,M,OL
dataflow,IMF.FAD:FM_2025_OCT_VINTAGE(1.0.0),R,DEU,GPB_S13_POGDP_PT,A,2025,-1.60850693889102,0,,,,,,,M,OL
dataflow,IMF.FAD:FM_2025_OCT_VINTAGE(1.0.0),R,DEU,GPB_S13_POGDP_PT,A,2026,-2.40402254983496,0,,,,,,,M,OL
dataflow,IMF.FAD:FM_2025_OCT_VINTAGE(1.0.0),R,DEU,GPB_S13_POGDP_PT,A,2027,-2.92610797938108,0,,,,,,,M,OL
dataflow,IMF.FAD:FM_2025_OCT_VINTAGE(1.0.0),R,DEU,GPB_S13_POGDP_PT,A,2028,-2.78710495278668,0,,,,,,,M,OL
dataflow,IMF.FAD:FM_2025_OCT_VINTAGE(1.0.0),R,DEU,GPB_S13_POGDP_PT,A,2029,-2.62998951608856,0,,,,,,,M,OL
dataflow,IMF.FAD:FM_2025_OCT_VINTAGE(1.0.0),R,DEU,GPB_S13_POGDP_PT,A,2030,-2.44096583402562,0,,,,,,,M,OL
dataflow,IMF.FAD:FM_2025_OCT_VINTAGE(1.0.0),R,FRA,G1_S13_POGDP_PT,A,1991,49.8362074299546,0,,,,,,,M,OL
dataflow,IMF.FAD:FM_2025_OCT_VINTAGE(1.0.0),R,FRA,G1_S13_POGDP_PT,A,1992,49.3684917312998,0,,,,,,,M,OL
dataflow,IMF.FAD:FM_2025_OCT_VINTAGE(1.0.0),R,FRA,G1_S13_POGDP_PT,A,1993,50.1396233298292,0,,,,,,,M,OL
dataflow,IMF.FAD:FM_2025_OCT_VINTAGE(1.0.0),R,FRA,G1_S13_POGDP_PT,A,1994,50.4237569908607,0,,,,,,,M,OL
dataflow,IMF.FAD:FM_2025_OCT_VINTAGE(1.0.0),R,FRA,G1_S13_POGDP_PT,A,1995,50.941726904388,0,,,,,,,M,OL
dataflow,IMF.FAD:FM_2025_OCT_VINTAGE(1.0.0),R,FRA,G1_S13_POGDP_PT,A,1996,52.1213353285634,0,,,,,,,M,OL
dataflow,IMF.FAD:FM_2025_OCT_VINTAGE(1.0.0),R,FRA,G1_S13_POGDP_PT,A,1997,51.8568252784242,0,,,,,,,M,OL
dataflow,IMF.FAD:FM_2025_OCT_VINTAGE(1.0.0),R,FRA,G1_S13_POGDP_PT,A,1998,51.5867276527537,0,,,,,,,M,OL
dataflow,IMF.FAD:FM_2025_OCT_VINTAGE(1.0.0),R,FRA,G1_S13_POGDP_PT,A,1999,52.1123708739145,0,,,,,,,M,OL
dataflow,IMF.FAD:FM_2025_OCT_VINTAGE(1.0.0),R,FRA,G1_S13_POGDP_PT,A,2000,51.3062624998558,0,,,,,,,M,OL
dataflow,IMF.FAD:FM_2025_OCT_VINTAGE(1.0.0),R,FRA,G1_S13_POGDP_PT,A,2001,51.4053922987887,0,,,,,,,M,OL
dataflow,IMF.FAD:FM_2025_OCT_VINTAGE(1.0.0),R,FRA,G1_S13_POGDP_PT,A,2002,50.748987854251,0,,,,,,,M,OL
dataflow,IMF.FAD:FM_2025_OCT_VINTAGE(1.0.0),R,FRA,G1_S13_POGDP_PT,A,2003,50.2657995097124,0,,,,,,,M,OL
dataflow,IMF.FAD:FM_2025_OCT_VINTAGE(1.0.0),R,FRA,G1_S13_POGDP_PT,A,2004,50.4452900404927,0,,,,,,,M,OL
dataflow,IMF.FAD:FM_2025_OCT_VINTAGE(1.0.0),R,FRA,G1_S13_POGDP_PT,A,2005,50.7557739630248,0,,,,,,,M,OL
dataflow,IMF.FAD:FM_2025_OCT_VINTAGE(1.0.0),R,FRA,G1_S13_POGDP_PT,A,2006,51.0924956975029,0,,,,,,,M,OL
dataflow,IMF.FAD:FM_2025_OCT_VINTAGE(1.0.0),R,FRA,G1_S13_POGDP_PT,A,2007,50.6405931029643,0,,,,,,,M,OL
dataflow,IMF.FAD:FM_2025_OCT_VINTAGE(1.0.0),R,FRA,G1_S13_POGDP_PT,A,2008,50.7804221105528,0,,,,,,,M,OL
dataflow,IMF.FAD:FM_2025_OCT_VINTAGE(1.0.0),R,FRA,G1_S13_POGDP_PT,A,2009,50.6123078353583,0,,,,,,,M,OL
dataflow,IMF.FAD:FM_2025_OCT_VINTAGE(1.0.0),R,FRA,G1_S13_POGDP_PT,A,2010,50.5592876019188,0,,,,,,,M,OL
dataflow,IMF.FAD:FM_2025_OCT_VINTAGE(1.0.0),R,FRA,G1_S13_POGDP_PT,A,2011,51.7093254050038,0,,,,,,,M,OL
dataflow,IMF.FAD:FM_2025_OCT_VINTAGE(1.0.0),R,FRA,G1_S13_POGDP_PT,A,2012,52.7210053024321,0,,,,,,,M,OL
dataflow,IMF.FAD:FM_2025_OCT_VINTAGE(1.0.0),R,FRA,G1_S13_POGDP_PT,A,2013,53.6536386411313,0,,,,,,,M,OL
dataflow,IMF.FAD:FM_2025_OCT_VINTAGE(1.0.0),R,FRA,G1_S13_POGDP_PT,A,2014,53.8202832013068,0,,,,,,,M,OL
dataflow,IMF.FAD:FM_2025_OCT_VINTAGE(1.0.0),R,FRA,G1_S13_POGDP_PT,A,2015,53.707900692377,0,,,,,,,M,OL
dataflow,IMF.FAD:FM_2025_OCT_VINTAGE(1.0.0),R,FRA,G1_S13_POGDP_PT,A,2016,53.6164895092299,0,,,,,,,M,OL
dataflow,IMF.FAD:FM_2025_OCT_VINTAGE(1.0.0),R,FRA,G1_S13_POGDP_PT,A,2017,54.3001796497855,0,,,,,,,M,OL
dataflow,IMF.FAD:FM_2025_OCT_VINTAGE(1.0.0),R,FRA,G1_S13_POGDP_PT,A,2018,54.0475586990201,0,,,,,,,M,OL
dataflow,IMF.FAD:FM_2025_OCT_VINTAGE(1.0.0),R,FRA,G1_S13_POGDP_PT,A,2019,52.9531080208222,0,,,,,,,M,OL
dataflow,IMF.FAD:FM_2025_OCT_VINTAGE(1.0.0),R,FRA,G1_S13_POGDP_PT,A,2020,52.7664781932781,0,,,,,,,M,OL
dataflow,IMF.FAD:FM_2025_OCT_VINTAGE(1.0.0),R,FRA,G1_S13_POGDP_PT,A,2021,52.8796197283843,0,,,,,,,M,OL
dataflow,IMF.FAD:FM_2025_OCT_VINTAGE(1.0.0),R,FRA,G1_S13_POGDP_PT,A,2022,53.6914510453478,0,,,,,,,M,OL
dataflow,IMF.FAD:FM_2025_OCT_VINTAGE(1.0.0),R,FRA,G1_S13_POGDP_PT,A,2023,51.3937511218273,0,,,,,,,M,OL
dataflow,IMF.FAD:FM_2025_OCT_VINTAGE(1.0.0),R,FRA,G1_S13_POGDP_PT,A,2024,51.4038834672279,0,,,,,,,M,OL
dataflow,IMF.FAD:FM_2025_OCT_VINTAGE(1.0.0),R,FRA,G1_S13_POGDP_PT,A,2025,51.8820676409525,0,,,,,,,M,OL
dataflow,IMF.FAD:FM_2025_OCT_VINTAGE(1.0.0),R,FRA,G1_S13_POGDP_PT,A,2026,51.6531950076972,0,,,,,,,M,OL
dataflow,IMF.FAD:FM_2025_OCT_VINTAGE(1.0.0),R,FRA,G1_S13_POGDP_PT,A,2027,51.452855701299,0,,,,,,,M,OL
dataflow,IMF.FAD:FM_2025_OCT_VINTAGE(1.0.0),R,FRA,G1_S13_POGDP_PT,A,2028,51.465218645012,0,,,,,,,M,OL
dataflow,IMF.FAD:FM_2025_OCT_VINTAGE(1.0.0),R,FRA,G1_S13_POGDP_PT,A,2029,51.4192967061633,0,,,,,,,M,OL
dataflow,IMF.FAD:FM_2025_OCT_VINTAGE(1.0.0),R,FRA,G1_S13_POGDP_PT,A,2030,51.4224975547825,0,,,,,,,M,OL
dataflow,IMF.FAD:FM_2025_OCT_VINTAGE(1.0.0),R,FRA,G63G_S13_POGDP_PT,A,1991,37.7721218322678,0,,,,,,,M,OL
dataflow,IMF.FAD:FM_2025_OCT_VINTAGE(1.0.0),R,FRA,G63G_S13_POGDP_PT,A,1992,41.7052622568121,0,,,,,,,M,OL
dataflow,IMF.FAD:FM_2025_OCT_VINTAGE(1.0.0),R,FRA,G63G_S13_POGDP_PT,A,1993,48.157844416697,0,,,,,,,M,OL
dataflow,IMF.FAD:FM_2025_OCT_VINTAGE(1.0.0),R,FRA,G63G_S13_POGDP_PT,A,1994,51.5803607966171,0,,,,,,,M,OL
dataflow,IMF.FAD:FM_2025_OCT_VINTAGE(1.0.0),R,FRA,G63G_S13_POGDP_PT,A,1995,57.8018490659926,0,,,,,,,M,OL
dataflow,IMF.FAD:FM_2025_OCT_VINTAGE(1.0.0),R,FRA,G63G_S13_POGDP_PT,A,1996,60.59468761979,0,,,,,,,M,OL
dataflow,IMF.FAD:FM_2025_OCT_VINTAGE(1.0.0),R,FRA,G63G_S13_POGDP_PT,A,1997,61.9848968999022,0,,,,,,,M,OL
dataflow,IMF.FAD:FM_2025_OCT_VINTAGE(1.0.0),R,FRA,G63G_S13_POGDP_PT,A,1998,62.1027127320588,0,,,,,,,M,OL
dataflow,IMF.FAD:FM_2025_OCT_VINTAGE(1.0.0),R,FRA,G63G_S13_POGDP_PT,A,1999,61.4200070530152,0,,,,,,,M,OL
dataflow,IMF.FAD:FM_2025_OCT_VINTAGE(1.0.0),R,FRA,G63G_S13_POGDP_PT,A,2000,59.7210619219188,0,,,,,,,M,OL
dataflow,IMF.FAD:FM_2025_OCT_VINTAGE(1.0.0),R,FRA,G63G_S13_POGDP_PT,A,2001,59.3240444397678,0,,,,,,,M,OL
dataflow,IMF.FAD:FM_2025_OCT_VINTAGE(1.0.0),R,FRA,G63G_S13_POGDP_PT,A,2002,61.2546172220005,0,,,,,,,M,OL
dataflow,IMF.FAD:FM_2025_OCT_VINTAGE(1.0.0),R,FRA,G63G_S13_POGDP_PT,A,2003,65.3634656197663,0,,,,,,,M,OL
dataflow,IMF.FAD:FM_2025_OCT_VINTAGE(1.0.0),R,FRA,G63G_S13_POGDP_PT,A,2004,66.8766375726074,0,,,,,,,M,OL
dataflow,IMF.FAD:FM_2025_OCT_VINTAGE(1.0.0),R,FRA,G63G_S13_POGDP_PT,A,2005,68.1876997675432,0,,,,,,,M,OL
dataflow,IMF.FAD:FM_2025_OCT_VINTAGE(1.0.0),R,FRA,G63G_S13_POGDP_PT,A,2006,65.4001227504996,0,,,,,,,M,OL
dataflow,IMF.FAD:FM_2025_OCT_VINTAGE(1.0.0),R,FRA,G63G_S13_POGDP_PT,A,2007,65.4789057710607,0,,,,,,,M,OL
dataflow,IMF.FAD:FM_2025_OCT_VINTAGE(1.0.0),R,FRA,G63G_S13_POGDP_PT,A,2008,69.8190954773869,0,,,,,,,M,OL
dataflow,IMF.FAD:FM_2025_OCT_VINTAGE(1.0.0),R,FRA,G63G_S13_POGDP_PT,A,2009,84.056533597818,0,,,,,,,M,OL
dataflow,IMF.FAD:FM_2025_OCT_VINTAGE(1.0.0),R,FRA,G63G_S13_POGDP_PT,A,2010,86.2793231717245,0,,,,,,,M,OL
dataflow,IMF.FAD:FM_2025_OCT_VINTAGE(1.0.0),R,FRA,G63G_S13_POGDP_PT,A,2011,88.7475686677099,0,,,,,,,M,OL
dataflow,IMF.FAD:FM_2025_OCT_VINTAGE(1.0.0),R,FRA,G63G_S13_POGDP_PT,A,2012,91.7402636706545,0,,,,,,,M,OL
dataflow,IMF.FAD:FM_2025_OCT_VINTAGE(1.0.0),R,FRA,G63G_S13_POGDP_PT,A,2013,94.5456226136038,0,,,,,,,M,OL
dataflow,IMF.FAD:FM_2025_OCT_VINTAGE(1.0.0),R,FRA,G63G_S13_POGDP_PT,A,2014,96.1400507862395,0,,,,,,,M,OL
dataflow,IMF.FAD:FM_2025_OCT_VINTAGE(1.0.0),R,FRA,G63G_S13_POGDP_PT,A,2015,96.9427664733656,0,,,,,,,M,OL
dataflow,IMF.FAD:FM_2025_OCT_VINTAGE(1.0.0),R,FRA,G63G_S13_POGDP_PT,A,2016,98.1262369394651,0,,,,,,,M,OL
dataflow,IMF.FAD:FM_2025_OCT_VINTAGE(1.0.0),R,FRA,G63G_S13_POGDP_PT,A,2017,98.7222916278487,0,,,,,,,M,OL
dataflow,IMF.FAD:FM_2025_OCT_VINTAGE(1.0.0),R,FRA,G63G_S13_POGDP_PT,A,2018,98.4901265749696,0,,,,,,,M,OL
dataflow,IMF.FAD:FM_2025_OCT_VINTAGE(1.0.0),R,FRA,G63G_S13_POGDP_PT,A,2019,98.1043143120631,0,,,,,,,M,OL
dataflow,IMF.FAD:FM_2025_OCT_VINTAGE(1.0.0),R,FRA,G63G_S13_POGDP_PT,A,2020,114.906594383067,0,,,,,,,M,OL
dataflow,IMF.FAD:FM_2025_OCT_VINTAGE(1.0.0),R,FRA,G63G_S13_POGDP_PT,A,2021,112.785724025578,0,,,,,,,M,OL
dataflow,IMF.FAD:FM_2025_OCT_VINTAGE(1.0.0),R,FRA,G63G_S13_POGDP_PT,A,2022,111.365574264025,0,,,,,,,M,OL
dataflow,IMF.FAD:FM_2025_OCT_VINTAGE(1.0.0),R,FRA,G63G_S13_POGDP_PT,A,2023,109.622557243223,0,,,,,,,M,OL
dataflow,IMF.FAD:FM_2025_OCT_VINTAGE(1.0.0),R,FRA,G63G_S13_POGDP_PT,A,2024,113.148106054901,0,,,,,,,M,OL
dataflow,IMF.FAD:FM_2025_OCT_VINTAGE(1.0.0),R,FRA,G63G_S13_POGDP_PT,A,2025,116.504517149632,0,,,,,,,M,OL
dataflow,IMF.FAD:FM_2025_OCT_VINTAGE(1.0.0),R,FRA,G63G_S13_POGDP_PT,A,2026,119.555709179294,0,,,,,,,M,OL
dataflow,IMF.FAD:FM_2025_OCT_VINTAGE(1.0.0),R,FRA,G63G_S13_POGDP_PT,A,2027,122.134620747623,0,,,,,,,M,OL
dataflow,IMF.FAD:FM_2025_OCT_VINTAGE(1.0.0),R,FRA,G63G_S13_POGDP_PT,A,2028,124.550673634232,0,,,,,,,M,OL
dataflow,IMF.FAD:FM_2025_OCT_VINTAGE(1.0.0),R,FRA,G63G_S13_POGDP_PT,A,2029,126.96724811201,0,,,,,,,M,OL
dataflow,IMF.FAD:FM_2025_OCT_VINTAGE(1.0.0),R,FRA,G63G_S13_POGDP_PT,A,2030,129.429648860606,0,,,,,,,M,OL
dataflow,IMF.FAD:FM_2025_OCT_VINTAGE(1.0.0),R,FRA,G63N_S13_POGDP_PT,A,1991,28.6220634349335,0,,,,,,,M,OL
dataflow,IMF.FAD:FM_2025_OCT_VINTAGE(1.0.0),R,FRA,G63N_S13_POGDP_PT,A,1992,31.6103495511413,0,,,,,,,M,OL
dataflow,IMF.FAD:FM_2025_OCT_VINTAGE(1.0.0),R,FRA,G63N_S13_POGDP_PT,A,1993,36.1894645702245,0,,,,,,,M,OL
dataflow,IMF.FAD:FM_2025_OCT_VINTAGE(1.0.0),R,FRA,G63N_S13_POGDP_PT,A,1994,42.1256053305926,0,,,,,,,M,OL
dataflow,IMF.FAD:FM_2025_OCT_VINTAGE(1.0.0),R,FRA,G63N_S13_POGDP_PT,A,1995,46.7786344066001,0,,,,,,,M,OL
dataflow,IMF.FAD:FM_2025_OCT_VINTAGE(1.0.0),R,FRA,G63N_S13_POGDP_PT,A,1996,50.1453919648686,0,,,,,,,M,OL
dataflow,IMF.FAD:FM_2025_OCT_VINTAGE(1.0.0),R,FRA,G63N_S13_POGDP_PT,A,1997,51.1604140287159,0,,,,,,,M,OL
dataflow,IMF.FAD:FM_2025_OCT_VINTAGE(1.0.0),R,FRA,G63N_S13_POGDP_PT,A,1998,51.607421129332,0,,,,,,,M,OL
dataflow,IMF.FAD:FM_2025_OCT_VINTAGE(1.0.0),R,FRA,G63N_S13_POGDP_PT,A,1999,51.5715895374541,0,,,,,,,M,OL
dataflow,IMF.FAD:FM_2025_OCT_VINTAGE(1.0.0),R,FRA,G63N_S13_POGDP_PT,A,2000,50.654318884682,0,,,,,,,M,OL
dataflow,IMF.FAD:FM_2025_OCT_VINTAGE(1.0.0),R,FRA,G63N_S13_POGDP_PT,A,2001,50.6251017109664,0,,,,,,,M,OL
dataflow,IMF.FAD:FM_2025_OCT_VINTAGE(1.0.0),R,FRA,G63N_S13_POGDP_PT,A,2002,52.3211242262391,0,,,,,,,M,OL
dataflow,IMF.FAD:FM_2025_OCT_VINTAGE(1.0.0),R,FRA,G63N_S13_POGDP_PT,A,2003,56.1358997924568,0,,,,,,,M,OL
dataflow,IMF.FAD:FM_2025_OCT_VINTAGE(1.0.0),R,FRA,G63N_S13_POGDP_PT,A,2004,57.7439644173602,0,,,,,,,M,OL
dataflow,IMF.FAD:FM_2025_OCT_VINTAGE(1.0.0),R,FRA,G63N_S13_POGDP_PT,A,2005,59.8281091094,0,,,,,,,M,OL
dataflow,IMF.FAD:FM_2025_OCT_VINTAGE(1.0.0),R,FRA,G63N_S13_POGDP_PT,A,2006,58.8996549876735,0,,,,,,,M,OL
dataflow,IMF.FAD:FM_2025_OCT_VINTAGE(1.0.0),R,FRA,G63N_S13_POGDP_PT,A,2007,59.054346098512,0,,,,,,,M,OL
dataflow,IMF.FAD:FM_2025_OCT_VINTAGE(1.0.0),R,FRA,G63N_S13_POGDP_PT,A,2008,61.5075376884422,0,,,,,,,M,OL
dataflow,IMF.FAD:FM_2025_OCT_VINTAGE(1.0.0),R,FRA,G63N_S13_POGDP_PT,A,2009,71.4831804281345,0,,,,,,,M,OL
dataflow,IMF.FAD:FM_2025_OCT_VINTAGE(1.0.0),R,FRA,G63N_S13_POGDP_PT,A,2010,75.3528800270531,0,,,,,,,M,OL
dataflow,IMF.FAD:FM_2025_OCT_VINTAGE(1.0.0),R,FRA,G63N_S13_POGDP_PT,A,2011,78.146935636312,0,,,,,,,M,OL
dataflow,IMF.FAD:FM_2025_OCT_VINTAGE(1.0.0),R,FRA,G63N_S13_POGDP_PT,A,2012,82.0098003770555,0,,,,,,,M,OL
dataflow,IMF.FAD:FM_2025_OCT_VINTAGE(1.0.0),R,FRA,G63N_S13_POGDP_PT,A,2013,85.0141863237802,0,,,,,,,M,OL
dataflow,IMF.FAD:FM_2025_OCT_VINTAGE(1.0.0),R,FRA,G63N_S13_POGDP_PT,A,2014,87.6663913307731,0,,,,,,,M,OL
dataflow,IMF.FAD:FM_2025_OCT_VINTAGE(1.0.0),R,FRA,G63N_S13_POGDP_PT,A,2015,88.6207971102052,0,,,,,,,M,OL
dataflow,IMF.FAD:FM_2025_OCT_VINTAGE(1.0.0),R,FRA,G63N_S13_POGDP_PT,A,2016,89.8728794763375,0,,,,,,,M,OL
dataflow,IMF.FAD:FM_2025_OCT_VINTAGE(1.0.0),R,FRA,G63N_S13_POGDP_PT,A,2017,89.4583495695954,0,,,,,,,M,OL
dataflow,IMF.FAD:FM_2025_OCT_VINTAGE(1.0.0),R,FRA,G63N_S13_POGDP_PT,A,2018,89.4214607260112,0,,,,,,,M,OL
dataflow,IMF.FAD:FM_2025_OCT_VINTAGE(1.0.0),R,FRA,G63N_S13_POGDP_PT,A,2019,88.9891362042787,0,,,,,,,M,OL
dataflow,IMF.FAD:FM_2025_OCT_VINTAGE(1.0.0),R,FRA,G63N_S13_POGDP_PT,A,2020,101.60567594195,0,,,,,,,M,OL
dataflow,IMF.FAD:FM_2025_OCT_VINTAGE(1.0.0),R,FRA,G63N_S13_POGDP_PT,A,2021,100.534188800934,0,,,,,,,M,OL
dataflow,IMF.FAD:FM_2025_OCT_VINTAGE(1.0.0),R,FRA,G63N_S13_POGDP_PT,A,2022,101.077732943933,0,,,,,,,M,OL
dataflow,IMF.FAD:FM_2025_OCT_VINTAGE(1.0.0),R,FRA,G63N_S13_POGDP_PT,A,2023,101.490917262501,0,,,,,,,M,OL
dataflow,IMF.FAD:FM_2025_OCT_VINTAGE(1.0.0),R,FRA,G63N_S13_POGDP_PT,A,2024,104.850602696696,0,,,,,,,M,OL
dataflow,IMF.FAD:FM_2025_OCT_VINTAGE(1.0.0),R,FRA,G63N_S13_POGDP_PT,A,2025,108.207013692943,0,,,,,,,M,OL
dataflow,IMF.FAD:FM_2025_OCT_VINTAGE(1.0.0),R,FRA,G63N_S13_POGDP_PT,A,2026,111.258205491237,0,,,,,,,M,OL
dataflow,IMF.FAD:FM_2025_OCT_VINTAGE(1.0.0),R,FRA,G63N_S13_POGDP_PT,A,2027,113.837116403811,0,,,,,,,M,OL
dataflow,IMF.FAD:FM_2025_OCT_VINTAGE(1.0.0),R,FRA,G63N_S13_POGDP_PT,A,2028,116.253169002131,0,,,,,,,M,OL
dataflow,IMF.FAD:FM_2025_OCT_VINTAGE(1.0.0),R,FRA,G63N_S13_POGDP_PT,A,2029,118.669743380624,0,,,,,,,M,OL
dataflow,IMF.FAD:FM_2025_OCT_VINTAGE(1.0.0),R,FRA,G63N_S13_POGDP_PT,A,2030,121.132144631268,0,,,,,,,M,OL
dataflow,IMF.FAD:FM_2025_OCT_VINTAGE(1.0.0),R,FRA,GNLB_S13_POGDP_PT,A,1991,-2.88660393615636,0,,,,,,,M,OL
dataflow,IMF.FAD:FM_2025_OCT_VINTAGE(1.0.0),R,FRA,GNLB_S13_POGDP_PT,A,1992,-4.64155590311898,0,,,,,,,M,OL
dataflow,IMF.FAD:FM_2025_OCT_VINTAGE(1.0.0),R,FRA,GNLB_S13_POGDP_PT,A,1993,-6.39703076824113,0,,,,,,,M,OL
dataflow,IMF.FAD:FM_2025_OCT_VINTAGE(1.0.0),R,FRA,GNLB_S13_POGDP_PT,A,1994,-5.46050163688446,0,,,,,,,M,OL
dataflow,IMF.FAD:FM_2025_OCT_VINTAGE(1.0.0),R,FRA,GNLB_S13_POGDP_PT,A,1995,-5.10530547815871,0,,,,,,,M,OL
dataflow,IMF.FAD:FM_2025_OCT_VINTAGE(1.0.0),R,FRA,GNLB_S13_POGDP_PT,A,1996,-3.89426724213977,0,,,,,,,M,OL
dataflow,IMF.FAD:FM_2025_OCT_VINTAGE(1.0.0),R,FRA,GNLB_S13_POGDP_PT,A,1997,-3.70781960332457,0,,,,,,,M,OL
dataflow,IMF.FAD:FM_2025_OCT_VINTAGE(1.0.0),R,FRA,GNLB_S13_POGDP_PT,A,1998,-2.39011882779551,0,,,,,,,M,OL
dataflow,IMF.FAD:FM_2025_OCT_VINTAGE(1.0.0),R,FRA,GNLB_S13_POGDP_PT,A,1999,-1.54501887971742,0,,,,,,,M,OL
dataflow,IMF.FAD:FM_2025_OCT_VINTAGE(1.0.0),R,FRA,GNLB_S13_POGDP_PT,A,2000,-1.31613683452583,0,,,,,,,M,OL
dataflow,IMF.FAD:FM_2025_OCT_VINTAGE(1.0.0),R,FRA,GNLB_S13_POGDP_PT,A,2001,-1.41568593875709,0,,,,,,,M,OL
dataflow,IMF.FAD:FM_2025_OCT_VINTAGE(1.0.0),R,FRA,GNLB_S13_POGDP_PT,A,2002,-3.17509646271692,0,,,,,,,M,OL
dataflow,IMF.FAD:FM_2025_OCT_VINTAGE(1.0.0),R,FRA,GNLB_S13_POGDP_PT,A,2003,-4.09485715765084,0,,,,,,,M,OL
dataflow,IMF.FAD:FM_2025_OCT_VINTAGE(1.0.0),R,FRA,GNLB_S13_POGDP_PT,A,2004,-3.55480900980362,0,,,,,,,M,OL
dataflow,IMF.FAD:FM_2025_OCT_VINTAGE(1.0.0),R,FRA,GNLB_S13_POGDP_PT,A,2005,-3.50494992190905,0,,,,,,,M,OL
dataflow,IMF.FAD:FM_2025_OCT_VINTAGE(1.0.0),R,FRA,GNLB_S13_POGDP_PT,A,2006,-2.6555385881309,0,,,,,,,M,OL
dataflow,IMF.FAD:FM_2025_OCT_VINTAGE(1.0.0),R,FRA,GNLB_S13_POGDP_PT,A,2007,-2.99028936836,0,,,,,,,M,OL
dataflow,IMF.FAD:FM_2025_OCT_VINTAGE(1.0.0),R,FRA,GNLB_S13_POGDP_PT,A,2008,-3.50098492462312,0,,,,,,,M,OL
dataflow,IMF.FAD:FM_2025_OCT_VINTAGE(1.0.0),R,FRA,GNLB_S13_POGDP_PT,A,2009,-7.3831876601372,0,,,,,,,M,OL
dataflow,IMF.FAD:FM_2025_OCT_VINTAGE(1.0.0),R,FRA,GNLB_S13_POGDP_PT,A,2010,-7.15898450709517,0,,,,,,,M,OL
dataflow,IMF.FAD:FM_2025_OCT_VINTAGE(1.0.0),R,FRA,GNLB_S13_POGDP_PT,A,2011,-5.29938544454526,0,,,,,,,M,OL
dataflow,IMF.FAD:FM_2025_OCT_VINTAGE(1.0.0),R,FRA,GNLB_S13_POGDP_PT,A,2012,-5.16854723512621,0,,,,,,,M,OL
dataflow,IMF.FAD:FM_2025_OCT_VINTAGE(1.0.0),R,FRA,GNLB_S13_POGDP_PT,A,2013,-4.93568992318257,0,,,,,,,M,OL
dataflow,IMF.FAD:FM_2025_OCT_VINTAGE(1.0.0),R,FRA,GNLB_S13_POGDP_PT,A,2014,-4.57135587373179,0,,,,,,,M,OL
dataflow,IMF.FAD:FM_2025_OCT_VINTAGE(1.0.0),R,FRA,GNLB_S13_POGDP_PT,A,2015,-3.88721369381876,0,,,,,,,M,OL
dataflow,IMF.FAD:FM_2025_OCT_VINTAGE(1.0.0),R,FRA,GNLB_S13_POGDP_PT,A,2016,-3.76271552487007,0,,,,,,,M,OL
dataflow,IMF.FAD:FM_2025_OCT_VINTAGE(1.0.0),R,FRA,GNLB_S13_POGDP_PT,A,2017,-3.36491422671829,0,,,,,,,M,OL
dataflow,IMF.FAD:FM_2025_OCT_VINTAGE(1.0.0),R,FRA,GNLB_S13_POGDP_PT,A,2018,-2.32167186119507,0,,,,,,,M,OL
dataflow,IMF.FAD:FM_2025_OCT_VINTAGE(1.0.0),R,FRA,GNLB_S13_POGDP_PT,A,2019,-2.39168787853994,0,,,,,,,M,OL
dataflow,IMF.FAD:FM_2025_OCT_VINTAGE(1.0.0),R,FRA,GNLB_S13_POGDP_PT,A,2020,-8.93023091297154,0,,,,,,,M,OL
dataflow,IMF.FAD:FM_2025_OCT_VINTAGE(1.0.0),R,FRA,GNLB_S13_POGDP_PT,A,2021,-6.58367163695894,0,,,,,,,M,OL
dataflow,IMF.FAD:FM_2025_OCT_VINTAGE(1.0.0),R,FRA,GNLB_S13_POGDP_PT,A,2022,-4.73740173783166,0,,,,,,,M,OL
dataflow,IMF.FAD:FM_2025_OCT_VINTAGE(1.0.0),R,FRA,GNLB_S13_POGDP_PT,A,2023,-5.43960788692264,0,,,,,,,M,OL
dataflow,IMF.FAD:FM_2025_OCT_VINTAGE(1.0.0),R,FRA,GNLB_S13_POGDP_PT,A,2024,-5.77065483957984,0,,,,,,,M,OL
dataflow,IMF.FAD:FM_2025_OCT_VINTAGE(1.0.0),R,FRA,GNLB_S13_POGDP_PT,A,2025,-5.44055486534379,0,,,,,,,M,OL
dataflow,IMF.FAD:FM_2025_OCT_VINTAGE(1.0.0),R,FRA,GNLB_S13_POGDP_PT,A,2026,-5.84078908863909,0,,,,,,,M,OL
dataflow,IMF.FAD:FM_2025_OCT_VINTAGE(1.0.0),R,FRA,GNLB_S13_POGDP_PT,A,2027,-6.22751390670653,0,,,,,,,M,OL
dataflow,IMF.FAD:FM_2025_OCT_VINTAGE(1.0.0),R,FRA,GNLB_S13_POGDP_PT,A,2028,-6.24251972516568,0,,,,,,,M,OL
dataflow,IMF.FAD:FM_2025_OCT_VINTAGE(1.0.0),R,FRA,GNLB_S13_POGDP_PT,A,2029,-6.28855437617365,0,,,,,,,M,OL
dataflow,IMF.FAD:FM_2025_OCT_VINTAGE(1.0.0),R,FRA,GNLB_S13_POGDP_PT,A,2030,-6.34283576606416,0,,,,,,,M,OL
dataflow,IMF.FAD:FM_2025_OCT_VINTAGE(1.0.0),R,FRA,GPB_S13_POGDP_PT,A,1991,-0.579415293032259,0,,,,,,,M,OL
dataflow,IMF.FAD:FM_2025_OCT_VINTAGE(1.0.0),R,FRA,GPB_S13_POGDP_PT,A,1992,-2.16763356273708,0,,,,,,,M,OL
dataflow,IMF.FAD:FM_2025_OCT_VINTAGE(1.0.0),R,FRA,GPB_S13_POGDP_PT,A,1993,-3.72837027983705,0,,,,,,,M,OL
dataflow,IMF.FAD:FM_2025_OCT_VINTAGE(1.0.0),R,FRA,GPB_S13_POGDP_PT,A,1994,-2.66142920474697,0,,,,,,,M,OL
dataflow,IMF.FAD:FM_2025_OCT_VINTAGE(1.0.0),R,FRA,GPB_S13_POGDP_PT,A,1995,-2.22098002804411,0,,,,,,,M,OL
dataflow,IMF.FAD:FM_2025_OCT_VINTAGE(1.0.0),R,FRA,GPB_S13_POGDP_PT,A,1996,-0.781211155966363,0,,,,,,,M,OL
dataflow,IMF.FAD:FM_2025_OCT_VINTAGE(1.0.0),R,FRA,GPB_S13_POGDP_PT,A,1997,-0.686191573186608,0,,,,,,,M,OL
dataflow,IMF.FAD:FM_2025_OCT_VINTAGE(1.0.0),R,FRA,GPB_S13_POGDP_PT,A,1998,0.499911610778434,0,,,,,,,M,OL
dataflow,IMF.FAD:FM_2025_OCT_VINTAGE(1.0.0),R,FRA,GPB_S13_POGDP_PT,A,1999,1.12487707397351,0,,,,,,,M,OL
dataflow,IMF.FAD:FM_2025_OCT_VINTAGE(1.0.0),R,FRA,GPB_S13_POGDP_PT,A,2000,1.26863144436067,0,,,,,,,M,OL
dataflow,IMF.FAD:FM_2025_OCT_VINTAGE(1.0.0),R,FRA,GPB_S13_POGDP_PT,A,2001,1.20000967275375,0,,,,,,,M,OL
dataflow,IMF.FAD:FM_2025_OCT_VINTAGE(1.0.0),R,FRA,GPB_S13_POGDP_PT,A,2002,-0.536294691224269,0,,,,,,,M,OL
dataflow,IMF.FAD:FM_2025_OCT_VINTAGE(1.0.0),R,FRA,GPB_S13_POGDP_PT,A,2003,-1.56408781782554,0,,,,,,,M,OL
dataflow,IMF.FAD:FM_2025_OCT_VINTAGE(1.0.0),R,FRA,GPB_S13_POGDP_PT,A,2004,-1.04128982352539,0,,,,,,,M,OL
dataflow,IMF.FAD:FM_2025_OCT_VINTAGE(1.0.0),R,FRA,GPB_S13_POGDP_PT,A,2005,-1.06608333030655,0,,,,,,,M,OL
dataflow,IMF.FAD:FM_2025_OCT_VINTAGE(1.0.0),R,FRA,GPB_S13_POGDP_PT,A,2006,-0.282001125664334,0,,,,,,,M,OL
dataflow,IMF.FAD:FM_2025_OCT_VINTAGE(1.0.0),R,FRA,GPB_S13_POGDP_PT,A,2007,-0.521400750099594,0,,,,,,,M,OL
dataflow,IMF.FAD:FM_2025_OCT_VINTAGE(1.0.0),R,FRA,GPB_S13_POGDP_PT,A,2008,-0.866412060301508,0,,,,,,,M,OL
dataflow,IMF.FAD:FM_2025_OCT_VINTAGE(1.0.0),R,FRA,GPB_S13_POGDP_PT,A,2009,-5.14162844036697,0,,,,,,,M,OL
dataflow,IMF.FAD:FM_2025_OCT_VINTAGE(1.0.0),R,FRA,GPB_S13_POGDP_PT,A,2010,-4.86593439625265,0,,,,,,,M,OL
dataflow,IMF.FAD:FM_2025_OCT_VINTAGE(1.0.0),R,FRA,GPB_S13_POGDP_PT,A,2011,-2.81429834332376,0,,,,,,,M,OL
dataflow,IMF.FAD:FM_2025_OCT_VINTAGE(1.0.0),R,FRA,GPB_S13_POGDP_PT,A,2012,-2.70609834759303,0,,,,,,,M,OL
dataflow,IMF.FAD:FM_2025_OCT_VINTAGE(1.0.0),R,FRA,GPB_S13_POGDP_PT,A,2013,-2.73336691266356,0,,,,,,,M,OL
dataflow,IMF.FAD:FM_2025_OCT_VINTAGE(1.0.0),R,FRA,GPB_S13_POGDP_PT,A,2014,-2.46817038137968,0,,,,,,,M,OL
dataflow,IMF.FAD:FM_2025_OCT_VINTAGE(1.0.0),R,FRA,GPB_S13_POGDP_PT,A,2015,-1.95412741516543,0,,,,,,,M,OL
dataflow,IMF.FAD:FM_2025_OCT_VINTAGE(1.0.0),R,FRA,GPB_S13_POGDP_PT,A,2016,-1.92887505662422,0,,,,,,,M,OL
dataflow,IMF.FAD:FM_2025_OCT_VINTAGE(1.0.0),R,FRA,GPB_S13_POGDP_PT,A,2017,-1.63465595778819,0,,,,,,,M,OL
dataflow,IMF.FAD:FM_2025_OCT_VINTAGE(1.0.0),R,FRA,GPB_S13_POGDP_PT,A,2018,-0.606946784848026,0,,,,,,,M,OL
dataflow,IMF.FAD:FM_2025_OCT_VINTAGE(1.0.0),R,FRA,GPB_S13_POGDP_PT,A,2019,-0.918211320006891,0,,,,,,,M,OL
dataflow,IMF.FAD:FM_2025_OCT_VINTAGE(1.0.0),R,FRA,GPB_S13_POGDP_PT,A,2020,-7.6649803560922,0,,,,,,,M,OL
dataflow,IMF.FAD:FM_2025_OCT_VINTAGE(1.0.0),R,FRA,GPB_S13_POGDP_PT,A,2021,-5.21718016252928,0,,,,,,,M,OL
dataflow,IMF.FAD:FM_2025_OCT_VINTAGE(1.0.0),R,FRA,GPB_S13_POGDP_PT,A,2022,-2.8608359391514,0,,,,,,,M,OL
dataflow,IMF.FAD:FM_2025_OCT_VINTAGE(1.0.0),R,FRA,GPB_S13_POGDP_PT,A,2023,-3.74008375367995,0,,,,,,,M,OL
dataflow,IMF.FAD:FM_2025_OCT_VINTAGE(1.0.0),R,FRA,GPB_S13_POGDP_PT,A,2024,-3.87417653816714,0,,,,,,,M,OL
dataflow,IMF.FAD:FM_2025_OCT_VINTAGE(1.0.0),R,FRA,GPB_S13_POGDP_PT,A,2025,-3.3937927895512,0,,,,,,,M,OL
dataflow,IMF.FAD:FM_2025_OCT_VINTAGE(1.0.0),R,FRA,GPB_S13_POGDP_PT,A,2026,-3.58686386396172,0,,,,,,,M,OL
dataflow,IMF.FAD:FM_2025_OCT_VINTAGE(1.0.0),R,FRA,GPB_S13_POGDP_PT,A,2027,-3.66945076047723,0,,,,,,,M,OL
dataflow,IMF.FAD:FM_2025_OCT_VINTAGE(1.0.0),R,FRA,GPB_S13_POGDP_PT,A,2028,-3.42038482733111,0,,,,,,,M,OL
dataflow,IMF.FAD:FM_2025_OCT_VINTAGE(1.0.0),R,FRA,GPB_S13_POGDP_PT,A,2029,-3.23975232215142,0,,,,,,,M,OL
dataflow,IMF.FAD:FM_2025_OCT_VINTAGE(1.0.0),R,FRA,GPB_S13_POGDP_PT,A,2030,-2.93889208063776,0,,,,,,,M,OL
dataflow,IMF.FAD:FM_2025_OCT_VINTAGE(1.0.0),R,GBR,G1_S13_POGDP_PT,A,1991,33.1242810433442,0,,,,,,,M,OL
dataflow,IMF.FAD:FM_2025_OCT_VINTAGE(1.0.0),R,GBR,G1_S13_POGDP_PT,A,1992,32.4158473279936,0,,,,,,,M,OL
dataflow,IMF.FAD:FM_2025_OCT_VINTAGE(1.0.0),R,GBR,G1_S13_POGDP_PT,A,1993,31.1743120457749,0,,,,,,,M,OL
dataflow,IMF.FAD:FM_2025_OCT_VINTAGE(1.0.0),R,GBR,G1_S13_POGDP_PT,A,1994,31.7668853000886,0,,,,,,,M,OL
dataflow,IMF.FAD:FM_2025_OCT_VINTAGE(1.0.0),R,GBR,G1_S13_POGDP_PT,A,1995,32.6431451731242,0,,,,,,,M,OL
dataflow,IMF.FAD:FM_2025_OCT_VINTAGE(1.0.0),R,GBR,G1_S13_POGDP_PT,A,1996,32.0692576756085,0,,,,,,,M,OL
dataflow,IMF.FAD:FM_2025_OCT_VINTAGE(1.0.0),R,GBR,G1_S13_POGDP_PT,A,1997,32.880360392488,0,,,,,,,M,OL
dataflow,IMF.FAD:FM_2025_OCT_VINTAGE(1.0.0),R,GBR,G1_S13_POGDP_PT,A,1998,34.252845014677,0,,,,,,,M,OL
dataflow,IMF.FAD:FM_2025_OCT_VINTAGE(1.0.0),R,GBR,G1_S13_POGDP_PT,A,1999,34.6638574912197,0,,,,,,,M,OL
dataflow,IMF.FAD:FM_2025_OCT_VINTAGE(1.0.0),R,GBR,G1_S13_POGDP_PT,A,2000,35.3307557015568,0,,,,,,,M,OL
dataflow,IMF.FAD:FM_2025_OCT_VINTAGE(1.0.0),R,GBR,G1_S13_POGDP_PT,A,2001,34.9957901992348,0,,,,,,,M,OL
dataflow,IMF.FAD:FM_2025_OCT_VINTAGE(1.0.0),R,GBR,G1_S13_POGDP_PT,A,2002,33.9842828713849,0,,,,,,,M,OL
dataflow,IMF.FAD:FM_2025_OCT_VINTAGE(1.0.0),R,GBR,G1_S13_POGDP_PT,A,2003,33.9980482129546,0,,,,,,,M,OL
dataflow,IMF.FAD:FM_2025_OCT_VINTAGE(1.0.0),R,GBR,G1_S13_POGDP_PT,A,2004,34.8732872284686,0,,,,,,,M,OL
dataflow,IMF.FAD:FM_2025_OCT_VINTAGE(1.0.0),R,GBR,G1_S13_POGDP_PT,A,2005,35.2886758095984,0,,,,,,,M,OL
dataflow,IMF.FAD:FM_2025_OCT_VINTAGE(1.0.0),R,GBR,G1_S13_POGDP_PT,A,2006,35.6558050811188,0,,,,,,,M,OL
dataflow,IMF.FAD:FM_2025_OCT_VINTAGE(1.0.0),R,GBR,G1_S13_POGDP_PT,A,2007,36.0001735035481,0,,,,,,,M,OL
dataflow,IMF.FAD:FM_2025_OCT_VINTAGE(1.0.0),R,GBR,G1_S13_POGDP_PT,A,2008,35.8706701807229,0,,,,,,,M,OL
dataflow,IMF.FAD:FM_2025_OCT_VINTAGE(1.0.0),R,GBR,G1_S13_POGDP_PT,A,2009,34.5718174434176,0,,,,,,,M,OL
dataflow,IMF.FAD:FM_2025_OCT_VINTAGE(1.0.0),R,GBR,G1_S13_POGDP_PT,A,2010,35.4853088459006,0,,,,,,,M,OL
dataflow,IMF.FAD:FM_2025_OCT_VINTAGE(1.0.0),R,GBR,G1_S13_POGDP_PT,A,2011,36.1253826860501,0,,,,,,,M,OL
dataflow,IMF.FAD:FM_2025_OCT_VINTAGE(1.0.0),R,GBR,G1_S13_POGDP_PT,A,2012,36.1035528077889,0,,,,,,,M,OL
dataflow,IMF.FAD:FM_2025_OCT_VINTAGE(1.0.0),R,GBR,G1_S13_POGDP_PT,A,2013,36.4960836124738,0,,,,,,,M,OL
dataflow,IMF.FAD:FM_2025_OCT_VINTAGE(1.0.0),R,GBR,G1_S13_POGDP_PT,A,2014,35.6553561476585,0,,,,,,,M,OL
dataflow,IMF.FAD:FM_2025_OCT_VINTAGE(1.0.0),R,GBR,G1_S13_POGDP_PT,A,2015,35.8310230733789,0,,,,,,,M,OL
dataflow,IMF.FAD:FM_2025_OCT_VINTAGE(1.0.0),R,GBR,G1_S13_POGDP_PT,A,2016,36.319876283173,0,,,,,,,M,OL
dataflow,IMF.FAD:FM_2025_OCT_VINTAGE(1.0.0),R,GBR,G1_S13_POGDP_PT,A,2017,36.6637502749123,0,,,,,,,M,OL
dataflow,IMF.FAD:FM_2025_OCT_VINTAGE(1.0.0),R,GBR,G1_S13_POGDP_PT,A,2018,36.6011028181893,0,,,,,,,M,OL
dataflow,IMF.FAD:FM_2025_OCT_VINTAGE(1.0.0),R,GBR,G1_S13_POGDP_PT,A,2019,36.2909431443637,0,,,,,,,M,OL
dataflow,IMF.FAD:FM_2025_OCT_VINTAGE(1.0.0),R,GBR,G1_S13_POGDP_PT,A,2020,36.8137463239594,0,,,,,,,M,OL
dataflow,IMF.FAD:FM_2025_OCT_VINTAGE(1.0.0),R,GBR,G1_S13_POGDP_PT,A,2021,38.0285726787433,0,,,,,,,M,OL
dataflow,IMF.FAD:FM_2025_OCT_VINTAGE(1.0.0),R,GBR,G1_S13_POGDP_PT,A,2022,39.5429040526783,0,,,,,,,M,OL
dataflow,IMF.FAD:FM_2025_OCT_VINTAGE(1.0.0),R,GBR,G1_S13_POGDP_PT,A,2023,38.7751112520909,0,,,,,,,M,OL
dataflow,IMF.FAD:FM_2025_OCT_VINTAGE(1.0.0),R,GBR,G1_S13_POGDP_PT,A,2024,38.2910982820348,0,,,,,,,M,OL
dataflow,IMF.FAD:FM_2025_OCT_VINTAGE(1.0.0),R,GBR,G1_S13_POGDP_PT,A,2025,39.3544944156727,0,,,,,,,M,OL
dataflow,IMF.FAD:FM_2025_OCT_VINTAGE(1.0.0),R,GBR,G1_S13_POGDP_PT,A,2026,40.2119911990203,0,,,,,,,M,OL
dataflow,IMF.FAD:FM_2025_OCT_VINTAGE(1.0.0),R,GBR,G1_S13_POGDP_PT,A,2027,40.6280967473246,0,,,,,,,M,OL
dataflow,IMF.FAD:FM_2025_OCT_VINTAGE(1.0.0),R,GBR,G1_S13_POGDP_PT,A,2028,40.648596618101,0,,,,,,,M,OL
dataflow,IMF.FAD:FM_2025_OCT_VINTAGE(1.0.0),R,GBR,G1_S13_POGDP_PT,A,2029,40.6097287014693,0,,,,,,,M,OL
dataflow,IMF.FAD:FM_2025_OCT_VINTAGE(1.0.0),R,GBR,G1_S13_POGDP_PT,A,2030,40.5499825172892,0,,,,,,,M,OL
dataflow,IMF.FAD:FM_2025_OCT_VINTAGE(1.0.0),R,GBR,G63G_S13_POGDP_PT,A,1991,28.480741878269,0,,,,,,,M,OL
dataflow,IMF.FAD:FM_2025_OCT_VINTAGE(1.0.0),R,GBR,G63G_S13_POGDP_PT,A,1992,33.2273415116696,0,,,,,,,M,OL
dataflow,IMF.FAD:FM_2025_OCT_VINTAGE(1.0.0),R,GBR,G63G_S13_POGDP_PT,A,1993,37.9598755609823,0,,,,,,,M,OL
dataflow,IMF.FAD:FM_2025_OCT_VINTAGE(1.0.0),R,GBR,G63G_S13_POGDP_PT,A,1994,40.7239076756858,0,,,,,,,M,OL
dataflow,IMF.FAD:FM_2025_OCT_VINTAGE(1.0.0),R,GBR,G63G_S13_POGDP_PT,A,1995,43.6525424226238,0,,,,,,,M,OL
dataflow,IMF.FAD:FM_2025_OCT_VINTAGE(1.0.0),R,GBR,G63G_S13_POGDP_PT,A,1996,43.7144021986982,0,,,,,,,M,OL
dataflow,IMF.FAD:FM_2025_OCT_VINTAGE(1.0.0),R,GBR,G63G_S13_POGDP_PT,A,1997,44.132032032557,0,,,,,,,M,OL
dataflow,IMF.FAD:FM_2025_OCT_VINTAGE(1.0.0),R,GBR,G63G_S13_POGDP_PT,A,1998,41.9695122989361,0,,,,,,,M,OL
dataflow,IMF.FAD:FM_2025_OCT_VINTAGE(1.0.0),R,GBR,G63G_S13_POGDP_PT,A,1999,40.4097587534316,0,,,,,,,M,OL
dataflow,IMF.FAD:FM_2025_OCT_VINTAGE(1.0.0),R,GBR,G63G_S13_POGDP_PT,A,2000,37.6856912365365,0,,,,,,,M,OL
dataflow,IMF.FAD:FM_2025_OCT_VINTAGE(1.0.0),R,GBR,G63G_S13_POGDP_PT,A,2001,34.9577493052738,0,,,,,,,M,OL
dataflow,IMF.FAD:FM_2025_OCT_VINTAGE(1.0.0),R,GBR,G63G_S13_POGDP_PT,A,2002,35.4344620244931,0,,,,,,,M,OL
dataflow,IMF.FAD:FM_2025_OCT_VINTAGE(1.0.0),R,GBR,G63G_S13_POGDP_PT,A,2003,36.7636891318203,0,,,,,,,M,OL
dataflow,IMF.FAD:FM_2025_OCT_VINTAGE(1.0.0),R,GBR,G63G_S13_POGDP_PT,A,2004,39.8015479681878,0,,,,,,,M,OL
dataflow,IMF.FAD:FM_2025_OCT_VINTAGE(1.0.0),R,GBR,G63G_S13_POGDP_PT,A,2005,41.0004225204093,0,,,,,,,M,OL
dataflow,IMF.FAD:FM_2025_OCT_VINTAGE(1.0.0),R,GBR,G63G_S13_POGDP_PT,A,2006,42.0582892561197,0,,,,,,,M,OL
dataflow,IMF.FAD:FM_2025_OCT_VINTAGE(1.0.0),R,GBR,G63G_S13_POGDP_PT,A,2007,43.1738978154738,0,,,,,,,M,OL
dataflow,IMF.FAD:FM_2025_OCT_VINTAGE(1.0.0),R,GBR,G63G_S13_POGDP_PT,A,2008,50.8273719879518,0,,,,,,,M,OL
dataflow,IMF.FAD:FM_2025_OCT_VINTAGE(1.0.0),R,GBR,G63G_S13_POGDP_PT,A,2009,64.9150117316481,0,,,,,,,M,OL
dataflow,IMF.FAD:FM_2025_OCT_VINTAGE(1.0.0),R,GBR,G63G_S13_POGDP_PT,A,2010,75.8602296598247,0,,,,,,,M,OL
dataflow,IMF.FAD:FM_2025_OCT_VINTAGE(1.0.0),R,GBR,G63G_S13_POGDP_PT,A,2011,81.4250657107284,0,,,,,,,M,OL
dataflow,IMF.FAD:FM_2025_OCT_VINTAGE(1.0.0),R,GBR,G63G_S13_POGDP_PT,A,2012,84.482600665805,0,,,,,,,M,OL
dataflow,IMF.FAD:FM_2025_OCT_VINTAGE(1.0.0),R,GBR,G63G_S13_POGDP_PT,A,2013,85.3160589010313,0,,,,,,,M,OL
dataflow,IMF.FAD:FM_2025_OCT_VINTAGE(1.0.0),R,GBR,G63G_S13_POGDP_PT,A,2014,87.0943251970186,0,,,,,,,M,OL
dataflow,IMF.FAD:FM_2025_OCT_VINTAGE(1.0.0),R,GBR,G63G_S13_POGDP_PT,A,2015,87.866686912423,0,,,,,,,M,OL
dataflow,IMF.FAD:FM_2025_OCT_VINTAGE(1.0.0),R,GBR,G63G_S13_POGDP_PT,A,2016,87.8251897300975,0,,,,,,,M,OL
dataflow,IMF.FAD:FM_2025_OCT_VINTAGE(1.0.0),R,GBR,G63G_S13_POGDP_PT,A,2017,86.7228144108809,0,,,,,,,M,OL
dataflow,IMF.FAD:FM_2025_OCT_VINTAGE(1.0.0),R,GBR,G63G_S13_POGDP_PT,A,2018,86.3451445520707,0,,,,,,,M,OL
dataflow,IMF.FAD:FM_2025_OCT_VINTAGE(1.0.0),R,GBR,G63G_S13_POGDP_PT,A,2019,85.6571919955988,0,,,,,,,M,OL
dataflow,IMF.FAD:FM_2025_OCT_VINTAGE(1.0.0),R,GBR,G63G_S13_POGDP_PT,A,2020,105.840114933021,0,,,,,,,M,OL
dataflow,IMF.FAD:FM_2025_OCT_VINTAGE(1.0.0),R,GBR,G63G_S13_POGDP_PT,A,2021,105.130742977159,0,,,,,,,M,OL
dataflow,IMF.FAD:FM_2025_OCT_VINTAGE(1.0.0),R,GBR,G63G_S13_POGDP_PT,A,2022,99.6141983860217,0,,,,,,,M,OL
dataflow,IMF.FAD:FM_2025_OCT_VINTAGE(1.0.0),R,GBR,G63G_S13_POGDP_PT,A,2023,100.35423624725,0,,,,,,,M,OL
dataflow,IMF.FAD:FM_2025_OCT_VINTAGE(1.0.0),R,GBR,G63G_S13_POGDP_PT,A,2024,101.226942650428,0,,,,,,,M,OL
dataflow,IMF.FAD:FM_2025_OCT_VINTAGE(1.0.0),R,GBR,G63G_S13_POGDP_PT,A,2025,103.360528089895,0,,,,,,,M,OL
dataflow,IMF.FAD:FM_2025_OCT_VINTAGE(1.0.0),R,GBR,G63G_S13_POGDP_PT,A,2026,104.773686037516,0,,,,,,,M,OL
dataflow,IMF.FAD:FM_2025_OCT_VINTAGE(1.0.0),R,GBR,G63G_S13_POGDP_PT,A,2027,105.388177177728,0,,,,,,,M,OL
dataflow,IMF.FAD:FM_2025_OCT_VINTAGE(1.0.0),R,GBR,G63G_S13_POGDP_PT,A,2028,105.828436572817,0,,,,,,,M,OL
dataflow,IMF.FAD:FM_2025_OCT_VINTAGE(1.0.0),R,GBR,G63G_S13_POGDP_PT,A,2029,105.861168899858,0,,,,,,,M,OL
dataflow,IMF.FAD:FM_2025_OCT_VINTAGE(1.0.0),R,GBR,G63G_S13_POGDP_PT,A,2030,105.417148131553,0,,,,,,,M,OL
dataflow,IMF.FAD:FM_2025_OCT_VINTAGE(1.0.0),R,GBR,G63N_S13_POGDP_PT,A,1991,25.2249091970763,0,,,,,,,M,OL
dataflow,IMF.FAD:FM_2025_OCT_VINTAGE(1.0.0),R,GBR,G63N_S13_POGDP_PT,A,1992,26.7162517962847,0,,,,,,,M,OL
dataflow,IMF.FAD:FM_2025_OCT_VINTAGE(1.0.0),R,GBR,G63N_S13_POGDP_PT,A,1993,31.0857949456581,0,,,,,,,M,OL
dataflow,IMF.FAD:FM_2025_OCT_VINTAGE(1.0.0),R,GBR,G63N_S13_POGDP_PT,A,1994,36.2309176010212,0,,,,,,,M,OL
dataflow,IMF.FAD:FM_2025_OCT_VINTAGE(1.0.0),R,GBR,G63N_S13_POGDP_PT,A,1995,40.2121100693661,0,,,,,,,M,OL
dataflow,IMF.FAD:FM_2025_OCT_VINTAGE(1.0.0),R,GBR,G63N_S13_POGDP_PT,A,1996,43.2335040067163,0,,,,,,,M,OL
dataflow,IMF.FAD:FM_2025_OCT_VINTAGE(1.0.0),R,GBR,G63N_S13_POGDP_PT,A,1997,40.2723921103833,0,,,,,,,M,OL
dataflow,IMF.FAD:FM_2025_OCT_VINTAGE(1.0.0),R,GBR,G63N_S13_POGDP_PT,A,1998,38.3111283814438,0,,,,,,,M,OL
dataflow,IMF.FAD:FM_2025_OCT_VINTAGE(1.0.0),R,GBR,G63N_S13_POGDP_PT,A,1999,37.0677921261292,0,,,,,,,M,OL
dataflow,IMF.FAD:FM_2025_OCT_VINTAGE(1.0.0),R,GBR,G63N_S13_POGDP_PT,A,2000,31.7550183874297,0,,,,,,,M,OL
dataflow,IMF.FAD:FM_2025_OCT_VINTAGE(1.0.0),R,GBR,G63N_S13_POGDP_PT,A,2001,30.5444821072561,0,,,,,,,M,OL
dataflow,IMF.FAD:FM_2025_OCT_VINTAGE(1.0.0),R,GBR,G63N_S13_POGDP_PT,A,2002,31.3173397882728,0,,,,,,,M,OL
dataflow,IMF.FAD:FM_2025_OCT_VINTAGE(1.0.0),R,GBR,G63N_S13_POGDP_PT,A,2003,32.9611216100018,0,,,,,,,M,OL
dataflow,IMF.FAD:FM_2025_OCT_VINTAGE(1.0.0),R,GBR,G63N_S13_POGDP_PT,A,2004,35.9022165567726,0,,,,,,,M,OL
dataflow,IMF.FAD:FM_2025_OCT_VINTAGE(1.0.0),R,GBR,G63N_S13_POGDP_PT,A,2005,37.0830649387417,0,,,,,,,M,OL
dataflow,IMF.FAD:FM_2025_OCT_VINTAGE(1.0.0),R,GBR,G63N_S13_POGDP_PT,A,2006,37.6784430836704,0,,,,,,,M,OL
dataflow,IMF.FAD:FM_2025_OCT_VINTAGE(1.0.0),R,GBR,G63N_S13_POGDP_PT,A,2007,38.0791732944375,0,,,,,,,M,OL
dataflow,IMF.FAD:FM_2025_OCT_VINTAGE(1.0.0),R,GBR,G63N_S13_POGDP_PT,A,2008,45.0224021084337,0,,,,,,,M,OL
dataflow,IMF.FAD:FM_2025_OCT_VINTAGE(1.0.0),R,GBR,G63N_S13_POGDP_PT,A,2009,58.223194443189,0,,,,,,,M,OL
dataflow,IMF.FAD:FM_2025_OCT_VINTAGE(1.0.0),R,GBR,G63N_S13_POGDP_PT,A,2010,68.7673331248644,0,,,,,,,M,OL
dataflow,IMF.FAD:FM_2025_OCT_VINTAGE(1.0.0),R,GBR,G63N_S13_POGDP_PT,A,2011,73.2054204584414,0,,,,,,,M,OL
dataflow,IMF.FAD:FM_2025_OCT_VINTAGE(1.0.0),R,GBR,G63N_S13_POGDP_PT,A,2012,76.0296782137053,0,,,,,,,M,OL
dataflow,IMF.FAD:FM_2025_OCT_VINTAGE(1.0.0),R,GBR,G63N_S13_POGDP_PT,A,2013,77.0765162142878,0,,,,,,,M,OL
dataflow,IMF.FAD:FM_2025_OCT_VINTAGE(1.0.0),R,GBR,G63N_S13_POGDP_PT,A,2014,78.9004539026284,0,,,,,,,M,OL
dataflow,IMF.FAD:FM_2025_OCT_VINTAGE(1.0.0),R,GBR,G63N_S13_POGDP_PT,A,2015,79.3455715799673,0,,,,,,,M,OL
dataflow,IMF.FAD:FM_2025_OCT_VINTAGE(1.0.0),R,GBR,G63N_S13_POGDP_PT,A,2016,78.8260960161073,0,,,,,,,M,OL
dataflow,IMF.FAD:FM_2025_OCT_VINTAGE(1.0.0),R,GBR,G63N_S13_POGDP_PT,A,2017,77.2244369939332,0,,,,,,,M,OL
dataflow,IMF.FAD:FM_2025_OCT_VINTAGE(1.0.0),R,GBR,G63N_S13_POGDP_PT,A,2018,76.5641842416313,0,,,,,,,M,OL
dataflow,IMF.FAD:FM_2025_OCT_VINTAGE(1.0.0),R,GBR,G63N_S13_POGDP_PT,A,2019,75.7706740748666,0,,,,,,,M,OL
dataflow,IMF.FAD:FM_2025_OCT_VINTAGE(1.0.0),R,GBR,G63N_S13_POGDP_PT,A,2020,93.1234626710137,0,,,,,,,M,OL
dataflow,IMF.FAD:FM_2025_OCT_VINTAGE(1.0.0),R,GBR,G63N_S13_POGDP_PT,A,2021,91.6495580642338,0,,,,,,,M,OL
dataflow,IMF.FAD:FM_2025_OCT_VINTAGE(1.0.0),R,GBR,G63N_S13_POGDP_PT,A,2022,89.8105150829551,0,,,,,,,M,OL
dataflow,IMF.FAD:FM_2025_OCT_VINTAGE(1.0.0),R,GBR,G63N_S13_POGDP_PT,A,2023,91.7843673522832,0,,,,,,,M,OL
dataflow,IMF.FAD:FM_2025_OCT_VINTAGE(1.0.0),R,GBR,G63N_S13_POGDP_PT,A,2024,93.6840513940952,0,,,,,,,M,OL
dataflow,IMF.FAD:FM_2025_OCT_VINTAGE(1.0.0),R,GBR,G63N_S13_POGDP_PT,A,2025,94.5621087503374,0,,,,,,,M,OL
dataflow,IMF.FAD:FM_2025_OCT_VINTAGE(1.0.0),R,GBR,G63N_S13_POGDP_PT,A,2026,95.8549736185215,0,,,,,,,M,OL
dataflow,IMF.FAD:FM_2025_OCT_VINTAGE(1.0.0),R,GBR,G63N_S13_POGDP_PT,A,2027,96.4171570661171,0,,,,,,,M,OL
dataflow,IMF.FAD:FM_2025_OCT_VINTAGE(1.0.0),R,GBR,G63N_S13_POGDP_PT,A,2028,96.8199400004356,0,,,,,,,M,OL
dataflow,IMF.FAD:FM_2025_OCT_VINTAGE(1.0.0),R,GBR,G63N_S13_POGDP_PT,A,2029,96.8498860342499,0,,,,,,,M,OL
dataflow,IMF.FAD:FM_2025_OCT_VINTAGE(1.0.0),R,GBR,G63N_S13_POGDP_PT,A,2030,96.4436619083111,0,,,,,,,M,OL
dataflow,IMF.FAD:FM_2025_OCT_VINTAGE(1.0.0),R,GBR,GNLB_S13_POGDP_PT,A,1991,-2.76575187991228,0,,,,,,,M,OL
dataflow,IMF.FAD:FM_2025_OCT_VINTAGE(1.0.0),R,GBR,GNLB_S13_POGDP_PT,A,1992,-5.40736159721101,0,,,,,,,M,OL
dataflow,IMF.FAD:FM_2025_OCT_VINTAGE(1.0.0),R,GBR,GNLB_S13_POGDP_PT,A,1993,-6.62358496080431,0,,,,,,,M,OL
dataflow,IMF.FAD:FM_2025_OCT_VINTAGE(1.0.0),R,GBR,GNLB_S13_POGDP_PT,A,1994,-5.7412857026569,0,,,,,,,M,OL
dataflow,IMF.FAD:FM_2025_OCT_VINTAGE(1.0.0),R,GBR,GNLB_S13_POGDP_PT,A,1995,-4.98799664258169,0,,,,,,,M,OL
dataflow,IMF.FAD:FM_2025_OCT_VINTAGE(1.0.0),R,GBR,GNLB_S13_POGDP_PT,A,1996,-3.64717091230372,0,,,,,,,M,OL
dataflow,IMF.FAD:FM_2025_OCT_VINTAGE(1.0.0),R,GBR,GNLB_S13_POGDP_PT,A,1997,-2.01026845883963,0,,,,,,,M,OL
dataflow,IMF.FAD:FM_2025_OCT_VINTAGE(1.0.0),R,GBR,GNLB_S13_POGDP_PT,A,1998,-0.212819015704541,0,,,,,,,M,OL
dataflow,IMF.FAD:FM_2025_OCT_VINTAGE(1.0.0),R,GBR,GNLB_S13_POGDP_PT,A,1999,0.759838504363296,0,,,,,,,M,OL
dataflow,IMF.FAD:FM_2025_OCT_VINTAGE(1.0.0),R,GBR,GNLB_S13_POGDP_PT,A,2000,1.39522798959257,0,,,,,,,M,OL
dataflow,IMF.FAD:FM_2025_OCT_VINTAGE(1.0.0),R,GBR,GNLB_S13_POGDP_PT,A,2001,0.335649814376142,0,,,,,,,M,OL
dataflow,IMF.FAD:FM_2025_OCT_VINTAGE(1.0.0),R,GBR,GNLB_S13_POGDP_PT,A,2002,-1.95712915222685,0,,,,,,,M,OL
dataflow,IMF.FAD:FM_2025_OCT_VINTAGE(1.0.0),R,GBR,GNLB_S13_POGDP_PT,A,2003,-3.21520359459412,0,,,,,,,M,OL
dataflow,IMF.FAD:FM_2025_OCT_VINTAGE(1.0.0),R,GBR,GNLB_S13_POGDP_PT,A,2004,-3.16420907626204,0,,,,,,,M,OL
dataflow,IMF.FAD:FM_2025_OCT_VINTAGE(1.0.0),R,GBR,GNLB_S13_POGDP_PT,A,2005,-3.15024353904811,0,,,,,,,M,OL
dataflow,IMF.FAD:FM_2025_OCT_VINTAGE(1.0.0),R,GBR,GNLB_S13_POGDP_PT,A,2006,-2.75896410282887,0,,,,,,,M,OL
dataflow,IMF.FAD:FM_2025_OCT_VINTAGE(1.0.0),R,GBR,GNLB_S13_POGDP_PT,A,2007,-2.65356844358901,0,,,,,,,M,OL
dataflow,IMF.FAD:FM_2025_OCT_VINTAGE(1.0.0),R,GBR,GNLB_S13_POGDP_PT,A,2008,-5.08703564257028,0,,,,,,,M,OL
dataflow,IMF.FAD:FM_2025_OCT_VINTAGE(1.0.0),R,GBR,GNLB_S13_POGDP_PT,A,2009,-10.0568051952412,0,,,,,,,M,OL
dataflow,IMF.FAD:FM_2025_OCT_VINTAGE(1.0.0),R,GBR,GNLB_S13_POGDP_PT,A,2010,-9.21927968801774,0,,,,,,,M,OL
dataflow,IMF.FAD:FM_2025_OCT_VINTAGE(1.0.0),R,GBR,GNLB_S13_POGDP_PT,A,2011,-7.37758557431477,0,,,,,,,M,OL
dataflow,IMF.FAD:FM_2025_OCT_VINTAGE(1.0.0),R,GBR,GNLB_S13_POGDP_PT,A,2012,-7.44937168665735,0,,,,,,,M,OL
dataflow,IMF.FAD:FM_2025_OCT_VINTAGE(1.0.0),R,GBR,GNLB_S13_POGDP_PT,A,2013,-5.34389155258255,0,,,,,,,M,OL
dataflow,IMF.FAD:FM_2025_OCT_VINTAGE(1.0.0),R,GBR,GNLB_S13_POGDP_PT,A,2014,-5.52887119237761,0,,,,,,,M,OL
dataflow,IMF.FAD:FM_2025_OCT_VINTAGE(1.0.0),R,GBR,GNLB_S13_POGDP_PT,A,2015,-4.59401257845883,0,,,,,,,M,OL
dataflow,IMF.FAD:FM_2025_OCT_VINTAGE(1.0.0),R,GBR,GNLB_S13_POGDP_PT,A,2016,-3.31228707927367,0,,,,,,,M,OL
dataflow,IMF.FAD:FM_2025_OCT_VINTAGE(1.0.0),R,GBR,GNLB_S13_POGDP_PT,A,2017,-2.49111396881222,0,,,,,,,M,OL
dataflow,IMF.FAD:FM_2025_OCT_VINTAGE(1.0.0),R,GBR,GNLB_S13_POGDP_PT,A,2018,-2.27007894795531,0,,,,,,,M,OL
dataflow,IMF.FAD:FM_2025_OCT_VINTAGE(1.0.0),R,GBR,GNLB_S13_POGDP_PT,A,2019,-2.47224498986312,0,,,,,,,M,OL
dataflow,IMF.FAD:FM_2025_OCT_VINTAGE(1.0.0),R,GBR,GNLB_S13_POGDP_PT,A,2020,-13.1729424393602,0,,,,,,,M,OL
dataflow,IMF.FAD:FM_2025_OCT_VINTAGE(1.0.0),R,GBR,GNLB_S13_POGDP_PT,A,2021,-7.72481841253172,0,,,,,,,M,OL
dataflow,IMF.FAD:FM_2025_OCT_VINTAGE(1.0.0),R,GBR,GNLB_S13_POGDP_PT,A,2022,-4.55560182201907,0,,,,,,,M,OL
dataflow,IMF.FAD:FM_2025_OCT_VINTAGE(1.0.0),R,GBR,GNLB_S13_POGDP_PT,A,2023,-6.05421614533866,0,,,,,,,M,OL
dataflow,IMF.FAD:FM_2025_OCT_VINTAGE(1.0.0),R,GBR,GNLB_S13_POGDP_PT,A,2024,-5.74874192780119,0,,,,,,,M,OL
dataflow,IMF.FAD:FM_2025_OCT_VINTAGE(1.0.0),R,GBR,GNLB_S13_POGDP_PT,A,2025,-4.33648472847138,0,,,,,,,M,OL
dataflow,IMF.FAD:FM_2025_OCT_VINTAGE(1.0.0),R,GBR,GNLB_S13_POGDP_PT,A,2026,-3.60860018723659,0,,,,,,,M,OL
dataflow,IMF.FAD:FM_2025_OCT_VINTAGE(1.0.0),R,GBR,GNLB_S13_POGDP_PT,A,2027,-2.97720687042749,0,,,,,,,M,OL
dataflow,IMF.FAD:FM_2025_OCT_VINTAGE(1.0.0),R,GBR,GNLB_S13_POGDP_PT,A,2028,-2.74060075378002,0,,,,,,,M,OL
dataflow,IMF.FAD:FM_2025_OCT_VINTAGE(1.0.0),R,GBR,GNLB_S13_POGDP_PT,A,2029,-2.52221382546219,0,,,,,,,M,OL
dataflow,IMF.FAD:FM_2025_OCT_VINTAGE(1.0.0),R,GBR,GNLB_S13_POGDP_PT,A,2030,-2.23579503079157,0,,,,,,,M,OL
dataflow,IMF.FAD:FM_2025_OCT_VINTAGE(1.0.0),R,GBR,GPB_S13_POGDP_PT,A,1991,-1.43592998283004,0,,,,,,,M,OL
dataflow,IMF.FAD:FM_2025_OCT_VINTAGE(1.0.0),R,GBR,GPB_S13_POGDP_PT,A,1992,-4.03038006551061,0,,,,,,,M,OL
dataflow,IMF.FAD:FM_2025_OCT_VINTAGE(1.0.0),R,GBR,GPB_S13_POGDP_PT,A,1993,-5.17097375479798,0,,,,,,,M,OL
dataflow,IMF.FAD:FM_2025_OCT_VINTAGE(1.0.0),R,GBR,GPB_S13_POGDP_PT,A,1994,-4.02802684775664,0,,,,,,,M,OL
dataflow,IMF.FAD:FM_2025_OCT_VINTAGE(1.0.0),R,GBR,GPB_S13_POGDP_PT,A,1995,-2.95135852179681,0,,,,,,,M,OL
dataflow,IMF.FAD:FM_2025_OCT_VINTAGE(1.0.0),R,GBR,GPB_S13_POGDP_PT,A,1996,-1.6237487541113,0,,,,,,,M,OL
dataflow,IMF.FAD:FM_2025_OCT_VINTAGE(1.0.0),R,GBR,GPB_S13_POGDP_PT,A,1997,0.117159024758628,0,,,,,,,M,OL
dataflow,IMF.FAD:FM_2025_OCT_VINTAGE(1.0.0),R,GBR,GPB_S13_POGDP_PT,A,1998,1.76314295128397,0,,,,,,,M,OL
dataflow,IMF.FAD:FM_2025_OCT_VINTAGE(1.0.0),R,GBR,GPB_S13_POGDP_PT,A,1999,2.46183074398417,0,,,,,,,M,OL
dataflow,IMF.FAD:FM_2025_OCT_VINTAGE(1.0.0),R,GBR,GPB_S13_POGDP_PT,A,2000,3.05409392851432,0,,,,,,,M,OL
dataflow,IMF.FAD:FM_2025_OCT_VINTAGE(1.0.0),R,GBR,GPB_S13_POGDP_PT,A,2001,1.81968092763941,0,,,,,,,M,OL
dataflow,IMF.FAD:FM_2025_OCT_VINTAGE(1.0.0),R,GBR,GPB_S13_POGDP_PT,A,2002,-0.584503277129589,0,,,,,,,M,OL
dataflow,IMF.FAD:FM_2025_OCT_VINTAGE(1.0.0),R,GBR,GPB_S13_POGDP_PT,A,2003,-1.80564142747474,0,,,,,,,M,OL
dataflow,IMF.FAD:FM_2025_OCT_VINTAGE(1.0.0),R,GBR,GPB_S13_POGDP_PT,A,2004,-1.69706427387106,0,,,,,,,M,OL
dataflow,IMF.FAD:FM_2025_OCT_VINTAGE(1.0.0),R,GBR,GPB_S13_POGDP_PT,A,2005,-1.55210119899996,0,,,,,,,M,OL
dataflow,IMF.FAD:FM_2025_OCT_VINTAGE(1.0.0),R,GBR,GPB_S13_POGDP_PT,A,2006,-1.14698125999465,0,,,,,,,M,OL
dataflow,IMF.FAD:FM_2025_OCT_VINTAGE(1.0.0),R,GBR,GPB_S13_POGDP_PT,A,2007,-0.962620991210233,0,,,,,,,M,OL
dataflow,IMF.FAD:FM_2025_OCT_VINTAGE(1.0.0),R,GBR,GPB_S13_POGDP_PT,A,2008,-3.53564257028112,0,,,,,,,M,OL
dataflow,IMF.FAD:FM_2025_OCT_VINTAGE(1.0.0),R,GBR,GPB_S13_POGDP_PT,A,2009,-8.58327920547623,0,,,,,,,M,OL
dataflow,IMF.FAD:FM_2025_OCT_VINTAGE(1.0.0),R,GBR,GPB_S13_POGDP_PT,A,2010,-6.68352239559405,0,,,,,,,M,OL
dataflow,IMF.FAD:FM_2025_OCT_VINTAGE(1.0.0),R,GBR,GPB_S13_POGDP_PT,A,2011,-4.57677479113913,0,,,,,,,M,OL
dataflow,IMF.FAD:FM_2025_OCT_VINTAGE(1.0.0),R,GBR,GPB_S13_POGDP_PT,A,2012,-5.08917760537779,0,,,,,,,M,OL
dataflow,IMF.FAD:FM_2025_OCT_VINTAGE(1.0.0),R,GBR,GPB_S13_POGDP_PT,A,2013,-3.9435577628566,0,,,,,,,M,OL
dataflow,IMF.FAD:FM_2025_OCT_VINTAGE(1.0.0),R,GBR,GPB_S13_POGDP_PT,A,2014,-3.69462994640577,0,,,,,,,M,OL
dataflow,IMF.FAD:FM_2025_OCT_VINTAGE(1.0.0),R,GBR,GPB_S13_POGDP_PT,A,2015,-3.08105972967741,0,,,,,,,M,OL
dataflow,IMF.FAD:FM_2025_OCT_VINTAGE(1.0.0),R,GBR,GPB_S13_POGDP_PT,A,2016,-1.68684680251752,0,,,,,,,M,OL
dataflow,IMF.FAD:FM_2025_OCT_VINTAGE(1.0.0),R,GBR,GPB_S13_POGDP_PT,A,2017,-0.66675246172596,0,,,,,,,M,OL
dataflow,IMF.FAD:FM_2025_OCT_VINTAGE(1.0.0),R,GBR,GPB_S13_POGDP_PT,A,2018,-0.581655751232168,0,,,,,,,M,OL
dataflow,IMF.FAD:FM_2025_OCT_VINTAGE(1.0.0),R,GBR,GPB_S13_POGDP_PT,A,2019,-1.02837119128206,0,,,,,,,M,OL
dataflow,IMF.FAD:FM_2025_OCT_VINTAGE(1.0.0),R,GBR,GPB_S13_POGDP_PT,A,2020,-12.0338333604312,0,,,,,,,M,OL
dataflow,IMF.FAD:FM_2025_OCT_VINTAGE(1.0.0),R,GBR,GPB_S13_POGDP_PT,A,2021,-5.58024853417345,0,,,,,,,M,OL
dataflow,IMF.FAD:FM_2025_OCT_VINTAGE(1.0.0),R,GBR,GPB_S13_POGDP_PT,A,2022,-0.912434472702171,0,,,,,,,M,OL
dataflow,IMF.FAD:FM_2025_OCT_VINTAGE(1.0.0),R,GBR,GPB_S13_POGDP_PT,A,2023,-3.65017510793251,0,,,,,,,M,OL
dataflow,IMF.FAD:FM_2025_OCT_VINTAGE(1.0.0),R,GBR,GPB_S13_POGDP_PT,A,2024,-3.78594936704421,0,,,,,,,M,OL
dataflow,IMF.FAD:FM_2025_OCT_VINTAGE(1.0.0),R,GBR,GPB_S13_POGDP_PT,A,2025,-1.8151839618054,0,,,,,,,M,OL
dataflow,IMF.FAD:FM_2025_OCT_VINTAGE(1.0.0),R,GBR,GPB_S13_POGDP_PT,A,2026,-0.972354501250074,0,,,,,,,M,OL
dataflow,IMF.FAD:FM_2025_OCT_VINTAGE(1.0.0),R,GBR,GPB_S13_POGDP_PT,A,2027,-0.234458767662796,0,,,,,,,M,OL
dataflow,IMF.FAD:FM_2025_OCT_VINTAGE(1.0.0),R,GBR,GPB_S13_POGDP_PT,A,2028,0.127597013409352,0,,,,,,,M,OL
dataflow,IMF.FAD:FM_2025_OCT_VINTAGE(1.0.0),R,GBR,GPB_S13_POGDP_PT,A,2029,0.453928574840003,0,,,,,,,M,OL
dataflow,IMF.FAD:FM_2025_OCT_VINTAGE(1.0.0),R,GBR,GPB_S13_POGDP_PT,A,2030,0.670324549041065,0,,,,,,,M,OL
dataflow,IMF.FAD:FM_2025_OCT_VINTAGE(1.0.0),R,JPN,G1_S13_POGDP_PT,A,1991,30.9733571446595,0,,,,,,,M,OL
dataflow,IMF.FAD:FM_2025_OCT_VINTAGE(1.0.0),R,JPN,G1_S13_POGDP_PT,A,1992,30.8677798157058,0,,,,,,,M,OL
dataflow,IMF.FAD:FM_2025_OCT_VINTAGE(1.0.0),R,JPN,G1_S13_POGDP_PT,A,1993,29.7465519175703,0,,,,,,,M,OL
dataflow,IMF.FAD:FM_2025_OCT_VINTAGE(1.0.0),R,JPN,G1_S13_POGDP_PT,A,1994,29.0215694863463,0,,,,,,,M,OL
dataflow,IMF.FAD:FM_2025_OCT_VINTAGE(1.0.0),R,JPN,G1_S13_POGDP_PT,A,1995,29.1086352042968,0,,,,,,,M,OL
dataflow,IMF.FAD:FM_2025_OCT_VINTAGE(1.0.0),R,JPN,G1_S13_POGDP_PT,A,1996,28.9393571612624,0,,,,,,,M,OL
dataflow,IMF.FAD:FM_2025_OCT_VINTAGE(1.0.0),R,JPN,G1_S13_POGDP_PT,A,1997,29.5552183047117,0,,,,,,,M,OL
dataflow,IMF.FAD:FM_2025_OCT_VINTAGE(1.0.0),R,JPN,G1_S13_POGDP_PT,A,1998,28.5862708747517,0,,,,,,,M,OL
dataflow,IMF.FAD:FM_2025_OCT_VINTAGE(1.0.0),R,JPN,G1_S13_POGDP_PT,A,1999,28.8184764933582,0,,,,,,,M,OL
dataflow,IMF.FAD:FM_2025_OCT_VINTAGE(1.0.0),R,JPN,G1_S13_POGDP_PT,A,2000,28.6687144133049,0,,,,,,,M,OL
dataflow,IMF.FAD:FM_2025_OCT_VINTAGE(1.0.0),R,JPN,G1_S13_POGDP_PT,A,2001,28.993504985104,0,,,,,,,M,OL
dataflow,IMF.FAD:FM_2025_OCT_VINTAGE(1.0.0),R,JPN,G1_S13_POGDP_PT,A,2002,28.0558390645797,0,,,,,,,M,OL
dataflow,IMF.FAD:FM_2025_OCT_VINTAGE(1.0.0),R,JPN,G1_S13_POGDP_PT,A,2003,27.6051222143613,0,,,,,,,M,OL
dataflow,IMF.FAD:FM_2025_OCT_VINTAGE(1.0.0),R,JPN,G1_S13_POGDP_PT,A,2004,28.3640054257558,0,,,,,,,M,OL
dataflow,IMF.FAD:FM_2025_OCT_VINTAGE(1.0.0),R,JPN,G1_S13_POGDP_PT,A,2005,29.0810447618812,0,,,,,,,M,OL
dataflow,IMF.FAD:FM_2025_OCT_VINTAGE(1.0.0),R,JPN,G1_S13_POGDP_PT,A,2006,30.0278864555612,0,,,,,,,M,OL
dataflow,IMF.FAD:FM_2025_OCT_VINTAGE(1.0.0),R,JPN,G1_S13_POGDP_PT,A,2007,30.221719001405,0,,,,,,,M,OL
dataflow,IMF.FAD:FM_2025_OCT_VINTAGE(1.0.0),R,JPN,G1_S13_POGDP_PT,A,2008,29.9975863157364,0,,,,,,,M,OL
dataflow,IMF.FAD:FM_2025_OCT_VINTAGE(1.0.0),R,JPN,G1_S13_POGDP_PT,A,2009,28.9926382757935,0,,,,,,,M,OL
dataflow,IMF.FAD:FM_2025_OCT_VINTAGE(1.0.0),R,JPN,G1_S13_POGDP_PT,A,2010,28.6691052925382,0,,,,,,,M,OL
dataflow,IMF.FAD:FM_2025_OCT_VINTAGE(1.0.0),R,JPN,G1_S13_POGDP_PT,A,2011,29.6411089378007,0,,,,,,,M,OL
dataflow,IMF.FAD:FM_2025_OCT_VINTAGE(1.0.0),R,JPN,G1_S13_POGDP_PT,A,2012,30.4415448855946,0,,,,,,,M,OL
dataflow,IMF.FAD:FM_2025_OCT_VINTAGE(1.0.0),R,JPN,G1_S13_POGDP_PT,A,2013,31.1668199329822,0,,,,,,,M,OL
dataflow,IMF.FAD:FM_2025_OCT_VINTAGE(1.0.0),R,JPN,G1_S13_POGDP_PT,A,2014,32.772910988219,0,,,,,,,M,OL
dataflow,IMF.FAD:FM_2025_OCT_VINTAGE(1.0.0),R,JPN,G1_S13_POGDP_PT,A,2015,33.6174364220445,0,,,,,,,M,OL
dataflow,IMF.FAD:FM_2025_OCT_VINTAGE(1.0.0),R,JPN,G1_S13_POGDP_PT,A,2016,33.6296665874306,0,,,,,,,M,OL
dataflow,IMF.FAD:FM_2025_OCT_VINTAGE(1.0.0),R,JPN,G1_S13_POGDP_PT,A,2017,33.5872660571028,0,,,,,,,M,OL
dataflow,IMF.FAD:FM_2025_OCT_VINTAGE(1.0.0),R,JPN,G1_S13_POGDP_PT,A,2018,34.2672988758603,0,,,,,,,M,OL
dataflow,IMF.FAD:FM_2025_OCT_VINTAGE(1.0.0),R,JPN,G1_S13_POGDP_PT,A,2019,34.2490530297938,0,,,,,,,M,OL
dataflow,IMF.FAD:FM_2025_OCT_VINTAGE(1.0.0),R,JPN,G1_S13_POGDP_PT,A,2020,35.4615182060984,0,,,,,,,M,OL
dataflow,IMF.FAD:FM_2025_OCT_VINTAGE(1.0.0),R,JPN,G1_S13_POGDP_PT,A,2021,36.3477892332647,0,,,,,,,M,OL
dataflow,IMF.FAD:FM_2025_OCT_VINTAGE(1.0.0),R,JPN,G1_S13_POGDP_PT,A,2022,37.5365697425415,0,,,,,,,M,OL
dataflow,IMF.FAD:FM_2025_OCT_VINTAGE(1.0.0),R,JPN,G1_S13_POGDP_PT,A,2023,36.9124288921833,0,,,,,,,M,OL
dataflow,IMF.FAD:FM_2025_OCT_VINTAGE(1.0.0),R,JPN,G1_S13_POGDP_PT,A,2024,37.5726023203211,0,,,,,,,M,OL
dataflow,IMF.FAD:FM_2025_OCT_VINTAGE(1.0.0),R,JPN,G1_S13_POGDP_PT,A,2025,37.3835473676562,0,,,,,,,M,OL
dataflow,IMF.FAD:FM_2025_OCT_VINTAGE(1.0.0),R,JPN,G1_S13_POGDP_PT,A,2026,37.2082533344538,0,,,,,,,M,OL
dataflow,IMF.FAD:FM_2025_OCT_VINTAGE(1.0.0),R,JPN,G1_S13_POGDP_PT,A,2027,36.9776930450273,0,,,,,,,M,OL
dataflow,IMF.FAD:FM_2025_OCT_VINTAGE(1.0.0),R,JPN,G1_S13_POGDP_PT,A,2028,36.9954961110498,0,,,,,,,M,OL
dataflow,IMF.FAD:FM_2025_OCT_VINTAGE(1.0.0),R,JPN,G1_S13_POGDP_PT,A,2029,36.9932666509718,0,,,,,,,M,OL
dataflow,IMF.FAD:FM_2025_OCT_VINTAGE(1.0.0),R,JPN,G1_S13_POGDP_PT,A,2030,36.9894880812201,0,,,,,,,M,OL
dataflow,IMF.FAD:FM_2025_OCT_VINTAGE(1.0.0),R,JPN,G63G_S13_POGDP_PT,A,1991,62.3845485764891,0,,,,,,,M,OL
dataflow,IMF.FAD:FM_2025_OCT_VINTAGE(1.0.0),R,JPN,G63G_S13_POGDP_PT,A,1992,66.7656164802812,0,,,,,,,M,OL
dataflow,IMF.FAD:FM_2025_OCT_VINTAGE(1.0.0),R,JPN,G63G_S13_POGDP_PT,A,1993,72.8375227800795,0,,,,,,,M,OL
dataflow,IMF.FAD:FM_2025_OCT_VINTAGE(1.0.0),R,JPN,G63G_S13_POGDP_PT,A,1994,84.36117312389,0,,,,,,,M,OL
dataflow,IMF.FAD:FM_2025_OCT_VINTAGE(1.0.0),R,JPN,G63G_S13_POGDP_PT,A,1995,92.5255783208107,0,,,,,,,M,OL
dataflow,IMF.FAD:FM_2025_OCT_VINTAGE(1.0.0),R,JPN,G63G_S13_POGDP_PT,A,1996,98.0535400196429,0,,,,,,,M,OL
dataflow,IMF.FAD:FM_2025_OCT_VINTAGE(1.0.0),R,JPN,G63G_S13_POGDP_PT,A,1997,104.970938024853,0,,,,,,,M,OL
dataflow,IMF.FAD:FM_2025_OCT_VINTAGE(1.0.0),R,JPN,G63G_S13_POGDP_PT,A,1998,116.019947160974,0,,,,,,,M,OL
dataflow,IMF.FAD:FM_2025_OCT_VINTAGE(1.0.0),R,JPN,G63G_S13_POGDP_PT,A,1999,129.501189141816,0,,,,,,,M,OL
dataflow,IMF.FAD:FM_2025_OCT_VINTAGE(1.0.0),R,JPN,G63G_S13_POGDP_PT,A,2000,135.608603225369,0,,,,,,,M,OL
dataflow,IMF.FAD:FM_2025_OCT_VINTAGE(1.0.0),R,JPN,G63G_S13_POGDP_PT,A,2001,145.123528671566,0,,,,,,,M,OL
dataflow,IMF.FAD:FM_2025_OCT_VINTAGE(1.0.0),R,JPN,G63G_S13_POGDP_PT,A,2002,154.095657268827,0,,,,,,,M,OL
dataflow,IMF.FAD:FM_2025_OCT_VINTAGE(1.0.0),R,JPN,G63G_S13_POGDP_PT,A,2003,160.020760782085,0,,,,,,,M,OL
dataflow,IMF.FAD:FM_2025_OCT_VINTAGE(1.0.0),R,JPN,G63G_S13_POGDP_PT,A,2004,169.489927198839,0,,,,,,,M,OL
dataflow,IMF.FAD:FM_2025_OCT_VINTAGE(1.0.0),R,JPN,G63G_S13_POGDP_PT,A,2005,174.594697319665,0,,,,,,,M,OL
dataflow,IMF.FAD:FM_2025_OCT_VINTAGE(1.0.0),R,JPN,G63G_S13_POGDP_PT,A,2006,174.14256249694,0,,,,,,,M,OL
dataflow,IMF.FAD:FM_2025_OCT_VINTAGE(1.0.0),R,JPN,G63G_S13_POGDP_PT,A,2007,172.951094020064,0,,,,,,,M,OL
dataflow,IMF.FAD:FM_2025_OCT_VINTAGE(1.0.0),R,JPN,G63G_S13_POGDP_PT,A,2008,180.850692977467,0,,,,,,,M,OL
dataflow,IMF.FAD:FM_2025_OCT_VINTAGE(1.0.0),R,JPN,G63G_S13_POGDP_PT,A,2009,198.806821212498,0,,,,,,,M,OL
dataflow,IMF.FAD:FM_2025_OCT_VINTAGE(1.0.0),R,JPN,G63G_S13_POGDP_PT,A,2010,205.87928801936,0,,,,,,,M,OL
dataflow,IMF.FAD:FM_2025_OCT_VINTAGE(1.0.0),R,JPN,G63G_S13_POGDP_PT,A,2011,219.161622598498,0,,,,,,,M,OL
dataflow,IMF.FAD:FM_2025_OCT_VINTAGE(1.0.0),R,JPN,G63G_S13_POGDP_PT,A,2012,226.092832683217,0,,,,,,,M,OL
dataflow,IMF.FAD:FM_2025_OCT_VINTAGE(1.0.0),R,JPN,G63G_S13_POGDP_PT,A,2013,229.450722094686,0,,,,,,,M,OL
dataflow,IMF.FAD:FM_2025_OCT_VINTAGE(1.0.0),R,JPN,G63G_S13_POGDP_PT,A,2014,233.281130646588,0,,,,,,,M,OL
dataflow,IMF.FAD:FM_2025_OCT_VINTAGE(1.0.0),R,JPN,G63G_S13_POGDP_PT,A,2015,228.278371339719,0,,,,,,,M,OL
dataflow,IMF.FAD:FM_2025_OCT_VINTAGE(1.0.0),R,JPN,G63G_S13_POGDP_PT,A,2016,232.421230182859,0,,,,,,,M,OL
dataflow,IMF.FAD:FM_2025_OCT_VINTAGE(1.0.0),R,JPN,G63G_S13_POGDP_PT,A,2017,231.320765974835,0,,,,,,,M,OL
dataflow,IMF.FAD:FM_2025_OCT_VINTAGE(1.0.0),R,JPN,G63G_S13_POGDP_PT,A,2018,232.38030067005,0,,,,,,,M,OL
dataflow,IMF.FAD:FM_2025_OCT_VINTAGE(1.0.0),R,JPN,G63G_S13_POGDP_PT,A,2019,236.381060129852,0,,,,,,,M,OL
dataflow,IMF.FAD:FM_2025_OCT_VINTAGE(1.0.0),R,JPN,G63G_S13_POGDP_PT,A,2020,258.368864335349,0,,,,,,,M,OL
dataflow,IMF.FAD:FM_2025_OCT_VINTAGE(1.0.0),R,JPN,G63G_S13_POGDP_PT,A,2021,253.652035381525,0,,,,,,,M,OL
dataflow,IMF.FAD:FM_2025_OCT_VINTAGE(1.0.0),R,JPN,G63G_S13_POGDP_PT,A,2022,248.245999112747,0,,,,,,,M,OL
dataflow,IMF.FAD:FM_2025_OCT_VINTAGE(1.0.0),R,JPN,G63G_S13_POGDP_PT,A,2023,240.461035464227,0,,,,,,,M,OL
dataflow,IMF.FAD:FM_2025_OCT_VINTAGE(1.0.0),R,JPN,G63G_S13_POGDP_PT,A,2024,236.10752946325,0,,,,,,,M,OL
dataflow,IMF.FAD:FM_2025_OCT_VINTAGE(1.0.0),R,JPN,G63G_S13_POGDP_PT,A,2025,229.572232784641,0,,,,,,,M,OL
dataflow,IMF.FAD:FM_2025_OCT_VINTAGE(1.0.0),R,JPN,G63G_S13_POGDP_PT,A,2026,226.818445121534,0,,,,,,,M,OL
dataflow,IMF.FAD:FM_2025_OCT_VINTAGE(1.0.0),R,JPN,G63G_S13_POGDP_PT,A,2027,224.459612334631,0,,,,,,,M,OL
dataflow,IMF.FAD:FM_2025_OCT_VINTAGE(1.0.0),R,JPN,G63G_S13_POGDP_PT,A,2028,222.942368959329,0,,,,,,,M,OL
dataflow,IMF.FAD:FM_2025_OCT_VINTAGE(1.0.0),R,JPN,G63G_S13_POGDP_PT,A,2029,222.178456091305,0,,,,,,,M,OL
dataflow,IMF.FAD:FM_2025_OCT_VINTAGE(1.0.0),R,JPN,G63G_S13_POGDP_PT,A,2030,222.162634834078,0,,,,,,,M,OL
dataflow,IMF.FAD:FM_2025_OCT_VINTAGE(1.0.0),R,JPN,G63N_S13_POGDP_PT,A,1991,17.2956752977298,0,,,,,,,M,OL
dataflow,IMF.FAD:FM_2025_OCT_VINTAGE(1.0.0),R,JPN,G63N_S13_POGDP_PT,A,1992,19.3935750324351,0,,,,,,,M,OL
dataflow,IMF.FAD:FM_2025_OCT_VINTAGE(1.0.0),R,JPN,G63N_S13_POGDP_PT,A,1993,23.6679129225142,0,,,,,,,M,OL
dataflow,IMF.FAD:FM_2025_OCT_VINTAGE(1.0.0),R,JPN,G63N_S13_POGDP_PT,A,1994,29.5810741565838,0,,,,,,,M,OL
dataflow,IMF.FAD:FM_2025_OCT_VINTAGE(1.0.0),R,JPN,G63N_S13_POGDP_PT,A,1995,34.2946387900929,0,,,,,,,M,OL
dataflow,IMF.FAD:FM_2025_OCT_VINTAGE(1.0.0),R,JPN,G63N_S13_POGDP_PT,A,1996,39.1216143042262,0,,,,,,,M,OL
dataflow,IMF.FAD:FM_2025_OCT_VINTAGE(1.0.0),R,JPN,G63N_S13_POGDP_PT,A,1997,44.9230082570855,0,,,,,,,M,OL
dataflow,IMF.FAD:FM_2025_OCT_VINTAGE(1.0.0),R,JPN,G63N_S13_POGDP_PT,A,1998,54.2112226452542,0,,,,,,,M,OL
dataflow,IMF.FAD:FM_2025_OCT_VINTAGE(1.0.0),R,JPN,G63N_S13_POGDP_PT,A,1999,63.4032540010328,0,,,,,,,M,OL
dataflow,IMF.FAD:FM_2025_OCT_VINTAGE(1.0.0),R,JPN,G63N_S13_POGDP_PT,A,2000,67.7691514925354,0,,,,,,,M,OL
dataflow,IMF.FAD:FM_2025_OCT_VINTAGE(1.0.0),R,JPN,G63N_S13_POGDP_PT,A,2001,74.5714458221787,0,,,,,,,M,OL
dataflow,IMF.FAD:FM_2025_OCT_VINTAGE(1.0.0),R,JPN,G63N_S13_POGDP_PT,A,2002,83.5051070710784,0,,,,,,,M,OL
dataflow,IMF.FAD:FM_2025_OCT_VINTAGE(1.0.0),R,JPN,G63N_S13_POGDP_PT,A,2003,89.5337450500383,0,,,,,,,M,OL
dataflow,IMF.FAD:FM_2025_OCT_VINTAGE(1.0.0),R,JPN,G63N_S13_POGDP_PT,A,2004,94.2045810651247,0,,,,,,,M,OL
dataflow,IMF.FAD:FM_2025_OCT_VINTAGE(1.0.0),R,JPN,G63N_S13_POGDP_PT,A,2005,94.0563994744943,0,,,,,,,M,OL
dataflow,IMF.FAD:FM_2025_OCT_VINTAGE(1.0.0),R,JPN,G63N_S13_POGDP_PT,A,2006,93.1382950694938,0,,,,,,,M,OL
dataflow,IMF.FAD:FM_2025_OCT_VINTAGE(1.0.0),R,JPN,G63N_S13_POGDP_PT,A,2007,94.4010709059848,0,,,,,,,M,OL
dataflow,IMF.FAD:FM_2025_OCT_VINTAGE(1.0.0),R,JPN,G63N_S13_POGDP_PT,A,2008,105.661169503914,0,,,,,,,M,OL
dataflow,IMF.FAD:FM_2025_OCT_VINTAGE(1.0.0),R,JPN,G63N_S13_POGDP_PT,A,2009,120.291838337862,0,,,,,,,M,OL
dataflow,IMF.FAD:FM_2025_OCT_VINTAGE(1.0.0),R,JPN,G63N_S13_POGDP_PT,A,2010,128.895619770594,0,,,,,,,M,OL
dataflow,IMF.FAD:FM_2025_OCT_VINTAGE(1.0.0),R,JPN,G63N_S13_POGDP_PT,A,2011,139.918906259737,0,,,,,,,M,OL
dataflow,IMF.FAD:FM_2025_OCT_VINTAGE(1.0.0),R,JPN,G63N_S13_POGDP_PT,A,2012,143.991942847849,0,,,,,,,M,OL
dataflow,IMF.FAD:FM_2025_OCT_VINTAGE(1.0.0),R,JPN,G63N_S13_POGDP_PT,A,2013,142.751905541295,0,,,,,,,M,OL
dataflow,IMF.FAD:FM_2025_OCT_VINTAGE(1.0.0),R,JPN,G63N_S13_POGDP_PT,A,2014,144.936567471282,0,,,,,,,M,OL
dataflow,IMF.FAD:FM_2025_OCT_VINTAGE(1.0.0),R,JPN,G63N_S13_POGDP_PT,A,2015,144.446598383294,0,,,,,,,M,OL
dataflow,IMF.FAD:FM_2025_OCT_VINTAGE(1.0.0),R,JPN,G63N_S13_POGDP_PT,A,2016,149.495705635525,0,,,,,,,M,OL
dataflow,IMF.FAD:FM_2025_OCT_VINTAGE(1.0.0),R,JPN,G63N_S13_POGDP_PT,A,2017,148.072098981509,0,,,,,,,M,OL
dataflow,IMF.FAD:FM_2025_OCT_VINTAGE(1.0.0),R,JPN,G63N_S13_POGDP_PT,A,2018,151.144161984772,0,,,,,,,M,OL
dataflow,IMF.FAD:FM_2025_OCT_VINTAGE(1.0.0),R,JPN,G63N_S13_POGDP_PT,A,2019,151.624479822853,0,,,,,,,M,OL
dataflow,IMF.FAD:FM_2025_OCT_VINTAGE(1.0.0),R,JPN,G63N_S13_POGDP_PT,A,2020,161.95845758915,0,,,,,,,M,OL
dataflow,IMF.FAD:FM_2025_OCT_VINTAGE(1.0.0),R,JPN,G63N_S13_POGDP_PT,A,2021,156.024834545751,0,,,,,,,M,OL
dataflow,IMF.FAD:FM_2025_OCT_VINTAGE(1.0.0),R,JPN,G63N_S13_POGDP_PT,A,2022,149.483390232978,0,,,,,,,M,OL
dataflow,IMF.FAD:FM_2025_OCT_VINTAGE(1.0.0),R,JPN,G63N_S13_POGDP_PT,A,2023,136.317766682563,0,,,,,,,M,OL
dataflow,IMF.FAD:FM_2025_OCT_VINTAGE(1.0.0),R,JPN,G63N_S13_POGDP_PT,A,2024,133.883073983136,0,,,,,,,M,OL
dataflow,IMF.FAD:FM_2025_OCT_VINTAGE(1.0.0),R,JPN,G63N_S13_POGDP_PT,A,2025,130.131251142189,0,,,,,,,M,OL
dataflow,IMF.FAD:FM_2025_OCT_VINTAGE(1.0.0),R,JPN,G63N_S13_POGDP_PT,A,2026,128.858229213324,0,,,,,,,M,OL
dataflow,IMF.FAD:FM_2025_OCT_VINTAGE(1.0.0),R,JPN,G63N_S13_POGDP_PT,A,2027,128.048815259681,0,,,,,,,M,OL
dataflow,IMF.FAD:FM_2025_OCT_VINTAGE(1.0.0),R,JPN,G63N_S13_POGDP_PT,A,2028,127.9717389308,0,,,,,,,M,OL
dataflow,IMF.FAD:FM_2025_OCT_VINTAGE(1.0.0),R,JPN,G63N_S13_POGDP_PT,A,2029,128.585167297295,0,,,,,,,M,OL
dataflow,IMF.FAD:FM_2025_OCT_VINTAGE(1.0.0),R,JPN,G63N_S13_POGDP_PT,A,2030,129.888611560177,0,,,,,,,M,OL
dataflow,IMF.FAD:FM_2025_OCT_VINTAGE(1.0.0),R,JPN,GNLB_S13_POGDP_PT,A,1991,1.6748036501656,0,,,,,,,M,OL
dataflow,IMF.FAD:FM_2025_OCT_VINTAGE(1.0.0),R,JPN,GNLB_S13_POGDP_PT,A,1992,0.574339997933201,0,,,,,,,M,OL
dataflow,IMF.FAD:FM_2025_OCT_VINTAGE(1.0.0),R,JPN,GNLB_S13_POGDP_PT,A,1993,-2.39091230923108,0,,,,,,,M,OL
dataflow,IMF.FAD:FM_2025_OCT_VINTAGE(1.0.0),R,JPN,GNLB_S13_POGDP_PT,A,1994,-3.76194765403798,0,,,,,,,M,OL
dataflow,IMF.FAD:FM_2025_OCT_VINTAGE(1.0.0),R,JPN,GNLB_S13_POGDP_PT,A,1995,-4.29551683468376,0,,,,,,,M,OL
dataflow,IMF.FAD:FM_2025_OCT_VINTAGE(1.0.0),R,JPN,GNLB_S13_POGDP_PT,A,1996,-4.86916547477229,0,,,,,,,M,OL
dataflow,IMF.FAD:FM_2025_OCT_VINTAGE(1.0.0),R,JPN,GNLB_S13_POGDP_PT,A,1997,-3.5262194337804,0,,,,,,,M,OL
dataflow,IMF.FAD:FM_2025_OCT_VINTAGE(1.0.0),R,JPN,GNLB_S13_POGDP_PT,A,1998,-10.0468334049708,0,,,,,,,M,OL
dataflow,IMF.FAD:FM_2025_OCT_VINTAGE(1.0.0),R,JPN,GNLB_S13_POGDP_PT,A,1999,-6.74853840372269,0,,,,,,,M,OL
dataflow,IMF.FAD:FM_2025_OCT_VINTAGE(1.0.0),R,JPN,GNLB_S13_POGDP_PT,A,2000,-7.28184606488615,0,,,,,,,M,OL
dataflow,IMF.FAD:FM_2025_OCT_VINTAGE(1.0.0),R,JPN,GNLB_S13_POGDP_PT,A,2001,-6.2004811776985,0,,,,,,,M,OL
dataflow,IMF.FAD:FM_2025_OCT_VINTAGE(1.0.0),R,JPN,GNLB_S13_POGDP_PT,A,2002,-7.33596998314708,0,,,,,,,M,OL
dataflow,IMF.FAD:FM_2025_OCT_VINTAGE(1.0.0),R,JPN,GNLB_S13_POGDP_PT,A,2003,-7.43328752270889,0,,,,,,,M,OL
dataflow,IMF.FAD:FM_2025_OCT_VINTAGE(1.0.0),R,JPN,GNLB_S13_POGDP_PT,A,2004,-5.31417683649574,0,,,,,,,M,OL
dataflow,IMF.FAD:FM_2025_OCT_VINTAGE(1.0.0),R,JPN,GNLB_S13_POGDP_PT,A,2005,-4.43848029991985,0,,,,,,,M,OL
dataflow,IMF.FAD:FM_2025_OCT_VINTAGE(1.0.0),R,JPN,GNLB_S13_POGDP_PT,A,2006,-3.02881214238013,0,,,,,,,M,OL
dataflow,IMF.FAD:FM_2025_OCT_VINTAGE(1.0.0),R,JPN,GNLB_S13_POGDP_PT,A,2007,-2.90104411108332,0,,,,,,,M,OL
dataflow,IMF.FAD:FM_2025_OCT_VINTAGE(1.0.0),R,JPN,GNLB_S13_POGDP_PT,A,2008,-4.10968584592055,0,,,,,,,M,OL
dataflow,IMF.FAD:FM_2025_OCT_VINTAGE(1.0.0),R,JPN,GNLB_S13_POGDP_PT,A,2009,-9.69296381125409,0,,,,,,,M,OL
dataflow,IMF.FAD:FM_2025_OCT_VINTAGE(1.0.0),R,JPN,GNLB_S13_POGDP_PT,A,2010,-9.0758106433122,0,,,,,,,M,OL
dataflow,IMF.FAD:FM_2025_OCT_VINTAGE(1.0.0),R,JPN,GNLB_S13_POGDP_PT,A,2011,-8.98552414418362,0,,,,,,,M,OL
dataflow,IMF.FAD:FM_2025_OCT_VINTAGE(1.0.0),R,JPN,GNLB_S13_POGDP_PT,A,2012,-8.19647990127771,0,,,,,,,M,OL
dataflow,IMF.FAD:FM_2025_OCT_VINTAGE(1.0.0),R,JPN,GNLB_S13_POGDP_PT,A,2013,-7.61137297656028,0,,,,,,,M,OL
dataflow,IMF.FAD:FM_2025_OCT_VINTAGE(1.0.0),R,JPN,GNLB_S13_POGDP_PT,A,2014,-5.61605177684132,0,,,,,,,M,OL
dataflow,IMF.FAD:FM_2025_OCT_VINTAGE(1.0.0),R,JPN,GNLB_S13_POGDP_PT,A,2015,-3.67778966471164,0,,,,,,,M,OL
dataflow,IMF.FAD:FM_2025_OCT_VINTAGE(1.0.0),R,JPN,GNLB_S13_POGDP_PT,A,2016,-3.59960952640932,0,,,,,,,M,OL
dataflow,IMF.FAD:FM_2025_OCT_VINTAGE(1.0.0),R,JPN,GNLB_S13_POGDP_PT,A,2017,-3.09881335736874,0,,,,,,,M,OL
dataflow,IMF.FAD:FM_2025_OCT_VINTAGE(1.0.0),R,JPN,GNLB_S13_POGDP_PT,A,2018,-2.47140785236012,0,,,,,,,M,OL
dataflow,IMF.FAD:FM_2025_OCT_VINTAGE(1.0.0),R,JPN,GNLB_S13_POGDP_PT,A,2019,-3.04464386696872,0,,,,,,,M,OL
dataflow,IMF.FAD:FM_2025_OCT_VINTAGE(1.0.0),R,JPN,GNLB_S13_POGDP_PT,A,2020,-9.07507716631326,0,,,,,,,M,OL
dataflow,IMF.FAD:FM_2025_OCT_VINTAGE(1.0.0),R,JPN,GNLB_S13_POGDP_PT,A,2021,-6.12770610790747,0,,,,,,,M,OL
dataflow,IMF.FAD:FM_2025_OCT_VINTAGE(1.0.0),R,JPN,GNLB_S13_POGDP_PT,A,2022,-4.21470436948832,0,,,,,,,M,OL
dataflow,IMF.FAD:FM_2025_OCT_VINTAGE(1.0.0),R,JPN,GNLB_S13_POGDP_PT,A,2023,-2.26070948836044,0,,,,,,,M,OL
dataflow,IMF.FAD:FM_2025_OCT_VINTAGE(1.0.0),R,JPN,GNLB_S13_POGDP_PT,A,2024,-1.52977748638056,0,,,,,,,M,OL
dataflow,IMF.FAD:FM_2025_OCT_VINTAGE(1.0.0),R,JPN,GNLB_S13_POGDP_PT,A,2025,-1.25870367401248,0,,,,,,,M,OL
dataflow,IMF.FAD:FM_2025_OCT_VINTAGE(1.0.0),R,JPN,GNLB_S13_POGDP_PT,A,2026,-2.02793328684279,0,,,,,,,M,OL
dataflow,IMF.FAD:FM_2025_OCT_VINTAGE(1.0.0),R,JPN,GNLB_S13_POGDP_PT,A,2027,-2.53955814726549,0,,,,,,,M,OL
dataflow,IMF.FAD:FM_2025_OCT_VINTAGE(1.0.0),R,JPN,GNLB_S13_POGDP_PT,A,2028,-3.12198363348419,0,,,,,,,M,OL
dataflow,IMF.FAD:FM_2025_OCT_VINTAGE(1.0.0),R,JPN,GNLB_S13_POGDP_PT,A,2029,-3.74646447765324,0,,,,,,,M,OL
dataflow,IMF.FAD:FM_2025_OCT_VINTAGE(1.0.0),R,JPN,GNLB_S13_POGDP_PT,A,2030,-4.39535542689456,0,,,,,,,M,OL
dataflow,IMF.FAD:FM_2025_OCT_VINTAGE(1.0.0),R,JPN,GPB_S13_POGDP_PT,A,1991,2.69501288920977,0,,,,,,,M,OL
dataflow,IMF.FAD:FM_2025_OCT_VINTAGE(1.0.0),R,JPN,GPB_S13_POGDP_PT,A,1992,1.6729368160547,0,,,,,,,M,OL
dataflow,IMF.FAD:FM_2025_OCT_VINTAGE(1.0.0),R,JPN,GPB_S13_POGDP_PT,A,1993,-1.2455356594221,0,,,,,,,M,OL
dataflow,IMF.FAD:FM_2025_OCT_VINTAGE(1.0.0),R,JPN,GPB_S13_POGDP_PT,A,1994,-2.66570134202047,0,,,,,,,M,OL
dataflow,IMF.FAD:FM_2025_OCT_VINTAGE(1.0.0),R,JPN,GPB_S13_POGDP_PT,A,1995,-3.12547448916209,0,,,,,,,M,OL
dataflow,IMF.FAD:FM_2025_OCT_VINTAGE(1.0.0),R,JPN,GPB_S13_POGDP_PT,A,1996,-3.67137698343049,0,,,,,,,M,OL
dataflow,IMF.FAD:FM_2025_OCT_VINTAGE(1.0.0),R,JPN,GPB_S13_POGDP_PT,A,1997,-2.33117644472319,0,,,,,,,M,OL
dataflow,IMF.FAD:FM_2025_OCT_VINTAGE(1.0.0),R,JPN,GPB_S13_POGDP_PT,A,1998,-8.73236291545868,0,,,,,,,M,OL
dataflow,IMF.FAD:FM_2025_OCT_VINTAGE(1.0.0),R,JPN,GPB_S13_POGDP_PT,A,1999,-5.41969917240123,0,,,,,,,M,OL
dataflow,IMF.FAD:FM_2025_OCT_VINTAGE(1.0.0),R,JPN,GPB_S13_POGDP_PT,A,2000,-5.95280918938444,0,,,,,,,M,OL
dataflow,IMF.FAD:FM_2025_OCT_VINTAGE(1.0.0),R,JPN,GPB_S13_POGDP_PT,A,2001,-4.90108320469388,0,,,,,,,M,OL
dataflow,IMF.FAD:FM_2025_OCT_VINTAGE(1.0.0),R,JPN,GPB_S13_POGDP_PT,A,2002,-6.03626038578878,0,,,,,,,M,OL
dataflow,IMF.FAD:FM_2025_OCT_VINTAGE(1.0.0),R,JPN,GPB_S13_POGDP_PT,A,2003,-6.18124708594235,0,,,,,,,M,OL
dataflow,IMF.FAD:FM_2025_OCT_VINTAGE(1.0.0),R,JPN,GPB_S13_POGDP_PT,A,2004,-4.21374425317373,0,,,,,,,M,OL
dataflow,IMF.FAD:FM_2025_OCT_VINTAGE(1.0.0),R,JPN,GPB_S13_POGDP_PT,A,2005,-3.60967828923697,0,,,,,,,M,OL
dataflow,IMF.FAD:FM_2025_OCT_VINTAGE(1.0.0),R,JPN,GPB_S13_POGDP_PT,A,2006,-2.39054790419945,0,,,,,,,M,OL
dataflow,IMF.FAD:FM_2025_OCT_VINTAGE(1.0.0),R,JPN,GPB_S13_POGDP_PT,A,2007,-2.19338056529639,0,,,,,,,M,OL
dataflow,IMF.FAD:FM_2025_OCT_VINTAGE(1.0.0),R,JPN,GPB_S13_POGDP_PT,A,2008,-3.26398695928452,0,,,,,,,M,OL
dataflow,IMF.FAD:FM_2025_OCT_VINTAGE(1.0.0),R,JPN,GPB_S13_POGDP_PT,A,2009,-8.67903965422768,0,,,,,,,M,OL
dataflow,IMF.FAD:FM_2025_OCT_VINTAGE(1.0.0),R,JPN,GPB_S13_POGDP_PT,A,2010,-7.99969378708233,0,,,,,,,M,OL
dataflow,IMF.FAD:FM_2025_OCT_VINTAGE(1.0.0),R,JPN,GPB_S13_POGDP_PT,A,2011,-7.78387332168725,0,,,,,,,M,OL
dataflow,IMF.FAD:FM_2025_OCT_VINTAGE(1.0.0),R,JPN,GPB_S13_POGDP_PT,A,2012,-6.97326098067714,0,,,,,,,M,OL
dataflow,IMF.FAD:FM_2025_OCT_VINTAGE(1.0.0),R,JPN,GPB_S13_POGDP_PT,A,2013,-6.47962671952815,0,,,,,,,M,OL
dataflow,IMF.FAD:FM_2025_OCT_VINTAGE(1.0.0),R,JPN,GPB_S13_POGDP_PT,A,2014,-4.50643789232728,0,,,,,,,M,OL
dataflow,IMF.FAD:FM_2025_OCT_VINTAGE(1.0.0),R,JPN,GPB_S13_POGDP_PT,A,2015,-2.63145862591175,0,,,,,,,M,OL
dataflow,IMF.FAD:FM_2025_OCT_VINTAGE(1.0.0),R,JPN,GPB_S13_POGDP_PT,A,2016,-2.5315753449067,0,,,,,,,M,OL
dataflow,IMF.FAD:FM_2025_OCT_VINTAGE(1.0.0),R,JPN,GPB_S13_POGDP_PT,A,2017,-2.16369267709688,0,,,,,,,M,OL
dataflow,IMF.FAD:FM_2025_OCT_VINTAGE(1.0.0),R,JPN,GPB_S13_POGDP_PT,A,2018,-1.6780802906634,0,,,,,,,M,OL
dataflow,IMF.FAD:FM_2025_OCT_VINTAGE(1.0.0),R,JPN,GPB_S13_POGDP_PT,A,2019,-2.36408716875759,0,,,,,,,M,OL
dataflow,IMF.FAD:FM_2025_OCT_VINTAGE(1.0.0),R,JPN,GPB_S13_POGDP_PT,A,2020,-8.43517631277239,0,,,,,,,M,OL
dataflow,IMF.FAD:FM_2025_OCT_VINTAGE(1.0.0),R,JPN,GPB_S13_POGDP_PT,A,2021,-5.54222688228561,0,,,,,,,M,OL
dataflow,IMF.FAD:FM_2025_OCT_VINTAGE(1.0.0),R,JPN,GPB_S13_POGDP_PT,A,2022,-3.80980389466362,0,,,,,,,M,OL
dataflow,IMF.FAD:FM_2025_OCT_VINTAGE(1.0.0),R,JPN,GPB_S13_POGDP_PT,A,2023,-2.04757437237786,0,,,,,,,M,OL
dataflow,IMF.FAD:FM_2025_OCT_VINTAGE(1.0.0),R,JPN,GPB_S13_POGDP_PT,A,2024,-1.14569424844936,0,,,,,,,M,OL
dataflow,IMF.FAD:FM_2025_OCT_VINTAGE(1.0.0),R,JPN,GPB_S13_POGDP_PT,A,2025,-0.860959280095607,0,,,,,,,M,OL
dataflow,IMF.FAD:FM_2025_OCT_VINTAGE(1.0.0),R,JPN,GPB_S13_POGDP_PT,A,2026,-1.40432999072851,0,,,,,,,M,OL
dataflow,IMF.FAD:FM_2025_OCT_VINTAGE(1.0.0),R,JPN,GPB_S13_POGDP_PT,A,2027,-1.54982447873304,0,,,,,,,M,OL
dataflow,IMF.FAD:FM_2025_OCT_VINTAGE(1.0.0),R,JPN,GPB_S13_POGDP_PT,A,2028,-1.7460436579465,0,,,,,,,M,OL
dataflow,IMF.FAD:FM_2025_OCT_VINTAGE(1.0.0),R,JPN,GPB_S13_POGDP_PT,A,2029,-2.05834726198183,0,,,,,,,M,OL
dataflow,IMF.FAD:FM_2025_OCT_VINTAGE(1.0.0),R,JPN,GPB_S13_POGDP_PT,A,2030,-2.48116094932541,0,,,,,,,M,OL
dataflow,IMF.FAD:FM_2025_OCT_VINTAGE(1.0.0),R,KOR,G1_S13_POGDP_PT,A,1996,16.3403236593691,0,,,,,,,M,OL
dataflow,IMF.FAD:FM_2025_OCT_VINTAGE(1.0.0),R,KOR,G1_S13_POGDP_PT,A,1997,16.1890590934555,0,,,,,,,M,OL
dataflow,IMF.FAD:FM_2025_OCT_VINTAGE(1.0.0),R,KOR,G1_S13_POGDP_PT,A,1998,17.1249434927438,0,,,,,,,M,OL
dataflow,IMF.FAD:FM_2025_OCT_VINTAGE(1.0.0),R,KOR,G1_S13_POGDP_PT,A,1999,17.2910865052287,0,,,,,,,M,OL
dataflow,IMF.FAD:FM_2025_OCT_VINTAGE(1.0.0),R,KOR,G1_S13_POGDP_PT,A,2000,19.9261126368626,0,,,,,,,M,OL
dataflow,IMF.FAD:FM_2025_OCT_VINTAGE(1.0.0),R,KOR,G1_S13_POGDP_PT,A,2001,19.3611814613187,0,,,,,,,M,OL
dataflow,IMF.FAD:FM_2025_OCT_VINTAGE(1.0.0),R,KOR,G1_S13_POGDP_PT,A,2002,19.1145592599543,0,,,,,,,M,OL
dataflow,IMF.FAD:FM_2025_OCT_VINTAGE(1.0.0),R,KOR,G1_S13_POGDP_PT,A,2003,19.3772907507407,0,,,,,,,M,OL
dataflow,IMF.FAD:FM_2025_OCT_VINTAGE(1.0.0),R,KOR,G1_S13_POGDP_PT,A,2004,18.5865674223577,0,,,,,,,M,OL
dataflow,IMF.FAD:FM_2025_OCT_VINTAGE(1.0.0),R,KOR,G1_S13_POGDP_PT,A,2005,19.1086898742986,0,,,,,,,M,OL
dataflow,IMF.FAD:FM_2025_OCT_VINTAGE(1.0.0),R,KOR,G1_S13_POGDP_PT,A,2006,19.9003847510365,0,,,,,,,M,OL
dataflow,IMF.FAD:FM_2025_OCT_VINTAGE(1.0.0),R,KOR,G1_S13_POGDP_PT,A,2007,21.3031469193761,0,,,,,,,M,OL
dataflow,IMF.FAD:FM_2025_OCT_VINTAGE(1.0.0),R,KOR,G1_S13_POGDP_PT,A,2008,20.6828433125967,0,,,,,,,M,OL
dataflow,IMF.FAD:FM_2025_OCT_VINTAGE(1.0.0),R,KOR,G1_S13_POGDP_PT,A,2009,19.7782945887112,0,,,,,,,M,OL
dataflow,IMF.FAD:FM_2025_OCT_VINTAGE(1.0.0),R,KOR,G1_S13_POGDP_PT,A,2010,19.467035003982,0,,,,,,,M,OL
dataflow,IMF.FAD:FM_2025_OCT_VINTAGE(1.0.0),R,KOR,G1_S13_POGDP_PT,A,2011,20.0056510681492,0,,,,,,,M,OL
dataflow,IMF.FAD:FM_2025_OCT_VINTAGE(1.0.0),R,KOR,G1_S13_POGDP_PT,A,2012,20.4531997992123,0,,,,,,,M,OL
dataflow,IMF.FAD:FM_2025_OCT_VINTAGE(1.0.0),R,KOR,G1_S13_POGDP_PT,A,2013,19.805745369598,0,,,,,,,M,OL
dataflow,IMF.FAD:FM_2025_OCT_VINTAGE(1.0.0),R,KOR,G1_S13_POGDP_PT,A,2014,19.4194660823219,0,,,,,,,M,OL
dataflow,IMF.FAD:FM_2025_OCT_VINTAGE(1.0.0),R,KOR,G1_S13_POGDP_PT,A,2015,19.2966240343387,0,,,,,,,M,OL
dataflow,IMF.FAD:FM_2025_OCT_VINTAGE(1.0.0),R,KOR,G1_S13_POGDP_PT,A,2016,20.0699771661785,0,,,,,,,M,OL
dataflow,IMF.FAD:FM_2025_OCT_VINTAGE(1.0.0),R,KOR,G1_S13_POGDP_PT,A,2017,20.7140925407212,0,,,,,,,M,OL
dataflow,IMF.FAD:FM_2025_OCT_VINTAGE(1.0.0),R,KOR,G1_S13_POGDP_PT,A,2018,21.7022178556719,0,,,,,,,M,OL
dataflow,IMF.FAD:FM_2025_OCT_VINTAGE(1.0.0),R,KOR,G1_S13_POGDP_PT,A,2019,21.6186039527798,0,,,,,,,M,OL
dataflow,IMF.FAD:FM_2025_OCT_VINTAGE(1.0.0),R,KOR,G1_S13_POGDP_PT,A,2020,21.5545893022791,0,,,,,,,M,OL
dataflow,IMF.FAD:FM_2025_OCT_VINTAGE(1.0.0),R,KOR,G1_S13_POGDP_PT,A,2021,24.0783065798844,0,,,,,,,M,OL
dataflow,IMF.FAD:FM_2025_OCT_VINTAGE(1.0.0),R,KOR,G1_S13_POGDP_PT,A,2022,25.1884686581562,0,,,,,,,M,OL
dataflow,IMF.FAD:FM_2025_OCT_VINTAGE(1.0.0),R,KOR,G1_S13_POGDP_PT,A,2023,22.4141589487353,0,,,,,,,M,OL
dataflow,IMF.FAD:FM_2025_OCT_VINTAGE(1.0.0),R,KOR,G1_S13_POGDP_PT,A,2024,21.7502157140246,0,,,,,,,M,OL
dataflow,IMF.FAD:FM_2025_OCT_VINTAGE(1.0.0),R,KOR,G1_S13_POGDP_PT,A,2025,22.5903401402399,0,,,,,,,M,OL
dataflow,IMF.FAD:FM_2025_OCT_VINTAGE(1.0.0),R,KOR,G1_S13_POGDP_PT,A,2026,23.2164030325989,0,,,,,,,M,OL
dataflow,IMF.FAD:FM_2025_OCT_VINTAGE(1.0.0),R,KOR,G1_S13_POGDP_PT,A,2027,23.3142479680455,0,,,,,,,M,OL
dataflow,IMF.FAD:FM_2025_OCT_VINTAGE(1.0.0),R,KOR,G1_S13_POGDP_PT,A,2028,23.3043734129139,0,,,,,,,M,OL
dataflow,IMF.FAD:FM_2025_OCT_VINTAGE(1.0.0),R,KOR,G1_S13_POGDP_PT,A,2029,23.5361640498322,0,,,,,,,M,OL
dataflow,IMF.FAD:FM_2025_OCT_VINTAGE(1.0.0),R,KOR,G1_S13_POGDP_PT,A,2030,23.5361640498322,0,,,,,,,M,OL
dataflow,IMF.FAD:FM_2025_OCT_VINTAGE(1.0.0),R,KOR,G63G_S13_POGDP_PT,A,1991,11.9257195509898,0,,,,,,,M,OL
dataflow,IMF.FAD:FM_2025_OCT_VINTAGE(1.0.0),R,KOR,G63G_S13_POGDP_PT,A,1992,11.6452690514497,0,,,,,,,M,OL
dataflow,IMF.FAD:FM_2025_OCT_VINTAGE(1.0.0),R,KOR,G63G_S13_POGDP_PT,A,1993,10.8621262139995,0,,,,,,,M,OL
dataflow,IMF.FAD:FM_2025_OCT_VINTAGE(1.0.0),R,KOR,G63G_S13_POGDP_PT,A,1994,9.63103838233745,0,,,,,,,M,OL
dataflow,IMF.FAD:FM_2025_OCT_VINTAGE(1.0.0),R,KOR,G63G_S13_POGDP_PT,A,1995,8.48455697471733,0,,,,,,,M,OL
dataflow,IMF.FAD:FM_2025_OCT_VINTAGE(1.0.0),R,KOR,G63G_S13_POGDP_PT,A,1996,7.810539685095,0,,,,,,,M,OL
dataflow,IMF.FAD:FM_2025_OCT_VINTAGE(1.0.0),R,KOR,G63G_S13_POGDP_PT,A,1997,9.69391011476821,0,,,,,,,M,OL
dataflow,IMF.FAD:FM_2025_OCT_VINTAGE(1.0.0),R,KOR,G63G_S13_POGDP_PT,A,1998,13.817180410839,0,,,,,,,M,OL
dataflow,IMF.FAD:FM_2025_OCT_VINTAGE(1.0.0),R,KOR,G63G_S13_POGDP_PT,A,1999,15.759141594568,0,,,,,,,M,OL
dataflow,IMF.FAD:FM_2025_OCT_VINTAGE(1.0.0),R,KOR,G63G_S13_POGDP_PT,A,2000,16.087068477796,0,,,,,,,M,OL
dataflow,IMF.FAD:FM_2025_OCT_VINTAGE(1.0.0),R,KOR,G63G_S13_POGDP_PT,A,2001,16.6250692792407,0,,,,,,,M,OL
dataflow,IMF.FAD:FM_2025_OCT_VINTAGE(1.0.0),R,KOR,G63G_S13_POGDP_PT,A,2002,16.4443953668934,0,,,,,,,M,OL
dataflow,IMF.FAD:FM_2025_OCT_VINTAGE(1.0.0),R,KOR,G63G_S13_POGDP_PT,A,2003,19.101828730118,0,,,,,,,M,OL
dataflow,IMF.FAD:FM_2025_OCT_VINTAGE(1.0.0),R,KOR,G63G_S13_POGDP_PT,A,2004,21.602521536819,0,,,,,,,M,OL
dataflow,IMF.FAD:FM_2025_OCT_VINTAGE(1.0.0),R,KOR,G63G_S13_POGDP_PT,A,2005,24.9174140641525,0,,,,,,,M,OL
dataflow,IMF.FAD:FM_2025_OCT_VINTAGE(1.0.0),R,KOR,G63G_S13_POGDP_PT,A,2006,27.0434113010767,0,,,,,,,M,OL
dataflow,IMF.FAD:FM_2025_OCT_VINTAGE(1.0.0),R,KOR,G63G_S13_POGDP_PT,A,2007,26.3456253201184,0,,,,,,,M,OL
dataflow,IMF.FAD:FM_2025_OCT_VINTAGE(1.0.0),R,KOR,G63G_S13_POGDP_PT,A,2008,25.8564428176229,0,,,,,,,M,OL
dataflow,IMF.FAD:FM_2025_OCT_VINTAGE(1.0.0),R,KOR,G63G_S13_POGDP_PT,A,2009,28.7905238040082,0,,,,,,,M,OL
dataflow,IMF.FAD:FM_2025_OCT_VINTAGE(1.0.0),R,KOR,G63G_S13_POGDP_PT,A,2010,28.2746468509929,0,,,,,,,M,OL
dataflow,IMF.FAD:FM_2025_OCT_VINTAGE(1.0.0),R,KOR,G63G_S13_POGDP_PT,A,2011,31.7001037639938,0,,,,,,,M,OL
dataflow,IMF.FAD:FM_2025_OCT_VINTAGE(1.0.0),R,KOR,G63G_S13_POGDP_PT,A,2012,33.5360328193328,0,,,,,,,M,OL
dataflow,IMF.FAD:FM_2025_OCT_VINTAGE(1.0.0),R,KOR,G63G_S13_POGDP_PT,A,2013,36.006810198314,0,,,,,,,M,OL
dataflow,IMF.FAD:FM_2025_OCT_VINTAGE(1.0.0),R,KOR,G63G_S13_POGDP_PT,A,2014,37.8747074842049,0,,,,,,,M,OL
dataflow,IMF.FAD:FM_2025_OCT_VINTAGE(1.0.0),R,KOR,G63G_S13_POGDP_PT,A,2015,38.8426572484113,0,,,,,,,M,OL
dataflow,IMF.FAD:FM_2025_OCT_VINTAGE(1.0.0),R,KOR,G63G_S13_POGDP_PT,A,2016,39.1435517549147,0,,,,,,,M,OL
dataflow,IMF.FAD:FM_2025_OCT_VINTAGE(1.0.0),R,KOR,G63G_S13_POGDP_PT,A,2017,38.0114458871252,0,,,,,,,M,OL
dataflow,IMF.FAD:FM_2025_OCT_VINTAGE(1.0.0),R,KOR,G63G_S13_POGDP_PT,A,2018,37.8540177006602,0,,,,,,,M,OL
dataflow,IMF.FAD:FM_2025_OCT_VINTAGE(1.0.0),R,KOR,G63G_S13_POGDP_PT,A,2019,39.7299167619031,0,,,,,,,M,OL
dataflow,IMF.FAD:FM_2025_OCT_VINTAGE(1.0.0),R,KOR,G63G_S13_POGDP_PT,A,2020,45.9150498182205,0,,,,,,,M,OL
dataflow,IMF.FAD:FM_2025_OCT_VINTAGE(1.0.0),R,KOR,G63G_S13_POGDP_PT,A,2021,47.9878253642616,0,,,,,,,M,OL
dataflow,IMF.FAD:FM_2025_OCT_VINTAGE(1.0.0),R,KOR,G63G_S13_POGDP_PT,A,2022,49.7978572263026,0,,,,,,,M,OL
dataflow,IMF.FAD:FM_2025_OCT_VINTAGE(1.0.0),R,KOR,G63G_S13_POGDP_PT,A,2023,50.5387461829528,0,,,,,,,M,OL
dataflow,IMF.FAD:FM_2025_OCT_VINTAGE(1.0.0),R,KOR,G63G_S13_POGDP_PT,A,2024,49.8150061039834,0,,,,,,,M,OL
dataflow,IMF.FAD:FM_2025_OCT_VINTAGE(1.0.0),R,KOR,G63G_S13_POGDP_PT,A,2025,53.3697182747802,0,,,,,,,M,OL
dataflow,IMF.FAD:FM_2025_OCT_VINTAGE(1.0.0),R,KOR,G63G_S13_POGDP_PT,A,2026,56.6632480037997,0,,,,,,,M,OL
dataflow,IMF.FAD:FM_2025_OCT_VINTAGE(1.0.0),R,KOR,G63G_S13_POGDP_PT,A,2027,58.8872977633997,0,,,,,,,M,OL
dataflow,IMF.FAD:FM_2025_OCT_VINTAGE(1.0.0),R,KOR,G63G_S13_POGDP_PT,A,2028,60.9404222431785,0,,,,,,,M,OL
dataflow,IMF.FAD:FM_2025_OCT_VINTAGE(1.0.0),R,KOR,G63G_S13_POGDP_PT,A,2029,62.727352721886,0,,,,,,,M,OL
dataflow,IMF.FAD:FM_2025_OCT_VINTAGE(1.0.0),R,KOR,G63G_S13_POGDP_PT,A,2030,64.2876529291246,0,,,,,,,M,OL
dataflow,IMF.FAD:FM_2025_OCT_VINTAGE(1.0.0),R,KOR,G63N_S13_POGDP_PT,A,2013,-2.70303209273491,0,,,,,,,M,OL
dataflow,IMF.FAD:FM_2025_OCT_VINTAGE(1.0.0),R,KOR,G63N_S13_POGDP_PT,A,2014,-2.62562596998379,0,,,,,,,M,OL
dataflow,IMF.FAD:FM_2025_OCT_VINTAGE(1.0.0),R,KOR,G63N_S13_POGDP_PT,A,2015,-1.10863310745789,0,,,,,,,M,OL
dataflow,IMF.FAD:FM_2025_OCT_VINTAGE(1.0.0),R,KOR,G63N_S13_POGDP_PT,A,2016,-0.714969360502917,0,,,,,,,M,OL
dataflow,IMF.FAD:FM_2025_OCT_VINTAGE(1.0.0),R,KOR,G63N_S13_POGDP_PT,A,2017,-0.681769212209604,0,,,,,,,M,OL
dataflow,IMF.FAD:FM_2025_OCT_VINTAGE(1.0.0),R,KOR,G63N_S13_POGDP_PT,A,2018,-2.49075439064954,0,,,,,,,M,OL
dataflow,IMF.FAD:FM_2025_OCT_VINTAGE(1.0.0),R,KOR,G63N_S13_POGDP_PT,A,2019,-1.53111875711566,0,,,,,,,M,OL
dataflow,IMF.FAD:FM_2025_OCT_VINTAGE(1.0.0),R,KOR,G63N_S13_POGDP_PT,A,2020,2.16381377006539,0,,,,,,,M,OL
dataflow,IMF.FAD:FM_2025_OCT_VINTAGE(1.0.0),R,KOR,G63N_S13_POGDP_PT,A,2021,2.65144887228312,0,,,,,,,M,OL
dataflow,IMF.FAD:FM_2025_OCT_VINTAGE(1.0.0),R,KOR,G63N_S13_POGDP_PT,A,2022,6.17920739735907,0,,,,,,,M,OL
dataflow,IMF.FAD:FM_2025_OCT_VINTAGE(1.0.0),R,KOR,G63N_S13_POGDP_PT,A,2023,7.39599657478549,0,,,,,,,M,OL
dataflow,IMF.FAD:FM_2025_OCT_VINTAGE(1.0.0),R,KOR,G63N_S13_POGDP_PT,A,2024,7.8109540210894,0,,,,,,,M,OL
dataflow,IMF.FAD:FM_2025_OCT_VINTAGE(1.0.0),R,KOR,G63N_S13_POGDP_PT,A,2025,9.29721599705691,0,,,,,,,M,OL
dataflow,IMF.FAD:FM_2025_OCT_VINTAGE(1.0.0),R,KOR,G63N_S13_POGDP_PT,A,2026,10.2638988958618,0,,,,,,,M,OL
dataflow,IMF.FAD:FM_2025_OCT_VINTAGE(1.0.0),R,KOR,G63N_S13_POGDP_PT,A,2027,10.8967508434587,0,,,,,,,M,OL
dataflow,IMF.FAD:FM_2025_OCT_VINTAGE(1.0.0),R,KOR,G63N_S13_POGDP_PT,A,2028,11.589424729119,0,,,,,,,M,OL
dataflow,IMF.FAD:FM_2025_OCT_VINTAGE(1.0.0),R,KOR,G63N_S13_POGDP_PT,A,2029,12.2873503389048,0,,,,,,,M,OL
dataflow,IMF.FAD:FM_2025_OCT_VINTAGE(1.0.0),R,KOR,G63N_S13_POGDP_PT,A,2030,12.8793772842858,0,,,,,,,M,OL
dataflow,IMF.FAD:FM_2025_OCT_VINTAGE(1.0.0),R,KOR,GNLB_S13_POGDP_PT,A,1996,2.29868577879206,0,,,,,,,M,OL
dataflow,IMF.FAD:FM_2025_OCT_VINTAGE(1.0.0),R,KOR,GNLB_S13_POGDP_PT,A,1997,2.3148891529379,0,,,,,,,M,OL
dataflow,IMF.FAD:FM_2025_OCT_VINTAGE(1.0.0),R,KOR,GNLB_S13_POGDP_PT,A,1998,1.09069933218616,0,,,,,,,M,OL
dataflow,IMF.FAD:FM_2025_OCT_VINTAGE(1.0.0),R,KOR,GNLB_S13_POGDP_PT,A,1999,1.14534931042869,0,,,,,,,M,OL
dataflow,IMF.FAD:FM_2025_OCT_VINTAGE(1.0.0),R,KOR,GNLB_S13_POGDP_PT,A,2000,3.9051817242501,0,,,,,,,M,OL
dataflow,IMF.FAD:FM_2025_OCT_VINTAGE(1.0.0),R,KOR,GNLB_S13_POGDP_PT,A,2001,2.41990050538873,0,,,,,,,M,OL
dataflow,IMF.FAD:FM_2025_OCT_VINTAGE(1.0.0),R,KOR,GNLB_S13_POGDP_PT,A,2002,3.22879855941538,0,,,,,,,M,OL
dataflow,IMF.FAD:FM_2025_OCT_VINTAGE(1.0.0),R,KOR,GNLB_S13_POGDP_PT,A,2003,1.5085415383708,0,,,,,,,M,OL
dataflow,IMF.FAD:FM_2025_OCT_VINTAGE(1.0.0),R,KOR,GNLB_S13_POGDP_PT,A,2004,0.0862734841661016,0,,,,,,,M,OL
dataflow,IMF.FAD:FM_2025_OCT_VINTAGE(1.0.0),R,KOR,GNLB_S13_POGDP_PT,A,2005,0.954786366826756,0,,,,,,,M,OL
dataflow,IMF.FAD:FM_2025_OCT_VINTAGE(1.0.0),R,KOR,GNLB_S13_POGDP_PT,A,2006,1.18491307717437,0,,,,,,,M,OL
dataflow,IMF.FAD:FM_2025_OCT_VINTAGE(1.0.0),R,KOR,GNLB_S13_POGDP_PT,A,2007,2.49412498249292,0,,,,,,,M,OL
dataflow,IMF.FAD:FM_2025_OCT_VINTAGE(1.0.0),R,KOR,GNLB_S13_POGDP_PT,A,2008,1.58103653041561,0,,,,,,,M,OL
dataflow,IMF.FAD:FM_2025_OCT_VINTAGE(1.0.0),R,KOR,GNLB_S13_POGDP_PT,A,2009,0.239356348800858,0,,,,,,,M,OL
dataflow,IMF.FAD:FM_2025_OCT_VINTAGE(1.0.0),R,KOR,GNLB_S13_POGDP_PT,A,2010,1.6064449702862,0,,,,,,,M,OL
dataflow,IMF.FAD:FM_2025_OCT_VINTAGE(1.0.0),R,KOR,GNLB_S13_POGDP_PT,A,2011,1.72075722380266,0,,,,,,,M,OL
dataflow,IMF.FAD:FM_2025_OCT_VINTAGE(1.0.0),R,KOR,GNLB_S13_POGDP_PT,A,2012,1.630585653066,0,,,,,,,M,OL
dataflow,IMF.FAD:FM_2025_OCT_VINTAGE(1.0.0),R,KOR,GNLB_S13_POGDP_PT,A,2013,0.78946458807002,0,,,,,,,M,OL
dataflow,IMF.FAD:FM_2025_OCT_VINTAGE(1.0.0),R,KOR,GNLB_S13_POGDP_PT,A,2014,0.572968391284435,0,,,,,,,M,OL
dataflow,IMF.FAD:FM_2025_OCT_VINTAGE(1.0.0),R,KOR,GNLB_S13_POGDP_PT,A,2015,0.4968473830062,0,,,,,,,M,OL
dataflow,IMF.FAD:FM_2025_OCT_VINTAGE(1.0.0),R,KOR,GNLB_S13_POGDP_PT,A,2016,1.56309796939651,0,,,,,,,M,OL
dataflow,IMF.FAD:FM_2025_OCT_VINTAGE(1.0.0),R,KOR,GNLB_S13_POGDP_PT,A,2017,2.07663612968421,0,,,,,,,M,OL
dataflow,IMF.FAD:FM_2025_OCT_VINTAGE(1.0.0),R,KOR,GNLB_S13_POGDP_PT,A,2018,2.4240964484553,0,,,,,,,M,OL
dataflow,IMF.FAD:FM_2025_OCT_VINTAGE(1.0.0),R,KOR,GNLB_S13_POGDP_PT,A,2019,0.3506331464319,0,,,,,,,M,OL
dataflow,IMF.FAD:FM_2025_OCT_VINTAGE(1.0.0),R,KOR,GNLB_S13_POGDP_PT,A,2020,-2.1053536698314,0,,,,,,,M,OL
dataflow,IMF.FAD:FM_2025_OCT_VINTAGE(1.0.0),R,KOR,GNLB_S13_POGDP_PT,A,2021,-0.0186325935638611,0,,,,,,,M,OL
dataflow,IMF.FAD:FM_2025_OCT_VINTAGE(1.0.0),R,KOR,GNLB_S13_POGDP_PT,A,2022,-1.49174948282575,0,,,,,,,M,OL
dataflow,IMF.FAD:FM_2025_OCT_VINTAGE(1.0.0),R,KOR,GNLB_S13_POGDP_PT,A,2023,-0.669244197866614,0,,,,,,,M,OL
dataflow,IMF.FAD:FM_2025_OCT_VINTAGE(1.0.0),R,KOR,GNLB_S13_POGDP_PT,A,2024,-0.783187986940531,0,,,,,,,M,OL
dataflow,IMF.FAD:FM_2025_OCT_VINTAGE(1.0.0),R,KOR,GNLB_S13_POGDP_PT,A,2025,-1.51736380674018,0,,,,,,,M,OL
dataflow,IMF.FAD:FM_2025_OCT_VINTAGE(1.0.0),R,KOR,GNLB_S13_POGDP_PT,A,2026,-1.35641892335948,0,,,,,,,M,OL
dataflow,IMF.FAD:FM_2025_OCT_VINTAGE(1.0.0),R,KOR,GNLB_S13_POGDP_PT,A,2027,-1.40892847292689,0,,,,,,,M,OL
dataflow,IMF.FAD:FM_2025_OCT_VINTAGE(1.0.0),R,KOR,GNLB_S13_POGDP_PT,A,2028,-1.35068248836781,0,,,,,,,M,OL
dataflow,IMF.FAD:FM_2025_OCT_VINTAGE(1.0.0),R,KOR,GNLB_S13_POGDP_PT,A,2029,-1.17610158214883,0,,,,,,,M,OL
dataflow,IMF.FAD:FM_2025_OCT_VINTAGE(1.0.0),R,KOR,GNLB_S13_POGDP_PT,A,2030,-1.03672859152365,0,,,,,,,M,OL
dataflow,IMF.FAD:FM_2025_OCT_VINTAGE(1.0.0),R,KOR,GPB_S13_POGDP_PT,A,1996,2.68547629194727,0,,,,,,,M,OL
dataflow,IMF.FAD:FM_2025_OCT_VINTAGE(1.0.0),R,KOR,GPB_S13_POGDP_PT,A,1997,2.71774230957249,0,,,,,,,M,OL
dataflow,IMF.FAD:FM_2025_OCT_VINTAGE(1.0.0),R,KOR,GPB_S13_POGDP_PT,A,1998,1.70110342035705,0,,,,,,,M,OL
dataflow,IMF.FAD:FM_2025_OCT_VINTAGE(1.0.0),R,KOR,GPB_S13_POGDP_PT,A,1999,2.10508322631716,0,,,,,,,M,OL
dataflow,IMF.FAD:FM_2025_OCT_VINTAGE(1.0.0),R,KOR,GPB_S13_POGDP_PT,A,2000,2.52982289148104,0,,,,,,,M,OL
dataflow,IMF.FAD:FM_2025_OCT_VINTAGE(1.0.0),R,KOR,GPB_S13_POGDP_PT,A,2001,1.43269046656233,0,,,,,,,M,OL
dataflow,IMF.FAD:FM_2025_OCT_VINTAGE(1.0.0),R,KOR,GPB_S13_POGDP_PT,A,2002,2.03692457220348,0,,,,,,,M,OL
dataflow,IMF.FAD:FM_2025_OCT_VINTAGE(1.0.0),R,KOR,GPB_S13_POGDP_PT,A,2003,0.488585555803604,0,,,,,,,M,OL
dataflow,IMF.FAD:FM_2025_OCT_VINTAGE(1.0.0),R,KOR,GPB_S13_POGDP_PT,A,2004,-0.656343141631331,0,,,,,,,M,OL
dataflow,IMF.FAD:FM_2025_OCT_VINTAGE(1.0.0),R,KOR,GPB_S13_POGDP_PT,A,2005,0.449930690616881,0,,,,,,,M,OL
dataflow,IMF.FAD:FM_2025_OCT_VINTAGE(1.0.0),R,KOR,GPB_S13_POGDP_PT,A,2006,0.56894036244175,0,,,,,,,M,OL
dataflow,IMF.FAD:FM_2025_OCT_VINTAGE(1.0.0),R,KOR,GPB_S13_POGDP_PT,A,2007,1.75788126884407,0,,,,,,,M,OL
dataflow,IMF.FAD:FM_2025_OCT_VINTAGE(1.0.0),R,KOR,GPB_S13_POGDP_PT,A,2008,1.13501393090401,0,,,,,,,M,OL
dataflow,IMF.FAD:FM_2025_OCT_VINTAGE(1.0.0),R,KOR,GPB_S13_POGDP_PT,A,2009,-0.427434377981645,0,,,,,,,M,OL
dataflow,IMF.FAD:FM_2025_OCT_VINTAGE(1.0.0),R,KOR,GPB_S13_POGDP_PT,A,2010,0.896972815888418,0,,,,,,,M,OL
dataflow,IMF.FAD:FM_2025_OCT_VINTAGE(1.0.0),R,KOR,GPB_S13_POGDP_PT,A,2011,1.02292299946768,0,,,,,,,M,OL
dataflow,IMF.FAD:FM_2025_OCT_VINTAGE(1.0.0),R,KOR,GPB_S13_POGDP_PT,A,2012,1.19708978841332,0,,,,,,,M,OL
dataflow,IMF.FAD:FM_2025_OCT_VINTAGE(1.0.0),R,KOR,GPB_S13_POGDP_PT,A,2013,0.366239764634902,0,,,,,,,M,OL
dataflow,IMF.FAD:FM_2025_OCT_VINTAGE(1.0.0),R,KOR,GPB_S13_POGDP_PT,A,2014,0.163461177549099,0,,,,,,,M,OL
dataflow,IMF.FAD:FM_2025_OCT_VINTAGE(1.0.0),R,KOR,GPB_S13_POGDP_PT,A,2015,0.181294260773012,0,,,,,,,M,OL
dataflow,IMF.FAD:FM_2025_OCT_VINTAGE(1.0.0),R,KOR,GPB_S13_POGDP_PT,A,2016,1.29028836015153,0,,,,,,,M,OL
dataflow,IMF.FAD:FM_2025_OCT_VINTAGE(1.0.0),R,KOR,GPB_S13_POGDP_PT,A,2017,1.74969445418328,0,,,,,,,M,OL
dataflow,IMF.FAD:FM_2025_OCT_VINTAGE(1.0.0),R,KOR,GPB_S13_POGDP_PT,A,2018,2.03172804217821,0,,,,,,,M,OL
dataflow,IMF.FAD:FM_2025_OCT_VINTAGE(1.0.0),R,KOR,GPB_S13_POGDP_PT,A,2019,-0.135731745031631,0,,,,,,,M,OL
dataflow,IMF.FAD:FM_2025_OCT_VINTAGE(1.0.0),R,KOR,GPB_S13_POGDP_PT,A,2020,-2.5576191913935,0,,,,,,,M,OL
dataflow,IMF.FAD:FM_2025_OCT_VINTAGE(1.0.0),R,KOR,GPB_S13_POGDP_PT,A,2021,-0.398914958532713,0,,,,,,,M,OL
dataflow,IMF.FAD:FM_2025_OCT_VINTAGE(1.0.0),R,KOR,GPB_S13_POGDP_PT,A,2022,-1.72924794818439,0,,,,,,,M,OL
dataflow,IMF.FAD:FM_2025_OCT_VINTAGE(1.0.0),R,KOR,GPB_S13_POGDP_PT,A,2023,-0.74222774232578,0,,,,,,,M,OL
dataflow,IMF.FAD:FM_2025_OCT_VINTAGE(1.0.0),R,KOR,GPB_S13_POGDP_PT,A,2024,-0.702250547617955,0,,,,,,,M,OL
dataflow,IMF.FAD:FM_2025_OCT_VINTAGE(1.0.0),R,KOR,GPB_S13_POGDP_PT,A,2025,-1.57410179075714,0,,,,,,,M,OL
dataflow,IMF.FAD:FM_2025_OCT_VINTAGE(1.0.0),R,KOR,GPB_S13_POGDP_PT,A,2026,-1.3285845316568,0,,,,,,,M,OL
dataflow,IMF.FAD:FM_2025_OCT_VINTAGE(1.0.0),R,KOR,GPB_S13_POGDP_PT,A,2027,-1.35243106413806,0,,,,,,,M,OL
dataflow,IMF.FAD:FM_2025_OCT_VINTAGE(1.0.0),R,KOR,GPB_S13_POGDP_PT,A,2028,-1.21876337148443,0,,,,,,,M,OL
dataflow,IMF.FAD:FM_2025_OCT_VINTAGE(1.0.0),R,KOR,GPB_S13_POGDP_PT,A,2029,-1.01307717056118,0,,,,,,,M,OL
dataflow,IMF.FAD:FM_2025_OCT_VINTAGE(1.0.0),R,KOR,GPB_S13_POGDP_PT,A,2030,-0.838203001727263,0,,,,,,,M,OL
dataflow,IMF.FAD:FM_2025_OCT_VINTAGE(1.0.0),R,NLD,G1_S13_POGDP_PT,A,1991,47.5335606030527,0,,,,,,,M,OL
dataflow,IMF.FAD:FM_2025_OCT_VINTAGE(1.0.0),R,NLD,G1_S13_POGDP_PT,A,1992,47.1169791197395,0,,,,,,,M,OL
dataflow,IMF.FAD:FM_2025_OCT_VINTAGE(1.0.0),R,NLD,G1_S13_POGDP_PT,A,1993,47.7308597793267,0,,,,,,,M,OL
dataflow,IMF.FAD:FM_2025_OCT_VINTAGE(1.0.0),R,NLD,G1_S13_POGDP_PT,A,1994,45.9065739398533,0,,,,,,,M,OL
dataflow,IMF.FAD:FM_2025_OCT_VINTAGE(1.0.0),R,NLD,G1_S13_POGDP_PT,A,1995,45.2110704416541,0,,,,,,,M,OL
dataflow,IMF.FAD:FM_2025_OCT_VINTAGE(1.0.0),R,NLD,G1_S13_POGDP_PT,A,1996,45.4341152620909,0,,,,,,,M,OL
dataflow,IMF.FAD:FM_2025_OCT_VINTAGE(1.0.0),R,NLD,G1_S13_POGDP_PT,A,1997,44.1064762213926,0,,,,,,,M,OL
dataflow,IMF.FAD:FM_2025_OCT_VINTAGE(1.0.0),R,NLD,G1_S13_POGDP_PT,A,1998,43.2796658891346,0,,,,,,,M,OL
dataflow,IMF.FAD:FM_2025_OCT_VINTAGE(1.0.0),R,NLD,G1_S13_POGDP_PT,A,1999,44.5586383683651,0,,,,,,,M,OL
dataflow,IMF.FAD:FM_2025_OCT_VINTAGE(1.0.0),R,NLD,G1_S13_POGDP_PT,A,2000,44.3460838451008,0,,,,,,,M,OL
dataflow,IMF.FAD:FM_2025_OCT_VINTAGE(1.0.0),R,NLD,G1_S13_POGDP_PT,A,2001,43.6076042415119,0,,,,,,,M,OL
dataflow,IMF.FAD:FM_2025_OCT_VINTAGE(1.0.0),R,NLD,G1_S13_POGDP_PT,A,2002,42.5511184109795,0,,,,,,,M,OL
dataflow,IMF.FAD:FM_2025_OCT_VINTAGE(1.0.0),R,NLD,G1_S13_POGDP_PT,A,2003,42.5602203141963,0,,,,,,,M,OL
dataflow,IMF.FAD:FM_2025_OCT_VINTAGE(1.0.0),R,NLD,G1_S13_POGDP_PT,A,2004,42.848113053146,0,,,,,,,M,OL
dataflow,IMF.FAD:FM_2025_OCT_VINTAGE(1.0.0),R,NLD,G1_S13_POGDP_PT,A,2005,42.9055434424955,0,,,,,,,M,OL
dataflow,IMF.FAD:FM_2025_OCT_VINTAGE(1.0.0),R,NLD,G1_S13_POGDP_PT,A,2006,44.0030028394196,0,,,,,,,M,OL
dataflow,IMF.FAD:FM_2025_OCT_VINTAGE(1.0.0),R,NLD,G1_S13_POGDP_PT,A,2007,43.1060977078399,0,,,,,,,M,OL
dataflow,IMF.FAD:FM_2025_OCT_VINTAGE(1.0.0),R,NLD,G1_S13_POGDP_PT,A,2008,44.2016646732146,0,,,,,,,M,OL
dataflow,IMF.FAD:FM_2025_OCT_VINTAGE(1.0.0),R,NLD,G1_S13_POGDP_PT,A,2009,43.3669801784589,0,,,,,,,M,OL
dataflow,IMF.FAD:FM_2025_OCT_VINTAGE(1.0.0),R,NLD,G1_S13_POGDP_PT,A,2010,43.5618065944867,0,,,,,,,M,OL
dataflow,IMF.FAD:FM_2025_OCT_VINTAGE(1.0.0),R,NLD,G1_S13_POGDP_PT,A,2011,43.3543237710228,0,,,,,,,M,OL
dataflow,IMF.FAD:FM_2025_OCT_VINTAGE(1.0.0),R,NLD,G1_S13_POGDP_PT,A,2012,43.808869820975,0,,,,,,,M,OL
dataflow,IMF.FAD:FM_2025_OCT_VINTAGE(1.0.0),R,NLD,G1_S13_POGDP_PT,A,2013,44.6697327241285,0,,,,,,,M,OL
dataflow,IMF.FAD:FM_2025_OCT_VINTAGE(1.0.0),R,NLD,G1_S13_POGDP_PT,A,2014,44.566308148659,0,,,,,,,M,OL
dataflow,IMF.FAD:FM_2025_OCT_VINTAGE(1.0.0),R,NLD,G1_S13_POGDP_PT,A,2015,43.4165981335145,0,,,,,,,M,OL
dataflow,IMF.FAD:FM_2025_OCT_VINTAGE(1.0.0),R,NLD,G1_S13_POGDP_PT,A,2016,44.1421876627209,0,,,,,,,M,OL
dataflow,IMF.FAD:FM_2025_OCT_VINTAGE(1.0.0),R,NLD,G1_S13_POGDP_PT,A,2017,44.1129583238442,0,,,,,,,M,OL
dataflow,IMF.FAD:FM_2025_OCT_VINTAGE(1.0.0),R,NLD,G1_S13_POGDP_PT,A,2018,43.937871615056,0,,,,,,,M,OL
dataflow,IMF.FAD:FM_2025_OCT_VINTAGE(1.0.0),R,NLD,G1_S13_POGDP_PT,A,2019,44.0068115507124,0,,,,,,,M,OL
dataflow,IMF.FAD:FM_2025_OCT_VINTAGE(1.0.0),R,NLD,G1_S13_POGDP_PT,A,2020,44.0963032005125,0,,,,,,,M,OL
dataflow,IMF.FAD:FM_2025_OCT_VINTAGE(1.0.0),R,NLD,G1_S13_POGDP_PT,A,2021,43.634793337446,0,,,,,,,M,OL
dataflow,IMF.FAD:FM_2025_OCT_VINTAGE(1.0.0),R,NLD,G1_S13_POGDP_PT,A,2022,43.2679962166187,0,,,,,,,M,OL
dataflow,IMF.FAD:FM_2025_OCT_VINTAGE(1.0.0),R,NLD,G1_S13_POGDP_PT,A,2023,43.629425986994,0,,,,,,,M,OL
dataflow,IMF.FAD:FM_2025_OCT_VINTAGE(1.0.0),R,NLD,G1_S13_POGDP_PT,A,2024,43.4679574042348,0,,,,,,,M,OL
dataflow,IMF.FAD:FM_2025_OCT_VINTAGE(1.0.0),R,NLD,G1_S13_POGDP_PT,A,2025,43.22143901502,0,,,,,,,M,OL
dataflow,IMF.FAD:FM_2025_OCT_VINTAGE(1.0.0),R,NLD,G1_S13_POGDP_PT,A,2026,43.4739654036656,0,,,,,,,M,OL
dataflow,IMF.FAD:FM_2025_OCT_VINTAGE(1.0.0),R,NLD,G1_S13_POGDP_PT,A,2027,43.8490269536661,0,,,,,,,M,OL
dataflow,IMF.FAD:FM_2025_OCT_VINTAGE(1.0.0),R,NLD,G1_S13_POGDP_PT,A,2028,43.9682159873043,0,,,,,,,M,OL
dataflow,IMF.FAD:FM_2025_OCT_VINTAGE(1.0.0),R,NLD,G1_S13_POGDP_PT,A,2029,44.2062252185716,0,,,,,,,M,OL
dataflow,IMF.FAD:FM_2025_OCT_VINTAGE(1.0.0),R,NLD,G1_S13_POGDP_PT,A,2030,44.3962589401078,0,,,,,,,M,OL
dataflow,IMF.FAD:FM_2025_OCT_VINTAGE(1.0.0),R,NLD,G63G_S13_POGDP_PT,A,1991,74.8144121581848,0,,,,,,,M,OL
dataflow,IMF.FAD:FM_2025_OCT_VINTAGE(1.0.0),R,NLD,G63G_S13_POGDP_PT,A,1992,75.5896877120125,0,,,,,,,M,OL
dataflow,IMF.FAD:FM_2025_OCT_VINTAGE(1.0.0),R,NLD,G63G_S13_POGDP_PT,A,1993,76.6650484790146,0,,,,,,,M,OL
dataflow,IMF.FAD:FM_2025_OCT_VINTAGE(1.0.0),R,NLD,G63G_S13_POGDP_PT,A,1994,73.496948521143,0,,,,,,,M,OL
dataflow,IMF.FAD:FM_2025_OCT_VINTAGE(1.0.0),R,NLD,G63G_S13_POGDP_PT,A,1995,73.0304940127018,0,,,,,,,M,OL
dataflow,IMF.FAD:FM_2025_OCT_VINTAGE(1.0.0),R,NLD,G63G_S13_POGDP_PT,A,1996,71.2458731537793,0,,,,,,,M,OL
dataflow,IMF.FAD:FM_2025_OCT_VINTAGE(1.0.0),R,NLD,G63G_S13_POGDP_PT,A,1997,65.6963155331927,0,,,,,,,M,OL
dataflow,IMF.FAD:FM_2025_OCT_VINTAGE(1.0.0),R,NLD,G63G_S13_POGDP_PT,A,1998,62.6799784215845,0,,,,,,,M,OL
dataflow,IMF.FAD:FM_2025_OCT_VINTAGE(1.0.0),R,NLD,G63G_S13_POGDP_PT,A,1999,58.6010001356681,0,,,,,,,M,OL
dataflow,IMF.FAD:FM_2025_OCT_VINTAGE(1.0.0),R,NLD,G63G_S13_POGDP_PT,A,2000,52.1547310760276,0,,,,,,,M,OL
dataflow,IMF.FAD:FM_2025_OCT_VINTAGE(1.0.0),R,NLD,G63G_S13_POGDP_PT,A,2001,49.4141106263498,0,,,,,,,M,OL
dataflow,IMF.FAD:FM_2025_OCT_VINTAGE(1.0.0),R,NLD,G63G_S13_POGDP_PT,A,2002,48.6926850413899,0,,,,,,,M,OL
dataflow,IMF.FAD:FM_2025_OCT_VINTAGE(1.0.0),R,NLD,G63G_S13_POGDP_PT,A,2003,49.8043313180592,0,,,,,,,M,OL
dataflow,IMF.FAD:FM_2025_OCT_VINTAGE(1.0.0),R,NLD,G63G_S13_POGDP_PT,A,2004,50.0950951233415,0,,,,,,,M,OL
dataflow,IMF.FAD:FM_2025_OCT_VINTAGE(1.0.0),R,NLD,G63G_S13_POGDP_PT,A,2005,49.5798395290731,0,,,,,,,M,OL
dataflow,IMF.FAD:FM_2025_OCT_VINTAGE(1.0.0),R,NLD,G63G_S13_POGDP_PT,A,2006,44.9603706906531,0,,,,,,,M,OL
dataflow,IMF.FAD:FM_2025_OCT_VINTAGE(1.0.0),R,NLD,G63G_S13_POGDP_PT,A,2007,42.7411183814379,0,,,,,,,M,OL
dataflow,IMF.FAD:FM_2025_OCT_VINTAGE(1.0.0),R,NLD,G63G_S13_POGDP_PT,A,2008,54.352302091666,0,,,,,,,M,OL
dataflow,IMF.FAD:FM_2025_OCT_VINTAGE(1.0.0),R,NLD,G63G_S13_POGDP_PT,A,2009,56.2897807427484,0,,,,,,,M,OL
dataflow,IMF.FAD:FM_2025_OCT_VINTAGE(1.0.0),R,NLD,G63G_S13_POGDP_PT,A,2010,58.8972072495187,0,,,,,,,M,OL
dataflow,IMF.FAD:FM_2025_OCT_VINTAGE(1.0.0),R,NLD,G63G_S13_POGDP_PT,A,2011,61.1669280944128,0,,,,,,,M,OL
dataflow,IMF.FAD:FM_2025_OCT_VINTAGE(1.0.0),R,NLD,G63G_S13_POGDP_PT,A,2012,65.690364491547,0,,,,,,,M,OL
dataflow,IMF.FAD:FM_2025_OCT_VINTAGE(1.0.0),R,NLD,G63G_S13_POGDP_PT,A,2013,67.1606314615959,0,,,,,,,M,OL
dataflow,IMF.FAD:FM_2025_OCT_VINTAGE(1.0.0),R,NLD,G63G_S13_POGDP_PT,A,2014,67.1659099917922,0,,,,,,,M,OL
dataflow,IMF.FAD:FM_2025_OCT_VINTAGE(1.0.0),R,NLD,G63G_S13_POGDP_PT,A,2015,63.7993349304537,0,,,,,,,M,OL
dataflow,IMF.FAD:FM_2025_OCT_VINTAGE(1.0.0),R,NLD,G63G_S13_POGDP_PT,A,2016,60.8827021210123,0,,,,,,,M,OL
dataflow,IMF.FAD:FM_2025_OCT_VINTAGE(1.0.0),R,NLD,G63G_S13_POGDP_PT,A,2017,55.9857283838154,0,,,,,,,M,OL
dataflow,IMF.FAD:FM_2025_OCT_VINTAGE(1.0.0),R,NLD,G63G_S13_POGDP_PT,A,2018,51.575501763683,0,,,,,,,M,OL
dataflow,IMF.FAD:FM_2025_OCT_VINTAGE(1.0.0),R,NLD,G63G_S13_POGDP_PT,A,2019,47.656872350913,0,,,,,,,M,OL
dataflow,IMF.FAD:FM_2025_OCT_VINTAGE(1.0.0),R,NLD,G63G_S13_POGDP_PT,A,2020,53.4161376571872,0,,,,,,,M,OL
dataflow,IMF.FAD:FM_2025_OCT_VINTAGE(1.0.0),R,NLD,G63G_S13_POGDP_PT,A,2021,50.5007010263025,0,,,,,,,M,OL
dataflow,IMF.FAD:FM_2025_OCT_VINTAGE(1.0.0),R,NLD,G63G_S13_POGDP_PT,A,2022,48.4136966452678,0,,,,,,,M,OL
dataflow,IMF.FAD:FM_2025_OCT_VINTAGE(1.0.0),R,NLD,G63G_S13_POGDP_PT,A,2023,45.9206595735969,0,,,,,,,M,OL
dataflow,IMF.FAD:FM_2025_OCT_VINTAGE(1.0.0),R,NLD,G63G_S13_POGDP_PT,A,2024,43.7953635722997,0,,,,,,,M,OL
dataflow,IMF.FAD:FM_2025_OCT_VINTAGE(1.0.0),R,NLD,G63G_S13_POGDP_PT,A,2025,44.0365818262965,0,,,,,,,M,OL
dataflow,IMF.FAD:FM_2025_OCT_VINTAGE(1.0.0),R,NLD,G63G_S13_POGDP_PT,A,2026,45.199254492782,0,,,,,,,M,OL
dataflow,IMF.FAD:FM_2025_OCT_VINTAGE(1.0.0),R,NLD,G63G_S13_POGDP_PT,A,2027,45.7111058081227,0,,,,,,,M,OL
dataflow,IMF.FAD:FM_2025_OCT_VINTAGE(1.0.0),R,NLD,G63G_S13_POGDP_PT,A,2028,46.3684179457674,0,,,,,,,M,OL
dataflow,IMF.FAD:FM_2025_OCT_VINTAGE(1.0.0),R,NLD,G63G_S13_POGDP_PT,A,2029,47.4062008698998,0,,,,,,,M,OL
dataflow,IMF.FAD:FM_2025_OCT_VINTAGE(1.0.0),R,NLD,G63G_S13_POGDP_PT,A,2030,48.5462955465182,0,,,,,,,M,OL
dataflow,IMF.FAD:FM_2025_OCT_VINTAGE(1.0.0),R,NLD,G63N_S13_POGDP_PT,A,1996,54.8673617144512,0,,,,,,,M,OL
dataflow,IMF.FAD:FM_2025_OCT_VINTAGE(1.0.0),R,NLD,G63N_S13_POGDP_PT,A,1997,51.6682897797976,0,,,,,,,M,OL
dataflow,IMF.FAD:FM_2025_OCT_VINTAGE(1.0.0),R,NLD,G63N_S13_POGDP_PT,A,1998,48.9771780396567,0,,,,,,,M,OL
dataflow,IMF.FAD:FM_2025_OCT_VINTAGE(1.0.0),R,NLD,G63N_S13_POGDP_PT,A,1999,45.8193995853793,0,,,,,,,M,OL
dataflow,IMF.FAD:FM_2025_OCT_VINTAGE(1.0.0),R,NLD,G63N_S13_POGDP_PT,A,2000,40.2916024423308,0,,,,,,,M,OL
dataflow,IMF.FAD:FM_2025_OCT_VINTAGE(1.0.0),R,NLD,G63N_S13_POGDP_PT,A,2001,38.9006110477263,0,,,,,,,M,OL
dataflow,IMF.FAD:FM_2025_OCT_VINTAGE(1.0.0),R,NLD,G63N_S13_POGDP_PT,A,2002,39.0896021284507,0,,,,,,,M,OL
dataflow,IMF.FAD:FM_2025_OCT_VINTAGE(1.0.0),R,NLD,G63N_S13_POGDP_PT,A,2003,40.7839565275655,0,,,,,,,M,OL
dataflow,IMF.FAD:FM_2025_OCT_VINTAGE(1.0.0),R,NLD,G63N_S13_POGDP_PT,A,2004,41.5190387773645,0,,,,,,,M,OL
dataflow,IMF.FAD:FM_2025_OCT_VINTAGE(1.0.0),R,NLD,G63N_S13_POGDP_PT,A,2005,39.8814366450801,0,,,,,,,M,OL
dataflow,IMF.FAD:FM_2025_OCT_VINTAGE(1.0.0),R,NLD,G63N_S13_POGDP_PT,A,2006,37.2542744499901,0,,,,,,,M,OL
dataflow,IMF.FAD:FM_2025_OCT_VINTAGE(1.0.0),R,NLD,G63N_S13_POGDP_PT,A,2007,34.4377985628839,0,,,,,,,M,OL
dataflow,IMF.FAD:FM_2025_OCT_VINTAGE(1.0.0),R,NLD,G63N_S13_POGDP_PT,A,2008,39.7780435713858,0,,,,,,,M,OL
dataflow,IMF.FAD:FM_2025_OCT_VINTAGE(1.0.0),R,NLD,G63N_S13_POGDP_PT,A,2009,42.3175858058025,0,,,,,,,M,OL
dataflow,IMF.FAD:FM_2025_OCT_VINTAGE(1.0.0),R,NLD,G63N_S13_POGDP_PT,A,2010,46.1596959357534,0,,,,,,,M,OL
dataflow,IMF.FAD:FM_2025_OCT_VINTAGE(1.0.0),R,NLD,G63N_S13_POGDP_PT,A,2011,48.7039128797752,0,,,,,,,M,OL
dataflow,IMF.FAD:FM_2025_OCT_VINTAGE(1.0.0),R,NLD,G63N_S13_POGDP_PT,A,2012,52.3397525492531,0,,,,,,,M,OL
dataflow,IMF.FAD:FM_2025_OCT_VINTAGE(1.0.0),R,NLD,G63N_S13_POGDP_PT,A,2013,53.9804407369957,0,,,,,,,M,OL
dataflow,IMF.FAD:FM_2025_OCT_VINTAGE(1.0.0),R,NLD,G63N_S13_POGDP_PT,A,2014,54.9659827858308,0,,,,,,,M,OL
dataflow,IMF.FAD:FM_2025_OCT_VINTAGE(1.0.0),R,NLD,G63N_S13_POGDP_PT,A,2015,52.9821575428183,0,,,,,,,M,OL
dataflow,IMF.FAD:FM_2025_OCT_VINTAGE(1.0.0),R,NLD,G63N_S13_POGDP_PT,A,2016,51.0450932065123,0,,,,,,,M,OL
dataflow,IMF.FAD:FM_2025_OCT_VINTAGE(1.0.0),R,NLD,G63N_S13_POGDP_PT,A,2017,46.1424950823122,0,,,,,,,M,OL
dataflow,IMF.FAD:FM_2025_OCT_VINTAGE(1.0.0),R,NLD,G63N_S13_POGDP_PT,A,2018,42.5076605270441,0,,,,,,,M,OL
dataflow,IMF.FAD:FM_2025_OCT_VINTAGE(1.0.0),R,NLD,G63N_S13_POGDP_PT,A,2019,39.2779921163994,0,,,,,,,M,OL
dataflow,IMF.FAD:FM_2025_OCT_VINTAGE(1.0.0),R,NLD,G63N_S13_POGDP_PT,A,2020,44.0246816521796,0,,,,,,,M,OL
dataflow,IMF.FAD:FM_2025_OCT_VINTAGE(1.0.0),R,NLD,G63N_S13_POGDP_PT,A,2021,41.6218278484185,0,,,,,,,M,OL
dataflow,IMF.FAD:FM_2025_OCT_VINTAGE(1.0.0),R,NLD,G63N_S13_POGDP_PT,A,2022,39.901753962294,0,,,,,,,M,OL
dataflow,IMF.FAD:FM_2025_OCT_VINTAGE(1.0.0),R,NLD,G63N_S13_POGDP_PT,A,2023,37.847034766163,0,,,,,,,M,OL
dataflow,IMF.FAD:FM_2025_OCT_VINTAGE(1.0.0),R,NLD,G63N_S13_POGDP_PT,A,2024,36.0954015710744,0,,,,,,,M,OL
dataflow,IMF.FAD:FM_2025_OCT_VINTAGE(1.0.0),R,NLD,G63N_S13_POGDP_PT,A,2025,36.2942095962644,0,,,,,,,M,OL
dataflow,IMF.FAD:FM_2025_OCT_VINTAGE(1.0.0),R,NLD,G63N_S13_POGDP_PT,A,2026,37.2524648399553,0,,,,,,,M,OL
dataflow,IMF.FAD:FM_2025_OCT_VINTAGE(1.0.0),R,NLD,G63N_S13_POGDP_PT,A,2027,37.6743240794934,0,,,,,,,M,OL
dataflow,IMF.FAD:FM_2025_OCT_VINTAGE(1.0.0),R,NLD,G63N_S13_POGDP_PT,A,2028,38.216069680638,0,,,,,,,M,OL
dataflow,IMF.FAD:FM_2025_OCT_VINTAGE(1.0.0),R,NLD,G63N_S13_POGDP_PT,A,2029,39.0713929006023,0,,,,,,,M,OL
dataflow,IMF.FAD:FM_2025_OCT_VINTAGE(1.0.0),R,NLD,G63N_S13_POGDP_PT,A,2030,40.0110397450371,0,,,,,,,M,OL
dataflow,IMF.FAD:FM_2025_OCT_VINTAGE(1.0.0),R,NLD,GNLB_S13_POGDP_PT,A,1991,-2.05274010096966,0,,,,,,,M,OL
dataflow,IMF.FAD:FM_2025_OCT_VINTAGE(1.0.0),R,NLD,GNLB_S13_POGDP_PT,A,1992,-3.12216262655304,0,,,,,,,M,OL
dataflow,IMF.FAD:FM_2025_OCT_VINTAGE(1.0.0),R,NLD,GNLB_S13_POGDP_PT,A,1993,-3.1346992774645,0,,,,,,,M,OL
dataflow,IMF.FAD:FM_2025_OCT_VINTAGE(1.0.0),R,NLD,GNLB_S13_POGDP_PT,A,1994,-3.5347026965836,0,,,,,,,M,OL
dataflow,IMF.FAD:FM_2025_OCT_VINTAGE(1.0.0),R,NLD,GNLB_S13_POGDP_PT,A,1995,-8.72369952004654,0,,,,,,,M,OL
dataflow,IMF.FAD:FM_2025_OCT_VINTAGE(1.0.0),R,NLD,GNLB_S13_POGDP_PT,A,1996,-1.90616854908775,0,,,,,,,M,OL
dataflow,IMF.FAD:FM_2025_OCT_VINTAGE(1.0.0),R,NLD,GNLB_S13_POGDP_PT,A,1997,-1.60147162257209,0,,,,,,,M,OL
dataflow,IMF.FAD:FM_2025_OCT_VINTAGE(1.0.0),R,NLD,GNLB_S13_POGDP_PT,A,1998,-1.33522777638481,0,,,,,,,M,OL
dataflow,IMF.FAD:FM_2025_OCT_VINTAGE(1.0.0),R,NLD,GNLB_S13_POGDP_PT,A,1999,0.282760869513475,0,,,,,,,M,OL
dataflow,IMF.FAD:FM_2025_OCT_VINTAGE(1.0.0),R,NLD,GNLB_S13_POGDP_PT,A,2000,1.13580323358935,0,,,,,,,M,OL
dataflow,IMF.FAD:FM_2025_OCT_VINTAGE(1.0.0),R,NLD,GNLB_S13_POGDP_PT,A,2001,-0.467759001617175,0,,,,,,,M,OL
dataflow,IMF.FAD:FM_2025_OCT_VINTAGE(1.0.0),R,NLD,GNLB_S13_POGDP_PT,A,2002,-2.2300611850046,0,,,,,,,M,OL
dataflow,IMF.FAD:FM_2025_OCT_VINTAGE(1.0.0),R,NLD,GNLB_S13_POGDP_PT,A,2003,-3.19187571979856,0,,,,,,,M,OL
dataflow,IMF.FAD:FM_2025_OCT_VINTAGE(1.0.0),R,NLD,GNLB_S13_POGDP_PT,A,2004,-1.82496101194003,0,,,,,,,M,OL
dataflow,IMF.FAD:FM_2025_OCT_VINTAGE(1.0.0),R,NLD,GNLB_S13_POGDP_PT,A,2005,-0.514714656079491,0,,,,,,,M,OL
dataflow,IMF.FAD:FM_2025_OCT_VINTAGE(1.0.0),R,NLD,GNLB_S13_POGDP_PT,A,2006,0.0410251870816623,0,,,,,,,M,OL
dataflow,IMF.FAD:FM_2025_OCT_VINTAGE(1.0.0),R,NLD,GNLB_S13_POGDP_PT,A,2007,-0.162498494640922,0,,,,,,,M,OL
dataflow,IMF.FAD:FM_2025_OCT_VINTAGE(1.0.0),R,NLD,GNLB_S13_POGDP_PT,A,2008,-0.0575772417891015,0,,,,,,,M,OL
dataflow,IMF.FAD:FM_2025_OCT_VINTAGE(1.0.0),R,NLD,GNLB_S13_POGDP_PT,A,2009,-5.06035644180249,0,,,,,,,M,OL
dataflow,IMF.FAD:FM_2025_OCT_VINTAGE(1.0.0),R,NLD,GNLB_S13_POGDP_PT,A,2010,-5.30479517030521,0,,,,,,,M,OL
dataflow,IMF.FAD:FM_2025_OCT_VINTAGE(1.0.0),R,NLD,GNLB_S13_POGDP_PT,A,2011,-4.42155871911075,0,,,,,,,M,OL
dataflow,IMF.FAD:FM_2025_OCT_VINTAGE(1.0.0),R,NLD,GNLB_S13_POGDP_PT,A,2012,-3.8336027418904,0,,,,,,,M,OL
dataflow,IMF.FAD:FM_2025_OCT_VINTAGE(1.0.0),R,NLD,GNLB_S13_POGDP_PT,A,2013,-2.87243808662389,0,,,,,,,M,OL
dataflow,IMF.FAD:FM_2025_OCT_VINTAGE(1.0.0),R,NLD,GNLB_S13_POGDP_PT,A,2014,-2.17306414274705,0,,,,,,,M,OL
dataflow,IMF.FAD:FM_2025_OCT_VINTAGE(1.0.0),R,NLD,GNLB_S13_POGDP_PT,A,2015,-1.83516287052598,0,,,,,,,M,OL
dataflow,IMF.FAD:FM_2025_OCT_VINTAGE(1.0.0),R,NLD,GNLB_S13_POGDP_PT,A,2016,0.225223036067622,0,,,,,,,M,OL
dataflow,IMF.FAD:FM_2025_OCT_VINTAGE(1.0.0),R,NLD,GNLB_S13_POGDP_PT,A,2017,1.35417873614424,0,,,,,,,M,OL
dataflow,IMF.FAD:FM_2025_OCT_VINTAGE(1.0.0),R,NLD,GNLB_S13_POGDP_PT,A,2018,1.49478008263969,0,,,,,,,M,OL
dataflow,IMF.FAD:FM_2025_OCT_VINTAGE(1.0.0),R,NLD,GNLB_S13_POGDP_PT,A,2019,1.90848756337622,0,,,,,,,M,OL
dataflow,IMF.FAD:FM_2025_OCT_VINTAGE(1.0.0),R,NLD,GNLB_S13_POGDP_PT,A,2020,-3.71688612956129,0,,,,,,,M,OL
dataflow,IMF.FAD:FM_2025_OCT_VINTAGE(1.0.0),R,NLD,GNLB_S13_POGDP_PT,A,2021,-2.25954797824014,0,,,,,,,M,OL
dataflow,IMF.FAD:FM_2025_OCT_VINTAGE(1.0.0),R,NLD,GNLB_S13_POGDP_PT,A,2022,0.00221368054577288,0,,,,,,,M,OL
dataflow,IMF.FAD:FM_2025_OCT_VINTAGE(1.0.0),R,NLD,GNLB_S13_POGDP_PT,A,2023,-0.371095851668312,0,,,,,,,M,OL
dataflow,IMF.FAD:FM_2025_OCT_VINTAGE(1.0.0),R,NLD,GNLB_S13_POGDP_PT,A,2024,-0.944889746529717,0,,,,,,,M,OL
dataflow,IMF.FAD:FM_2025_OCT_VINTAGE(1.0.0),R,NLD,GNLB_S13_POGDP_PT,A,2025,-2.11074279600591,0,,,,,,,M,OL
dataflow,IMF.FAD:FM_2025_OCT_VINTAGE(1.0.0),R,NLD,GNLB_S13_POGDP_PT,A,2026,-2.79034909056606,0,,,,,,,M,OL
dataflow,IMF.FAD:FM_2025_OCT_VINTAGE(1.0.0),R,NLD,GNLB_S13_POGDP_PT,A,2027,-2.19670523889928,0,,,,,,,M,OL
dataflow,IMF.FAD:FM_2025_OCT_VINTAGE(1.0.0),R,NLD,GNLB_S13_POGDP_PT,A,2028,-2.24277925995252,0,,,,,,,M,OL
dataflow,IMF.FAD:FM_2025_OCT_VINTAGE(1.0.0),R,NLD,GNLB_S13_POGDP_PT,A,2029,-2.55219946391825,0,,,,,,,M,OL
dataflow,IMF.FAD:FM_2025_OCT_VINTAGE(1.0.0),R,NLD,GNLB_S13_POGDP_PT,A,2030,-2.64451722065533,0,,,,,,,M,OL
dataflow,IMF.FAD:FM_2025_OCT_VINTAGE(1.0.0),R,NLD,GPB_S13_POGDP_PT,A,1996,2.31856356791196,0,,,,,,,M,OL
dataflow,IMF.FAD:FM_2025_OCT_VINTAGE(1.0.0),R,NLD,GPB_S13_POGDP_PT,A,1997,2.3586538981767,0,,,,,,,M,OL
dataflow,IMF.FAD:FM_2025_OCT_VINTAGE(1.0.0),R,NLD,GPB_S13_POGDP_PT,A,1998,2.36501460088796,0,,,,,,,M,OL
dataflow,IMF.FAD:FM_2025_OCT_VINTAGE(1.0.0),R,NLD,GPB_S13_POGDP_PT,A,1999,3.56354860130955,0,,,,,,,M,OL
dataflow,IMF.FAD:FM_2025_OCT_VINTAGE(1.0.0),R,NLD,GPB_S13_POGDP_PT,A,2000,3.7508486458156,0,,,,,,,M,OL
dataflow,IMF.FAD:FM_2025_OCT_VINTAGE(1.0.0),R,NLD,GPB_S13_POGDP_PT,A,2001,1.79380089907463,0,,,,,,,M,OL
dataflow,IMF.FAD:FM_2025_OCT_VINTAGE(1.0.0),R,NLD,GPB_S13_POGDP_PT,A,2002,-0.183535129180495,0,,,,,,,M,OL
dataflow,IMF.FAD:FM_2025_OCT_VINTAGE(1.0.0),R,NLD,GPB_S13_POGDP_PT,A,2003,-1.33229494601875,0,,,,,,,M,OL
dataflow,IMF.FAD:FM_2025_OCT_VINTAGE(1.0.0),R,NLD,GPB_S13_POGDP_PT,A,2004,-0.0464658664002875,0,,,,,,,M,OL
dataflow,IMF.FAD:FM_2025_OCT_VINTAGE(1.0.0),R,NLD,GPB_S13_POGDP_PT,A,2005,1.14152031559041,0,,,,,,,M,OL
dataflow,IMF.FAD:FM_2025_OCT_VINTAGE(1.0.0),R,NLD,GPB_S13_POGDP_PT,A,2006,1.52610291363943,0,,,,,,,M,OL
dataflow,IMF.FAD:FM_2025_OCT_VINTAGE(1.0.0),R,NLD,GPB_S13_POGDP_PT,A,2007,1.27509935369917,0,,,,,,,M,OL
dataflow,IMF.FAD:FM_2025_OCT_VINTAGE(1.0.0),R,NLD,GPB_S13_POGDP_PT,A,2008,1.39214093680475,0,,,,,,,M,OL
dataflow,IMF.FAD:FM_2025_OCT_VINTAGE(1.0.0),R,NLD,GPB_S13_POGDP_PT,A,2009,-3.76912371682062,0,,,,,,,M,OL
dataflow,IMF.FAD:FM_2025_OCT_VINTAGE(1.0.0),R,NLD,GPB_S13_POGDP_PT,A,2010,-4.05615982034829,0,,,,,,,M,OL
dataflow,IMF.FAD:FM_2025_OCT_VINTAGE(1.0.0),R,NLD,GPB_S13_POGDP_PT,A,2011,-3.08957292004884,0,,,,,,,M,OL
dataflow,IMF.FAD:FM_2025_OCT_VINTAGE(1.0.0),R,NLD,GPB_S13_POGDP_PT,A,2012,-2.63083532857716,0,,,,,,,M,OL
dataflow,IMF.FAD:FM_2025_OCT_VINTAGE(1.0.0),R,NLD,GPB_S13_POGDP_PT,A,2013,-1.61486371770235,0,,,,,,,M,OL
dataflow,IMF.FAD:FM_2025_OCT_VINTAGE(1.0.0),R,NLD,GPB_S13_POGDP_PT,A,2014,-1.02014803419257,0,,,,,,,M,OL
dataflow,IMF.FAD:FM_2025_OCT_VINTAGE(1.0.0),R,NLD,GPB_S13_POGDP_PT,A,2015,-0.812099974970501,0,,,,,,,M,OL
dataflow,IMF.FAD:FM_2025_OCT_VINTAGE(1.0.0),R,NLD,GPB_S13_POGDP_PT,A,2016,1.16332835769084,0,,,,,,,M,OL
dataflow,IMF.FAD:FM_2025_OCT_VINTAGE(1.0.0),R,NLD,GPB_S13_POGDP_PT,A,2017,2.16151857667398,0,,,,,,,M,OL
dataflow,IMF.FAD:FM_2025_OCT_VINTAGE(1.0.0),R,NLD,GPB_S13_POGDP_PT,A,2018,2.20444496381814,0,,,,,,,M,OL
dataflow,IMF.FAD:FM_2025_OCT_VINTAGE(1.0.0),R,NLD,GPB_S13_POGDP_PT,A,2019,2.48611959742916,0,,,,,,,M,OL
dataflow,IMF.FAD:FM_2025_OCT_VINTAGE(1.0.0),R,NLD,GPB_S13_POGDP_PT,A,2020,-3.18985673570021,0,,,,,,,M,OL
dataflow,IMF.FAD:FM_2025_OCT_VINTAGE(1.0.0),R,NLD,GPB_S13_POGDP_PT,A,2021,-1.84801749761651,0,,,,,,,M,OL
dataflow,IMF.FAD:FM_2025_OCT_VINTAGE(1.0.0),R,NLD,GPB_S13_POGDP_PT,A,2022,0.426636614276227,0,,,,,,,M,OL
dataflow,IMF.FAD:FM_2025_OCT_VINTAGE(1.0.0),R,NLD,GPB_S13_POGDP_PT,A,2023,0.0502793455686089,0,,,,,,,M,OL
dataflow,IMF.FAD:FM_2025_OCT_VINTAGE(1.0.0),R,NLD,GPB_S13_POGDP_PT,A,2024,-0.514495406959185,0,,,,,,,M,OL
dataflow,IMF.FAD:FM_2025_OCT_VINTAGE(1.0.0),R,NLD,GPB_S13_POGDP_PT,A,2025,-1.51276234148735,0,,,,,,,M,OL
dataflow,IMF.FAD:FM_2025_OCT_VINTAGE(1.0.0),R,NLD,GPB_S13_POGDP_PT,A,2026,-2.10100926154254,0,,,,,,,M,OL
dataflow,IMF.FAD:FM_2025_OCT_VINTAGE(1.0.0),R,NLD,GPB_S13_POGDP_PT,A,2027,-1.38963786632231,0,,,,,,,M,OL
dataflow,IMF.FAD:FM_2025_OCT_VINTAGE(1.0.0),R,NLD,GPB_S13_POGDP_PT,A,2028,-1.32403154539714,0,,,,,,,M,OL
dataflow,IMF.FAD:FM_2025_OCT_VINTAGE(1.0.0),R,NLD,GPB_S13_POGDP_PT,A,2029,-1.55513533752539,0,,,,,,,M,OL
dataflow,IMF.FAD:FM_2025_OCT_VINTAGE(1.0.0),R,NLD,GPB_S13_POGDP_PT,A,2030,-1.59951187061384,0,,,,,,,M,OL
dataflow,IMF.FAD:FM_2025_OCT_VINTAGE(1.0.0),R,POL,G1_S13_POGDP_PT,A,1996,45.9065987013892,0,,,,,,,M,OL
dataflow,IMF.FAD:FM_2025_OCT_VINTAGE(1.0.0),R,POL,G1_S13_POGDP_PT,A,1997,41.5068352319309,0,,,,,,,M,OL
dataflow,IMF.FAD:FM_2025_OCT_VINTAGE(1.0.0),R,POL,G1_S13_POGDP_PT,A,1998,39.7898637525368,0,,,,,,,M,OL
dataflow,IMF.FAD:FM_2025_OCT_VINTAGE(1.0.0),R,POL,G1_S13_POGDP_PT,A,1999,40.2011315970295,0,,,,,,,M,OL
dataflow,IMF.FAD:FM_2025_OCT_VINTAGE(1.0.0),R,POL,G1_S13_POGDP_PT,A,2000,39.0564050749972,0,,,,,,,M,OL
dataflow,IMF.FAD:FM_2025_OCT_VINTAGE(1.0.0),R,POL,G1_S13_POGDP_PT,A,2001,39.9833629483416,0,,,,,,,M,OL
dataflow,IMF.FAD:FM_2025_OCT_VINTAGE(1.0.0),R,POL,G1_S13_POGDP_PT,A,2002,40.2499338455171,0,,,,,,,M,OL
dataflow,IMF.FAD:FM_2025_OCT_VINTAGE(1.0.0),R,POL,G1_S13_POGDP_PT,A,2003,39.434393872763,0,,,,,,,M,OL
dataflow,IMF.FAD:FM_2025_OCT_VINTAGE(1.0.0),R,POL,G1_S13_POGDP_PT,A,2004,38.2735685999723,0,,,,,,,M,OL
dataflow,IMF.FAD:FM_2025_OCT_VINTAGE(1.0.0),R,POL,G1_S13_POGDP_PT,A,2005,40.1877149856372,0,,,,,,,M,OL
dataflow,IMF.FAD:FM_2025_OCT_VINTAGE(1.0.0),R,POL,G1_S13_POGDP_PT,A,2006,40.7656114155093,0,,,,,,,M,OL
dataflow,IMF.FAD:FM_2025_OCT_VINTAGE(1.0.0),R,POL,G1_S13_POGDP_PT,A,2007,40.9540842097758,0,,,,,,,M,OL
dataflow,IMF.FAD:FM_2025_OCT_VINTAGE(1.0.0),R,POL,G1_S13_POGDP_PT,A,2008,40.4304321858794,0,,,,,,,M,OL
dataflow,IMF.FAD:FM_2025_OCT_VINTAGE(1.0.0),R,POL,G1_S13_POGDP_PT,A,2009,37.666903646583,0,,,,,,,M,OL
dataflow,IMF.FAD:FM_2025_OCT_VINTAGE(1.0.0),R,POL,G1_S13_POGDP_PT,A,2010,38.5690114990494,0,,,,,,,M,OL
dataflow,IMF.FAD:FM_2025_OCT_VINTAGE(1.0.0),R,POL,G1_S13_POGDP_PT,A,2011,39.1436692333967,0,,,,,,,M,OL
dataflow,IMF.FAD:FM_2025_OCT_VINTAGE(1.0.0),R,POL,G1_S13_POGDP_PT,A,2012,39.3747665268191,0,,,,,,,M,OL
dataflow,IMF.FAD:FM_2025_OCT_VINTAGE(1.0.0),R,POL,G1_S13_POGDP_PT,A,2013,38.9634670366826,0,,,,,,,M,OL
dataflow,IMF.FAD:FM_2025_OCT_VINTAGE(1.0.0),R,POL,G1_S13_POGDP_PT,A,2014,39.0204860877624,0,,,,,,,M,OL
dataflow,IMF.FAD:FM_2025_OCT_VINTAGE(1.0.0),R,POL,G1_S13_POGDP_PT,A,2015,38.9016593055941,0,,,,,,,M,OL
dataflow,IMF.FAD:FM_2025_OCT_VINTAGE(1.0.0),R,POL,G1_S13_POGDP_PT,A,2016,38.66925993384,0,,,,,,,M,OL
dataflow,IMF.FAD:FM_2025_OCT_VINTAGE(1.0.0),R,POL,G1_S13_POGDP_PT,A,2017,39.6449683399137,0,,,,,,,M,OL
dataflow,IMF.FAD:FM_2025_OCT_VINTAGE(1.0.0),R,POL,G1_S13_POGDP_PT,A,2018,40.795654061168,0,,,,,,,M,OL
dataflow,IMF.FAD:FM_2025_OCT_VINTAGE(1.0.0),R,POL,G1_S13_POGDP_PT,A,2019,40.6888924153587,0,,,,,,,M,OL
dataflow,IMF.FAD:FM_2025_OCT_VINTAGE(1.0.0),R,POL,G1_S13_POGDP_PT,A,2020,40.881904652677,0,,,,,,,M,OL
dataflow,IMF.FAD:FM_2025_OCT_VINTAGE(1.0.0),R,POL,G1_S13_POGDP_PT,A,2021,41.8227524159335,0,,,,,,,M,OL
dataflow,IMF.FAD:FM_2025_OCT_VINTAGE(1.0.0),R,POL,G1_S13_POGDP_PT,A,2022,39.8106338523513,0,,,,,,,M,OL
dataflow,IMF.FAD:FM_2025_OCT_VINTAGE(1.0.0),R,POL,G1_S13_POGDP_PT,A,2023,41.5916287590178,0,,,,,,,M,OL
dataflow,IMF.FAD:FM_2025_OCT_VINTAGE(1.0.0),R,POL,G1_S13_POGDP_PT,A,2024,42.8257015672517,0,,,,,,,M,OL
dataflow,IMF.FAD:FM_2025_OCT_VINTAGE(1.0.0),R,POL,G1_S13_POGDP_PT,A,2025,43.042572541385,0,,,,,,,M,OL
dataflow,IMF.FAD:FM_2025_OCT_VINTAGE(1.0.0),R,POL,G1_S13_POGDP_PT,A,2026,43.8960527543262,0,,,,,,,M,OL
dataflow,IMF.FAD:FM_2025_OCT_VINTAGE(1.0.0),R,POL,G1_S13_POGDP_PT,A,2027,42.769849781831,0,,,,,,,M,OL
dataflow,IMF.FAD:FM_2025_OCT_VINTAGE(1.0.0),R,POL,G1_S13_POGDP_PT,A,2028,42.9632634032634,0,,,,,,,M,OL
dataflow,IMF.FAD:FM_2025_OCT_VINTAGE(1.0.0),R,POL,G1_S13_POGDP_PT,A,2029,43.1024124464462,0,,,,,,,M,OL
dataflow,IMF.FAD:FM_2025_OCT_VINTAGE(1.0.0),R,POL,G1_S13_POGDP_PT,A,2030,43.2131280050829,0,,,,,,,M,OL
dataflow,IMF.FAD:FM_2025_OCT_VINTAGE(1.0.0),R,POL,G63G_S13_POGDP_PT,A,1996,43.1691648361735,0,,,,,,,M,OL
dataflow,IMF.FAD:FM_2025_OCT_VINTAGE(1.0.0),R,POL,G63G_S13_POGDP_PT,A,1997,42.707635244261,0,,,,,,,M,OL
dataflow,IMF.FAD:FM_2025_OCT_VINTAGE(1.0.0),R,POL,G63G_S13_POGDP_PT,A,1998,38.6916356971499,0,,,,,,,M,OL
dataflow,IMF.FAD:FM_2025_OCT_VINTAGE(1.0.0),R,POL,G63G_S13_POGDP_PT,A,1999,39.3656692775159,0,,,,,,,M,OL
dataflow,IMF.FAD:FM_2025_OCT_VINTAGE(1.0.0),R,POL,G63G_S13_POGDP_PT,A,2000,36.3971466741498,0,,,,,,,M,OL
dataflow,IMF.FAD:FM_2025_OCT_VINTAGE(1.0.0),R,POL,G63G_S13_POGDP_PT,A,2001,37.1618634520642,0,,,,,,,M,OL
dataflow,IMF.FAD:FM_2025_OCT_VINTAGE(1.0.0),R,POL,G63G_S13_POGDP_PT,A,2002,41.5662484983301,0,,,,,,,M,OL
dataflow,IMF.FAD:FM_2025_OCT_VINTAGE(1.0.0),R,POL,G63G_S13_POGDP_PT,A,2003,46.4071000353646,0,,,,,,,M,OL
dataflow,IMF.FAD:FM_2025_OCT_VINTAGE(1.0.0),R,POL,G63G_S13_POGDP_PT,A,2004,44.9084979153227,0,,,,,,,M,OL
dataflow,IMF.FAD:FM_2025_OCT_VINTAGE(1.0.0),R,POL,G63G_S13_POGDP_PT,A,2005,46.4741977972061,0,,,,,,,M,OL
dataflow,IMF.FAD:FM_2025_OCT_VINTAGE(1.0.0),R,POL,G63G_S13_POGDP_PT,A,2006,47.0976214459292,0,,,,,,,M,OL
dataflow,IMF.FAD:FM_2025_OCT_VINTAGE(1.0.0),R,POL,G63G_S13_POGDP_PT,A,2007,44.4275138267956,0,,,,,,,M,OL
dataflow,IMF.FAD:FM_2025_OCT_VINTAGE(1.0.0),R,POL,G63G_S13_POGDP_PT,A,2008,46.5593625265834,0,,,,,,,M,OL
dataflow,IMF.FAD:FM_2025_OCT_VINTAGE(1.0.0),R,POL,G63G_S13_POGDP_PT,A,2009,49.7005039094417,0,,,,,,,M,OL
dataflow,IMF.FAD:FM_2025_OCT_VINTAGE(1.0.0),R,POL,G63G_S13_POGDP_PT,A,2010,53.7477345396551,0,,,,,,,M,OL
dataflow,IMF.FAD:FM_2025_OCT_VINTAGE(1.0.0),R,POL,G63G_S13_POGDP_PT,A,2011,54.7802038370639,0,,,,,,,M,OL
dataflow,IMF.FAD:FM_2025_OCT_VINTAGE(1.0.0),R,POL,G63G_S13_POGDP_PT,A,2012,54.4722057498203,0,,,,,,,M,OL
dataflow,IMF.FAD:FM_2025_OCT_VINTAGE(1.0.0),R,POL,G63G_S13_POGDP_PT,A,2013,56.8590474533168,0,,,,,,,M,OL
dataflow,IMF.FAD:FM_2025_OCT_VINTAGE(1.0.0),R,POL,G63G_S13_POGDP_PT,A,2014,51.1299654715718,0,,,,,,,M,OL
dataflow,IMF.FAD:FM_2025_OCT_VINTAGE(1.0.0),R,POL,G63G_S13_POGDP_PT,A,2015,51.0561603727572,0,,,,,,,M,OL
dataflow,IMF.FAD:FM_2025_OCT_VINTAGE(1.0.0),R,POL,G63G_S13_POGDP_PT,A,2016,54.1288072489435,0,,,,,,,M,OL
dataflow,IMF.FAD:FM_2025_OCT_VINTAGE(1.0.0),R,POL,G63G_S13_POGDP_PT,A,2017,50.4443028871675,0,,,,,,,M,OL
dataflow,IMF.FAD:FM_2025_OCT_VINTAGE(1.0.0),R,POL,G63G_S13_POGDP_PT,A,2018,48.2336777478496,0,,,,,,,M,OL
dataflow,IMF.FAD:FM_2025_OCT_VINTAGE(1.0.0),R,POL,G63G_S13_POGDP_PT,A,2019,45.2110713173197,0,,,,,,,M,OL
dataflow,IMF.FAD:FM_2025_OCT_VINTAGE(1.0.0),R,POL,G63G_S13_POGDP_PT,A,2020,56.584670968004,0,,,,,,,M,OL
dataflow,IMF.FAD:FM_2025_OCT_VINTAGE(1.0.0),R,POL,G63G_S13_POGDP_PT,A,2021,53.0135849551711,0,,,,,,,M,OL
dataflow,IMF.FAD:FM_2025_OCT_VINTAGE(1.0.0),R,POL,G63G_S13_POGDP_PT,A,2022,48.7870115867266,0,,,,,,,M,OL
dataflow,IMF.FAD:FM_2025_OCT_VINTAGE(1.0.0),R,POL,G63G_S13_POGDP_PT,A,2023,49.5199828488129,0,,,,,,,M,OL
dataflow,IMF.FAD:FM_2025_OCT_VINTAGE(1.0.0),R,POL,G63G_S13_POGDP_PT,A,2024,55.265088789345,0,,,,,,,M,OL
dataflow,IMF.FAD:FM_2025_OCT_VINTAGE(1.0.0),R,POL,G63G_S13_POGDP_PT,A,2025,60.0178480787315,0,,,,,,,M,OL
dataflow,IMF.FAD:FM_2025_OCT_VINTAGE(1.0.0),R,POL,G63G_S13_POGDP_PT,A,2026,65.7954144294103,0,,,,,,,M,OL
dataflow,IMF.FAD:FM_2025_OCT_VINTAGE(1.0.0),R,POL,G63G_S13_POGDP_PT,A,2027,69.1251825895565,0,,,,,,,M,OL
dataflow,IMF.FAD:FM_2025_OCT_VINTAGE(1.0.0),R,POL,G63G_S13_POGDP_PT,A,2028,71.790004807355,0,,,,,,,M,OL
dataflow,IMF.FAD:FM_2025_OCT_VINTAGE(1.0.0),R,POL,G63G_S13_POGDP_PT,A,2029,74.0840750726805,0,,,,,,,M,OL
dataflow,IMF.FAD:FM_2025_OCT_VINTAGE(1.0.0),R,POL,G63G_S13_POGDP_PT,A,2030,75.9263982427647,0,,,,,,,M,OL
dataflow,IMF.FAD:FM_2025_OCT_VINTAGE(1.0.0),R,POL,G63N_S13_POGDP_PT,A,1996,38.9703374293882,0,,,,,,,M,OL
dataflow,IMF.FAD:FM_2025_OCT_VINTAGE(1.0.0),R,POL,G63N_S13_POGDP_PT,A,1997,39.0155928036959,0,,,,,,,M,OL
dataflow,IMF.FAD:FM_2025_OCT_VINTAGE(1.0.0),R,POL,G63N_S13_POGDP_PT,A,1998,35.1737627146676,0,,,,,,,M,OL
dataflow,IMF.FAD:FM_2025_OCT_VINTAGE(1.0.0),R,POL,G63N_S13_POGDP_PT,A,1999,35.3956539656664,0,,,,,,,M,OL
dataflow,IMF.FAD:FM_2025_OCT_VINTAGE(1.0.0),R,POL,G63N_S13_POGDP_PT,A,2000,32.1790569041777,0,,,,,,,M,OL
dataflow,IMF.FAD:FM_2025_OCT_VINTAGE(1.0.0),R,POL,G63N_S13_POGDP_PT,A,2001,32.0733678932037,0,,,,,,,M,OL
dataflow,IMF.FAD:FM_2025_OCT_VINTAGE(1.0.0),R,POL,G63N_S13_POGDP_PT,A,2002,36.2513556145886,0,,,,,,,M,OL
dataflow,IMF.FAD:FM_2025_OCT_VINTAGE(1.0.0),R,POL,G63N_S13_POGDP_PT,A,2003,41.4473434984931,0,,,,,,,M,OL
dataflow,IMF.FAD:FM_2025_OCT_VINTAGE(1.0.0),R,POL,G63N_S13_POGDP_PT,A,2004,39.3359160338204,0,,,,,,,M,OL
dataflow,IMF.FAD:FM_2025_OCT_VINTAGE(1.0.0),R,POL,G63N_S13_POGDP_PT,A,2005,40.3786153351916,0,,,,,,,M,OL
dataflow,IMF.FAD:FM_2025_OCT_VINTAGE(1.0.0),R,POL,G63N_S13_POGDP_PT,A,2006,41.2008927356968,0,,,,,,,M,OL
dataflow,IMF.FAD:FM_2025_OCT_VINTAGE(1.0.0),R,POL,G63N_S13_POGDP_PT,A,2007,37.0008447746718,0,,,,,,,M,OL
dataflow,IMF.FAD:FM_2025_OCT_VINTAGE(1.0.0),R,POL,G63N_S13_POGDP_PT,A,2008,39.2911048370092,0,,,,,,,M,OL
dataflow,IMF.FAD:FM_2025_OCT_VINTAGE(1.0.0),R,POL,G63N_S13_POGDP_PT,A,2009,43.1313624745937,0,,,,,,,M,OL
dataflow,IMF.FAD:FM_2025_OCT_VINTAGE(1.0.0),R,POL,G63N_S13_POGDP_PT,A,2010,47.8059300956349,0,,,,,,,M,OL
dataflow,IMF.FAD:FM_2025_OCT_VINTAGE(1.0.0),R,POL,G63N_S13_POGDP_PT,A,2011,48.9656414197159,0,,,,,,,M,OL
dataflow,IMF.FAD:FM_2025_OCT_VINTAGE(1.0.0),R,POL,G63N_S13_POGDP_PT,A,2012,48.5265453612963,0,,,,,,,M,OL
dataflow,IMF.FAD:FM_2025_OCT_VINTAGE(1.0.0),R,POL,G63N_S13_POGDP_PT,A,2013,52.0009708337722,0,,,,,,,M,OL
dataflow,IMF.FAD:FM_2025_OCT_VINTAGE(1.0.0),R,POL,G63N_S13_POGDP_PT,A,2014,45.1690314205773,0,,,,,,,M,OL
dataflow,IMF.FAD:FM_2025_OCT_VINTAGE(1.0.0),R,POL,G63N_S13_POGDP_PT,A,2015,46.1735483051665,0,,,,,,,M,OL
dataflow,IMF.FAD:FM_2025_OCT_VINTAGE(1.0.0),R,POL,G63N_S13_POGDP_PT,A,2016,47.5463517389063,0,,,,,,,M,OL
dataflow,IMF.FAD:FM_2025_OCT_VINTAGE(1.0.0),R,POL,G63N_S13_POGDP_PT,A,2017,44.0915528365875,0,,,,,,,M,OL
dataflow,IMF.FAD:FM_2025_OCT_VINTAGE(1.0.0),R,POL,G63N_S13_POGDP_PT,A,2018,41.0936164343734,0,,,,,,,M,OL
dataflow,IMF.FAD:FM_2025_OCT_VINTAGE(1.0.0),R,POL,G63N_S13_POGDP_PT,A,2019,38.0084296457177,0,,,,,,,M,OL
dataflow,IMF.FAD:FM_2025_OCT_VINTAGE(1.0.0),R,POL,G63N_S13_POGDP_PT,A,2020,44.4037507165428,0,,,,,,,M,OL
dataflow,IMF.FAD:FM_2025_OCT_VINTAGE(1.0.0),R,POL,G63N_S13_POGDP_PT,A,2021,40.1750084106144,0,,,,,,,M,OL
dataflow,IMF.FAD:FM_2025_OCT_VINTAGE(1.0.0),R,POL,G63N_S13_POGDP_PT,A,2022,36.848058978927,0,,,,,,,M,OL
dataflow,IMF.FAD:FM_2025_OCT_VINTAGE(1.0.0),R,POL,G63N_S13_POGDP_PT,A,2023,38.5055804310624,0,,,,,,,M,OL
dataflow,IMF.FAD:FM_2025_OCT_VINTAGE(1.0.0),R,POL,G63N_S13_POGDP_PT,A,2024,42.222934623103,0,,,,,,,M,OL
dataflow,IMF.FAD:FM_2025_OCT_VINTAGE(1.0.0),R,POL,G63N_S13_POGDP_PT,A,2025,47.7760523404681,0,,,,,,,M,OL
dataflow,IMF.FAD:FM_2025_OCT_VINTAGE(1.0.0),R,POL,G63N_S13_POGDP_PT,A,2026,52.7695507118688,0,,,,,,,M,OL
dataflow,IMF.FAD:FM_2025_OCT_VINTAGE(1.0.0),R,POL,G63N_S13_POGDP_PT,A,2027,56.7742655808663,0,,,,,,,M,OL
dataflow,IMF.FAD:FM_2025_OCT_VINTAGE(1.0.0),R,POL,G63N_S13_POGDP_PT,A,2028,59.9524966552693,0,,,,,,,M,OL
dataflow,IMF.FAD:FM_2025_OCT_VINTAGE(1.0.0),R,POL,G63N_S13_POGDP_PT,A,2029,62.6789378278962,0,,,,,,,M,OL
dataflow,IMF.FAD:FM_2025_OCT_VINTAGE(1.0.0),R,POL,G63N_S13_POGDP_PT,A,2030,64.9087137263707,0,,,,,,,M,OL
dataflow,IMF.FAD:FM_2025_OCT_VINTAGE(1.0.0),R,POL,GNLB_S13_POGDP_PT,A,1996,-4.84028614164732,0,,,,,,,M,OL
dataflow,IMF.FAD:FM_2025_OCT_VINTAGE(1.0.0),R,POL,GNLB_S13_POGDP_PT,A,1997,-4.60752641398611,0,,,,,,,M,OL
dataflow,IMF.FAD:FM_2025_OCT_VINTAGE(1.0.0),R,POL,GNLB_S13_POGDP_PT,A,1998,-4.25403182159903,0,,,,,,,M,OL
dataflow,IMF.FAD:FM_2025_OCT_VINTAGE(1.0.0),R,POL,GNLB_S13_POGDP_PT,A,1999,-2.29962871653439,0,,,,,,,M,OL
dataflow,IMF.FAD:FM_2025_OCT_VINTAGE(1.0.0),R,POL,GNLB_S13_POGDP_PT,A,2000,-3.99790278410271,0,,,,,,,M,OL
dataflow,IMF.FAD:FM_2025_OCT_VINTAGE(1.0.0),R,POL,GNLB_S13_POGDP_PT,A,2001,-4.72925778838486,0,,,,,,,M,OL
dataflow,IMF.FAD:FM_2025_OCT_VINTAGE(1.0.0),R,POL,GNLB_S13_POGDP_PT,A,2002,-4.80248407014781,0,,,,,,,M,OL
dataflow,IMF.FAD:FM_2025_OCT_VINTAGE(1.0.0),R,POL,GNLB_S13_POGDP_PT,A,2003,-6.01773126491321,0,,,,,,,M,OL
dataflow,IMF.FAD:FM_2025_OCT_VINTAGE(1.0.0),R,POL,GNLB_S13_POGDP_PT,A,2004,-4.98762827932212,0,,,,,,,M,OL
dataflow,IMF.FAD:FM_2025_OCT_VINTAGE(1.0.0),R,POL,GNLB_S13_POGDP_PT,A,2005,-3.9258603528002,0,,,,,,,M,OL
dataflow,IMF.FAD:FM_2025_OCT_VINTAGE(1.0.0),R,POL,GNLB_S13_POGDP_PT,A,2006,-3.5270345456219,0,,,,,,,M,OL
dataflow,IMF.FAD:FM_2025_OCT_VINTAGE(1.0.0),R,POL,GNLB_S13_POGDP_PT,A,2007,-1.87927894177175,0,,,,,,,M,OL
dataflow,IMF.FAD:FM_2025_OCT_VINTAGE(1.0.0),R,POL,GNLB_S13_POGDP_PT,A,2008,-3.59535850091517,0,,,,,,,M,OL
dataflow,IMF.FAD:FM_2025_OCT_VINTAGE(1.0.0),R,POL,GNLB_S13_POGDP_PT,A,2009,-7.23631259250213,0,,,,,,,M,OL
dataflow,IMF.FAD:FM_2025_OCT_VINTAGE(1.0.0),R,POL,GNLB_S13_POGDP_PT,A,2010,-7.4297526944134,0,,,,,,,M,OL
dataflow,IMF.FAD:FM_2025_OCT_VINTAGE(1.0.0),R,POL,GNLB_S13_POGDP_PT,A,2011,-4.97445738487664,0,,,,,,,M,OL
dataflow,IMF.FAD:FM_2025_OCT_VINTAGE(1.0.0),R,POL,GNLB_S13_POGDP_PT,A,2012,-3.79536468664971,0,,,,,,,M,OL
dataflow,IMF.FAD:FM_2025_OCT_VINTAGE(1.0.0),R,POL,GNLB_S13_POGDP_PT,A,2013,-4.24608499069618,0,,,,,,,M,OL
dataflow,IMF.FAD:FM_2025_OCT_VINTAGE(1.0.0),R,POL,GNLB_S13_POGDP_PT,A,2014,-3.66215935702863,0,,,,,,,M,OL
dataflow,IMF.FAD:FM_2025_OCT_VINTAGE(1.0.0),R,POL,GNLB_S13_POGDP_PT,A,2015,-2.59452524536018,0,,,,,,,M,OL
dataflow,IMF.FAD:FM_2025_OCT_VINTAGE(1.0.0),R,POL,GNLB_S13_POGDP_PT,A,2016,-2.38313764677296,0,,,,,,,M,OL
dataflow,IMF.FAD:FM_2025_OCT_VINTAGE(1.0.0),R,POL,GNLB_S13_POGDP_PT,A,2017,-1.4858956869768,0,,,,,,,M,OL
dataflow,IMF.FAD:FM_2025_OCT_VINTAGE(1.0.0),R,POL,GNLB_S13_POGDP_PT,A,2018,-0.244846936556598,0,,,,,,,M,OL
dataflow,IMF.FAD:FM_2025_OCT_VINTAGE(1.0.0),R,POL,GNLB_S13_POGDP_PT,A,2019,-0.733609435173632,0,,,,,,,M,OL
dataflow,IMF.FAD:FM_2025_OCT_VINTAGE(1.0.0),R,POL,GNLB_S13_POGDP_PT,A,2020,-6.85317268950533,0,,,,,,,M,OL
dataflow,IMF.FAD:FM_2025_OCT_VINTAGE(1.0.0),R,POL,GNLB_S13_POGDP_PT,A,2021,-1.74528233476402,0,,,,,,,M,OL
dataflow,IMF.FAD:FM_2025_OCT_VINTAGE(1.0.0),R,POL,GNLB_S13_POGDP_PT,A,2022,-3.43728343638949,0,,,,,,,M,OL
dataflow,IMF.FAD:FM_2025_OCT_VINTAGE(1.0.0),R,POL,GNLB_S13_POGDP_PT,A,2023,-5.272754412838,0,,,,,,,M,OL
dataflow,IMF.FAD:FM_2025_OCT_VINTAGE(1.0.0),R,POL,GNLB_S13_POGDP_PT,A,2024,-6.58597312326241,0,,,,,,,M,OL
dataflow,IMF.FAD:FM_2025_OCT_VINTAGE(1.0.0),R,POL,GNLB_S13_POGDP_PT,A,2025,-6.99221891776415,0,,,,,,,M,OL
dataflow,IMF.FAD:FM_2025_OCT_VINTAGE(1.0.0),R,POL,GNLB_S13_POGDP_PT,A,2026,-6.69662479466876,0,,,,,,,M,OL
dataflow,IMF.FAD:FM_2025_OCT_VINTAGE(1.0.0),R,POL,GNLB_S13_POGDP_PT,A,2027,-6.36875433505477,0,,,,,,,M,OL
dataflow,IMF.FAD:FM_2025_OCT_VINTAGE(1.0.0),R,POL,GNLB_S13_POGDP_PT,A,2028,-5.83881670078922,0,,,,,,,M,OL
dataflow,IMF.FAD:FM_2025_OCT_VINTAGE(1.0.0),R,POL,GNLB_S13_POGDP_PT,A,2029,-5.50892856570139,0,,,,,,,M,OL
dataflow,IMF.FAD:FM_2025_OCT_VINTAGE(1.0.0),R,POL,GNLB_S13_POGDP_PT,A,2030,-5.01938555526447,0,,,,,,,M,OL
dataflow,IMF.FAD:FM_2025_OCT_VINTAGE(1.0.0),R,POL,GPB_S13_POGDP_PT,A,1996,-0.299956617976314,0,,,,,,,M,OL
dataflow,IMF.FAD:FM_2025_OCT_VINTAGE(1.0.0),R,POL,GPB_S13_POGDP_PT,A,1997,-0.0931274330992161,0,,,,,,,M,OL
dataflow,IMF.FAD:FM_2025_OCT_VINTAGE(1.0.0),R,POL,GPB_S13_POGDP_PT,A,1998,-0.257494990462489,0,,,,,,,M,OL
dataflow,IMF.FAD:FM_2025_OCT_VINTAGE(1.0.0),R,POL,GPB_S13_POGDP_PT,A,1999,0.640780169710628,0,,,,,,,M,OL
dataflow,IMF.FAD:FM_2025_OCT_VINTAGE(1.0.0),R,POL,GPB_S13_POGDP_PT,A,2000,-0.988876674549751,0,,,,,,,M,OL
dataflow,IMF.FAD:FM_2025_OCT_VINTAGE(1.0.0),R,POL,GPB_S13_POGDP_PT,A,2001,-1.62300224781116,0,,,,,,,M,OL
dataflow,IMF.FAD:FM_2025_OCT_VINTAGE(1.0.0),R,POL,GPB_S13_POGDP_PT,A,2002,-1.93550342947785,0,,,,,,,M,OL
dataflow,IMF.FAD:FM_2025_OCT_VINTAGE(1.0.0),R,POL,GPB_S13_POGDP_PT,A,2003,-3.06914788610936,0,,,,,,,M,OL
dataflow,IMF.FAD:FM_2025_OCT_VINTAGE(1.0.0),R,POL,GPB_S13_POGDP_PT,A,2004,-2.29180617946991,0,,,,,,,M,OL
dataflow,IMF.FAD:FM_2025_OCT_VINTAGE(1.0.0),R,POL,GPB_S13_POGDP_PT,A,2005,-1.47022062269435,0,,,,,,,M,OL
dataflow,IMF.FAD:FM_2025_OCT_VINTAGE(1.0.0),R,POL,GPB_S13_POGDP_PT,A,2006,-1.16718782665663,0,,,,,,,M,OL
dataflow,IMF.FAD:FM_2025_OCT_VINTAGE(1.0.0),R,POL,GPB_S13_POGDP_PT,A,2007,0.294956506883636,0,,,,,,,M,OL
dataflow,IMF.FAD:FM_2025_OCT_VINTAGE(1.0.0),R,POL,GPB_S13_POGDP_PT,A,2008,-1.48829144139428,0,,,,,,,M,OL
dataflow,IMF.FAD:FM_2025_OCT_VINTAGE(1.0.0),R,POL,GPB_S13_POGDP_PT,A,2009,-4.79018554218969,0,,,,,,,M,OL
dataflow,IMF.FAD:FM_2025_OCT_VINTAGE(1.0.0),R,POL,GPB_S13_POGDP_PT,A,2010,-4.93039362685635,0,,,,,,,M,OL
dataflow,IMF.FAD:FM_2025_OCT_VINTAGE(1.0.0),R,POL,GPB_S13_POGDP_PT,A,2011,-2.4320889468964,0,,,,,,,M,OL
dataflow,IMF.FAD:FM_2025_OCT_VINTAGE(1.0.0),R,POL,GPB_S13_POGDP_PT,A,2012,-1.11536996329771,0,,,,,,,M,OL
dataflow,IMF.FAD:FM_2025_OCT_VINTAGE(1.0.0),R,POL,GPB_S13_POGDP_PT,A,2013,-1.70305003610097,0,,,,,,,M,OL
dataflow,IMF.FAD:FM_2025_OCT_VINTAGE(1.0.0),R,POL,GPB_S13_POGDP_PT,A,2014,-1.69435470431561,0,,,,,,,M,OL
dataflow,IMF.FAD:FM_2025_OCT_VINTAGE(1.0.0),R,POL,GPB_S13_POGDP_PT,A,2015,-0.843672747283573,0,,,,,,,M,OL
dataflow,IMF.FAD:FM_2025_OCT_VINTAGE(1.0.0),R,POL,GPB_S13_POGDP_PT,A,2016,-0.678599682887127,0,,,,,,,M,OL
dataflow,IMF.FAD:FM_2025_OCT_VINTAGE(1.0.0),R,POL,GPB_S13_POGDP_PT,A,2017,0.0750236874735832,0,,,,,,,M,OL
dataflow,IMF.FAD:FM_2025_OCT_VINTAGE(1.0.0),R,POL,GPB_S13_POGDP_PT,A,2018,1.1793098355149,0,,,,,,,M,OL
dataflow,IMF.FAD:FM_2025_OCT_VINTAGE(1.0.0),R,POL,GPB_S13_POGDP_PT,A,2019,0.624643247449965,0,,,,,,,M,OL
dataflow,IMF.FAD:FM_2025_OCT_VINTAGE(1.0.0),R,POL,GPB_S13_POGDP_PT,A,2020,-5.56327932291919,0,,,,,,,M,OL
dataflow,IMF.FAD:FM_2025_OCT_VINTAGE(1.0.0),R,POL,GPB_S13_POGDP_PT,A,2021,-0.651244940011297,0,,,,,,,M,OL
dataflow,IMF.FAD:FM_2025_OCT_VINTAGE(1.0.0),R,POL,GPB_S13_POGDP_PT,A,2022,-1.91008923069769,0,,,,,,,M,OL
dataflow,IMF.FAD:FM_2025_OCT_VINTAGE(1.0.0),R,POL,GPB_S13_POGDP_PT,A,2023,-3.20106106866161,0,,,,,,,M,OL
dataflow,IMF.FAD:FM_2025_OCT_VINTAGE(1.0.0),R,POL,GPB_S13_POGDP_PT,A,2024,-4.38395683103326,0,,,,,,,M,OL
dataflow,IMF.FAD:FM_2025_OCT_VINTAGE(1.0.0),R,POL,GPB_S13_POGDP_PT,A,2025,-4.52621824060877,0,,,,,,,M,OL
dataflow,IMF.FAD:FM_2025_OCT_VINTAGE(1.0.0),R,POL,GPB_S13_POGDP_PT,A,2026,-4.11695105989823,0,,,,,,,M,OL
dataflow,IMF.FAD:FM_2025_OCT_VINTAGE(1.0.0),R,POL,GPB_S13_POGDP_PT,A,2027,-3.67258622327347,0,,,,,,,M,OL
dataflow,IMF.FAD:FM_2025_OCT_VINTAGE(1.0.0),R,POL,GPB_S13_POGDP_PT,A,2028,-3.17463153489153,0,,,,,,,M,OL
dataflow,IMF.FAD:FM_2025_OCT_VINTAGE(1.0.0),R,POL,GPB_S13_POGDP_PT,A,2029,-2.77984739451573,0,,,,,,,M,OL
dataflow,IMF.FAD:FM_2025_OCT_VINTAGE(1.0.0),R,POL,GPB_S13_POGDP_PT,A,2030,-2.25417523442815,0,,,,,,,M,OL
dataflow,IMF.FAD:FM_2025_OCT_VINTAGE(1.0.0),R,SGP,G1_S13_POGDP_PT,A,1991,16.5318858320214,0,,,,,,,M,OL
dataflow,IMF.FAD:FM_2025_OCT_VINTAGE(1.0.0),R,SGP,G1_S13_POGDP_PT,A,1992,17.2296405643027,0,,,,,,,M,OL
dataflow,IMF.FAD:FM_2025_OCT_VINTAGE(1.0.0),R,SGP,G1_S13_POGDP_PT,A,1993,18.8747078024655,0,,,,,,,M,OL
dataflow,IMF.FAD:FM_2025_OCT_VINTAGE(1.0.0),R,SGP,G1_S13_POGDP_PT,A,1994,19.6289401925281,0,,,,,,,M,OL
dataflow,IMF.FAD:FM_2025_OCT_VINTAGE(1.0.0),R,SGP,G1_S13_POGDP_PT,A,1995,18.603862232249,0,,,,,,,M,OL
dataflow,IMF.FAD:FM_2025_OCT_VINTAGE(1.0.0),R,SGP,G1_S13_POGDP_PT,A,1996,20.0800281276208,0,,,,,,,M,OL
dataflow,IMF.FAD:FM_2025_OCT_VINTAGE(1.0.0),R,SGP,G1_S13_POGDP_PT,A,1997,20.2094216698324,0,,,,,,,M,OL
dataflow,IMF.FAD:FM_2025_OCT_VINTAGE(1.0.0),R,SGP,G1_S13_POGDP_PT,A,1998,20.4792494550795,0,,,,,,,M,OL
dataflow,IMF.FAD:FM_2025_OCT_VINTAGE(1.0.0),R,SGP,G1_S13_POGDP_PT,A,1999,21.0876407440351,0,,,,,,,M,OL
dataflow,IMF.FAD:FM_2025_OCT_VINTAGE(1.0.0),R,SGP,G1_S13_POGDP_PT,A,2000,20.715431446113,0,,,,,,,M,OL
dataflow,IMF.FAD:FM_2025_OCT_VINTAGE(1.0.0),R,SGP,G1_S13_POGDP_PT,A,2001,19.4097548504288,0,,,,,,,M,OL
dataflow,IMF.FAD:FM_2025_OCT_VINTAGE(1.0.0),R,SGP,G1_S13_POGDP_PT,A,2002,18.1634895862644,0,,,,,,,M,OL
dataflow,IMF.FAD:FM_2025_OCT_VINTAGE(1.0.0),R,SGP,G1_S13_POGDP_PT,A,2003,16.3233274131139,0,,,,,,,M,OL
dataflow,IMF.FAD:FM_2025_OCT_VINTAGE(1.0.0),R,SGP,G1_S13_POGDP_PT,A,2004,16.1251195129343,0,,,,,,,M,OL
dataflow,IMF.FAD:FM_2025_OCT_VINTAGE(1.0.0),R,SGP,G1_S13_POGDP_PT,A,2005,14.9343507499287,0,,,,,,,M,OL
dataflow,IMF.FAD:FM_2025_OCT_VINTAGE(1.0.0),R,SGP,G1_S13_POGDP_PT,A,2006,14.4395777281757,0,,,,,,,M,OL
dataflow,IMF.FAD:FM_2025_OCT_VINTAGE(1.0.0),R,SGP,G1_S13_POGDP_PT,A,2007,16.1349613167991,0,,,,,,,M,OL
dataflow,IMF.FAD:FM_2025_OCT_VINTAGE(1.0.0),R,SGP,G1_S13_POGDP_PT,A,2008,17.5642148587915,0,,,,,,,M,OL
dataflow,IMF.FAD:FM_2025_OCT_VINTAGE(1.0.0),R,SGP,G1_S13_POGDP_PT,A,2009,15.758646601696,0,,,,,,,M,OL
dataflow,IMF.FAD:FM_2025_OCT_VINTAGE(1.0.0),R,SGP,G1_S13_POGDP_PT,A,2010,15.9150196124002,0,,,,,,,M,OL
dataflow,IMF.FAD:FM_2025_OCT_VINTAGE(1.0.0),R,SGP,G1_S13_POGDP_PT,A,2011,17.6222083285233,0,,,,,,,M,OL
dataflow,IMF.FAD:FM_2025_OCT_VINTAGE(1.0.0),R,SGP,G1_S13_POGDP_PT,A,2012,17.1611217891532,0,,,,,,,M,OL
dataflow,IMF.FAD:FM_2025_OCT_VINTAGE(1.0.0),R,SGP,G1_S13_POGDP_PT,A,2013,16.8772286824431,0,,,,,,,M,OL
dataflow,IMF.FAD:FM_2025_OCT_VINTAGE(1.0.0),R,SGP,G1_S13_POGDP_PT,A,2014,17.1744469055941,0,,,,,,,M,OL
dataflow,IMF.FAD:FM_2025_OCT_VINTAGE(1.0.0),R,SGP,G1_S13_POGDP_PT,A,2015,17.2867445064396,0,,,,,,,M,OL
dataflow,IMF.FAD:FM_2025_OCT_VINTAGE(1.0.0),R,SGP,G1_S13_POGDP_PT,A,2016,18.5320381307581,0,,,,,,,M,OL
dataflow,IMF.FAD:FM_2025_OCT_VINTAGE(1.0.0),R,SGP,G1_S13_POGDP_PT,A,2017,18.848078061009,0,,,,,,,M,OL
dataflow,IMF.FAD:FM_2025_OCT_VINTAGE(1.0.0),R,SGP,G1_S13_POGDP_PT,A,2018,17.5562980380327,0,,,,,,,M,OL
dataflow,IMF.FAD:FM_2025_OCT_VINTAGE(1.0.0),R,SGP,G1_S13_POGDP_PT,A,2019,17.7972354326757,0,,,,,,,M,OL
dataflow,IMF.FAD:FM_2025_OCT_VINTAGE(1.0.0),R,SGP,G1_S13_POGDP_PT,A,2020,17.4125069815815,0,,,,,,,M,OL
dataflow,IMF.FAD:FM_2025_OCT_VINTAGE(1.0.0),R,SGP,G1_S13_POGDP_PT,A,2021,16.6766362360457,0,,,,,,,M,OL
dataflow,IMF.FAD:FM_2025_OCT_VINTAGE(1.0.0),R,SGP,G1_S13_POGDP_PT,A,2022,16.1786360581556,0,,,,,,,M,OL
dataflow,IMF.FAD:FM_2025_OCT_VINTAGE(1.0.0),R,SGP,G1_S13_POGDP_PT,A,2023,18.3149518891223,0,,,,,,,M,OL
dataflow,IMF.FAD:FM_2025_OCT_VINTAGE(1.0.0),R,SGP,G1_S13_POGDP_PT,A,2024,18.9928817943301,0,,,,,,,M,OL
dataflow,IMF.FAD:FM_2025_OCT_VINTAGE(1.0.0),R,SGP,G1_S13_POGDP_PT,A,2025,19.933353147264,0,,,,,,,M,OL
dataflow,IMF.FAD:FM_2025_OCT_VINTAGE(1.0.0),R,SGP,G1_S13_POGDP_PT,A,2026,20.0016512158683,0,,,,,,,M,OL
dataflow,IMF.FAD:FM_2025_OCT_VINTAGE(1.0.0),R,SGP,G1_S13_POGDP_PT,A,2027,20.0016512158684,0,,,,,,,M,OL
dataflow,IMF.FAD:FM_2025_OCT_VINTAGE(1.0.0),R,SGP,G1_S13_POGDP_PT,A,2028,20.0187257330195,0,,,,,,,M,OL
dataflow,IMF.FAD:FM_2025_OCT_VINTAGE(1.0.0),R,SGP,G1_S13_POGDP_PT,A,2029,20.0528747673216,0,,,,,,,M,OL
dataflow,IMF.FAD:FM_2025_OCT_VINTAGE(1.0.0),R,SGP,G1_S13_POGDP_PT,A,2030,20.0870238016238,0,,,,,,,M,OL
dataflow,IMF.FAD:FM_2025_OCT_VINTAGE(1.0.0),R,SGP,G63G_S13_POGDP_PT,A,1991,76.35128081175,0,,,,,,,M,OL
dataflow,IMF.FAD:FM_2025_OCT_VINTAGE(1.0.0),R,SGP,G63G_S13_POGDP_PT,A,1992,79.0233738996276,0,,,,,,,M,OL
dataflow,IMF.FAD:FM_2025_OCT_VINTAGE(1.0.0),R,SGP,G63G_S13_POGDP_PT,A,1993,71.1927792950529,0,,,,,,,M,OL
dataflow,IMF.FAD:FM_2025_OCT_VINTAGE(1.0.0),R,SGP,G63G_S13_POGDP_PT,A,1994,70.6913601632692,0,,,,,,,M,OL
dataflow,IMF.FAD:FM_2025_OCT_VINTAGE(1.0.0),R,SGP,G63G_S13_POGDP_PT,A,1995,69.8231414690951,0,,,,,,,M,OL
dataflow,IMF.FAD:FM_2025_OCT_VINTAGE(1.0.0),R,SGP,G63G_S13_POGDP_PT,A,1996,71.2718771239283,0,,,,,,,M,OL
dataflow,IMF.FAD:FM_2025_OCT_VINTAGE(1.0.0),R,SGP,G63G_S13_POGDP_PT,A,1997,70.7867402680851,0,,,,,,,M,OL
dataflow,IMF.FAD:FM_2025_OCT_VINTAGE(1.0.0),R,SGP,G63G_S13_POGDP_PT,A,1998,84.6457700914644,0,,,,,,,M,OL
dataflow,IMF.FAD:FM_2025_OCT_VINTAGE(1.0.0),R,SGP,G63G_S13_POGDP_PT,A,1999,85.319977637221,0,,,,,,,M,OL
dataflow,IMF.FAD:FM_2025_OCT_VINTAGE(1.0.0),R,SGP,G63G_S13_POGDP_PT,A,2000,82.2556818518365,0,,,,,,,M,OL
dataflow,IMF.FAD:FM_2025_OCT_VINTAGE(1.0.0),R,SGP,G63G_S13_POGDP_PT,A,2001,94.470778337933,0,,,,,,,M,OL
dataflow,IMF.FAD:FM_2025_OCT_VINTAGE(1.0.0),R,SGP,G63G_S13_POGDP_PT,A,2002,96.3103588665635,0,,,,,,,M,OL
dataflow,IMF.FAD:FM_2025_OCT_VINTAGE(1.0.0),R,SGP,G63G_S13_POGDP_PT,A,2003,99.1310686755812,0,,,,,,,M,OL
dataflow,IMF.FAD:FM_2025_OCT_VINTAGE(1.0.0),R,SGP,G63G_S13_POGDP_PT,A,2004,95.6913097018651,0,,,,,,,M,OL
dataflow,IMF.FAD:FM_2025_OCT_VINTAGE(1.0.0),R,SGP,G63G_S13_POGDP_PT,A,2005,92.6627534318018,0,,,,,,,M,OL
dataflow,IMF.FAD:FM_2025_OCT_VINTAGE(1.0.0),R,SGP,G63G_S13_POGDP_PT,A,2006,86.5236274250969,0,,,,,,,M,OL
dataflow,IMF.FAD:FM_2025_OCT_VINTAGE(1.0.0),R,SGP,G63G_S13_POGDP_PT,A,2007,87.7886005872246,0,,,,,,,M,OL
dataflow,IMF.FAD:FM_2025_OCT_VINTAGE(1.0.0),R,SGP,G63G_S13_POGDP_PT,A,2008,97.8526231581598,0,,,,,,,M,OL
dataflow,IMF.FAD:FM_2025_OCT_VINTAGE(1.0.0),R,SGP,G63G_S13_POGDP_PT,A,2009,101.689337369296,0,,,,,,,M,OL
dataflow,IMF.FAD:FM_2025_OCT_VINTAGE(1.0.0),R,SGP,G63G_S13_POGDP_PT,A,2010,98.6737152361253,0,,,,,,,M,OL
dataflow,IMF.FAD:FM_2025_OCT_VINTAGE(1.0.0),R,SGP,G63G_S13_POGDP_PT,A,2011,103.129796828634,0,,,,,,,M,OL
dataflow,IMF.FAD:FM_2025_OCT_VINTAGE(1.0.0),R,SGP,G63G_S13_POGDP_PT,A,2012,106.72528756363,0,,,,,,,M,OL
dataflow,IMF.FAD:FM_2025_OCT_VINTAGE(1.0.0),R,SGP,G63G_S13_POGDP_PT,A,2013,98.1853797368735,0,,,,,,,M,OL
dataflow,IMF.FAD:FM_2025_OCT_VINTAGE(1.0.0),R,SGP,G63G_S13_POGDP_PT,A,2014,97.7487779344692,0,,,,,,,M,OL
dataflow,IMF.FAD:FM_2025_OCT_VINTAGE(1.0.0),R,SGP,G63G_S13_POGDP_PT,A,2015,102.16534344419,0,,,,,,,M,OL
dataflow,IMF.FAD:FM_2025_OCT_VINTAGE(1.0.0),R,SGP,G63G_S13_POGDP_PT,A,2016,106.306072686973,0,,,,,,,M,OL
dataflow,IMF.FAD:FM_2025_OCT_VINTAGE(1.0.0),R,SGP,G63G_S13_POGDP_PT,A,2017,107.645514778024,0,,,,,,,M,OL
dataflow,IMF.FAD:FM_2025_OCT_VINTAGE(1.0.0),R,SGP,G63G_S13_POGDP_PT,A,2018,109.372757424101,0,,,,,,,M,OL
dataflow,IMF.FAD:FM_2025_OCT_VINTAGE(1.0.0),R,SGP,G63G_S13_POGDP_PT,A,2019,127.911199037145,0,,,,,,,M,OL
dataflow,IMF.FAD:FM_2025_OCT_VINTAGE(1.0.0),R,SGP,G63G_S13_POGDP_PT,A,2020,148.204800106727,0,,,,,,,M,OL
dataflow,IMF.FAD:FM_2025_OCT_VINTAGE(1.0.0),R,SGP,G63G_S13_POGDP_PT,A,2021,141.72966136734,0,,,,,,,M,OL
dataflow,IMF.FAD:FM_2025_OCT_VINTAGE(1.0.0),R,SGP,G63G_S13_POGDP_PT,A,2022,154.302658811155,0,,,,,,,M,OL
dataflow,IMF.FAD:FM_2025_OCT_VINTAGE(1.0.0),R,SGP,G63G_S13_POGDP_PT,A,2023,172.797834761335,0,,,,,,,M,OL
dataflow,IMF.FAD:FM_2025_OCT_VINTAGE(1.0.0),R,SGP,G63G_S13_POGDP_PT,A,2024,173.507194975664,0,,,,,,,M,OL
dataflow,IMF.FAD:FM_2025_OCT_VINTAGE(1.0.0),R,SGP,G63G_S13_POGDP_PT,A,2025,175.614404683556,0,,,,,,,M,OL
dataflow,IMF.FAD:FM_2025_OCT_VINTAGE(1.0.0),R,SGP,G63G_S13_POGDP_PT,A,2026,176.294397555491,0,,,,,,,M,OL
dataflow,IMF.FAD:FM_2025_OCT_VINTAGE(1.0.0),R,SGP,G63G_S13_POGDP_PT,A,2027,177.017602153083,0,,,,,,,M,OL
dataflow,IMF.FAD:FM_2025_OCT_VINTAGE(1.0.0),R,SGP,G63G_S13_POGDP_PT,A,2028,177.788152577115,0,,,,,,,M,OL
dataflow,IMF.FAD:FM_2025_OCT_VINTAGE(1.0.0),R,SGP,G63G_S13_POGDP_PT,A,2029,178.23000049206,0,,,,,,,M,OL
dataflow,IMF.FAD:FM_2025_OCT_VINTAGE(1.0.0),R,SGP,G63G_S13_POGDP_PT,A,2030,178.674057646581,0,,,,,,,M,OL
dataflow,IMF.FAD:FM_2025_OCT_VINTAGE(1.0.0),R,SGP,GNLB_S13_POGDP_PT,A,1991,0.681668506814716,0,,,,,,,M,OL
dataflow,IMF.FAD:FM_2025_OCT_VINTAGE(1.0.0),R,SGP,GNLB_S13_POGDP_PT,A,1992,2.70140657368381,0,,,,,,,M,OL
dataflow,IMF.FAD:FM_2025_OCT_VINTAGE(1.0.0),R,SGP,GNLB_S13_POGDP_PT,A,1993,4.35695071758524,0,,,,,,,M,OL
dataflow,IMF.FAD:FM_2025_OCT_VINTAGE(1.0.0),R,SGP,GNLB_S13_POGDP_PT,A,1994,7.90468591108219,0,,,,,,,M,OL
dataflow,IMF.FAD:FM_2025_OCT_VINTAGE(1.0.0),R,SGP,GNLB_S13_POGDP_PT,A,1995,4.80352319442427,0,,,,,,,M,OL
dataflow,IMF.FAD:FM_2025_OCT_VINTAGE(1.0.0),R,SGP,GNLB_S13_POGDP_PT,A,1996,1.98285698499192,0,,,,,,,M,OL
dataflow,IMF.FAD:FM_2025_OCT_VINTAGE(1.0.0),R,SGP,GNLB_S13_POGDP_PT,A,1997,5.66303609784947,0,,,,,,,M,OL
dataflow,IMF.FAD:FM_2025_OCT_VINTAGE(1.0.0),R,SGP,GNLB_S13_POGDP_PT,A,1998,2.41393315670642,0,,,,,,,M,OL
dataflow,IMF.FAD:FM_2025_OCT_VINTAGE(1.0.0),R,SGP,GNLB_S13_POGDP_PT,A,1999,5.20383273085997,0,,,,,,,M,OL
dataflow,IMF.FAD:FM_2025_OCT_VINTAGE(1.0.0),R,SGP,GNLB_S13_POGDP_PT,A,2000,4.59284676402554,0,,,,,,,M,OL
dataflow,IMF.FAD:FM_2025_OCT_VINTAGE(1.0.0),R,SGP,GNLB_S13_POGDP_PT,A,2001,1.19659255872912,0,,,,,,,M,OL
dataflow,IMF.FAD:FM_2025_OCT_VINTAGE(1.0.0),R,SGP,GNLB_S13_POGDP_PT,A,2002,2.23209006922148,0,,,,,,,M,OL
dataflow,IMF.FAD:FM_2025_OCT_VINTAGE(1.0.0),R,SGP,GNLB_S13_POGDP_PT,A,2003,0.678051635534046,0,,,,,,,M,OL
dataflow,IMF.FAD:FM_2025_OCT_VINTAGE(1.0.0),R,SGP,GNLB_S13_POGDP_PT,A,2004,2.05976604910638,0,,,,,,,M,OL
dataflow,IMF.FAD:FM_2025_OCT_VINTAGE(1.0.0),R,SGP,GNLB_S13_POGDP_PT,A,2005,2.55551461104695,0,,,,,,,M,OL
dataflow,IMF.FAD:FM_2025_OCT_VINTAGE(1.0.0),R,SGP,GNLB_S13_POGDP_PT,A,2006,2.15988931909347,0,,,,,,,M,OL
dataflow,IMF.FAD:FM_2025_OCT_VINTAGE(1.0.0),R,SGP,GNLB_S13_POGDP_PT,A,2007,7.12021844800367,0,,,,,,,M,OL
dataflow,IMF.FAD:FM_2025_OCT_VINTAGE(1.0.0),R,SGP,GNLB_S13_POGDP_PT,A,2008,3.58922418886813,0,,,,,,,M,OL
dataflow,IMF.FAD:FM_2025_OCT_VINTAGE(1.0.0),R,SGP,GNLB_S13_POGDP_PT,A,2009,-0.0937434844292344,0,,,,,,,M,OL
dataflow,IMF.FAD:FM_2025_OCT_VINTAGE(1.0.0),R,SGP,GNLB_S13_POGDP_PT,A,2010,5.68410596846319,0,,,,,,,M,OL
dataflow,IMF.FAD:FM_2025_OCT_VINTAGE(1.0.0),R,SGP,GNLB_S13_POGDP_PT,A,2011,7.96174209696668,0,,,,,,,M,OL
dataflow,IMF.FAD:FM_2025_OCT_VINTAGE(1.0.0),R,SGP,GNLB_S13_POGDP_PT,A,2012,7.33598076727603,0,,,,,,,M,OL
dataflow,IMF.FAD:FM_2025_OCT_VINTAGE(1.0.0),R,SGP,GNLB_S13_POGDP_PT,A,2013,5.96265822342337,0,,,,,,,M,OL
dataflow,IMF.FAD:FM_2025_OCT_VINTAGE(1.0.0),R,SGP,GNLB_S13_POGDP_PT,A,2014,4.59960763420999,0,,,,,,,M,OL
dataflow,IMF.FAD:FM_2025_OCT_VINTAGE(1.0.0),R,SGP,GNLB_S13_POGDP_PT,A,2015,2.85954016909752,0,,,,,,,M,OL
dataflow,IMF.FAD:FM_2025_OCT_VINTAGE(1.0.0),R,SGP,GNLB_S13_POGDP_PT,A,2016,3.2548784757191,0,,,,,,,M,OL
dataflow,IMF.FAD:FM_2025_OCT_VINTAGE(1.0.0),R,SGP,GNLB_S13_POGDP_PT,A,2017,5.24351920507164,0,,,,,,,M,OL
dataflow,IMF.FAD:FM_2025_OCT_VINTAGE(1.0.0),R,SGP,GNLB_S13_POGDP_PT,A,2018,3.68038509413536,0,,,,,,,M,OL
dataflow,IMF.FAD:FM_2025_OCT_VINTAGE(1.0.0),R,SGP,GNLB_S13_POGDP_PT,A,2019,3.76876751572679,0,,,,,,,M,OL
dataflow,IMF.FAD:FM_2025_OCT_VINTAGE(1.0.0),R,SGP,GNLB_S13_POGDP_PT,A,2020,-6.73398086176265,0,,,,,,,M,OL
dataflow,IMF.FAD:FM_2025_OCT_VINTAGE(1.0.0),R,SGP,GNLB_S13_POGDP_PT,A,2021,1.12558101160123,0,,,,,,,M,OL
dataflow,IMF.FAD:FM_2025_OCT_VINTAGE(1.0.0),R,SGP,GNLB_S13_POGDP_PT,A,2022,1.20827327198105,0,,,,,,,M,OL
dataflow,IMF.FAD:FM_2025_OCT_VINTAGE(1.0.0),R,SGP,GNLB_S13_POGDP_PT,A,2023,3.46797532800764,0,,,,,,,M,OL
dataflow,IMF.FAD:FM_2025_OCT_VINTAGE(1.0.0),R,SGP,GNLB_S13_POGDP_PT,A,2024,4.43932221210476,0,,,,,,,M,OL
dataflow,IMF.FAD:FM_2025_OCT_VINTAGE(1.0.0),R,SGP,GNLB_S13_POGDP_PT,A,2025,3.10809648297702,0,,,,,,,M,OL
dataflow,IMF.FAD:FM_2025_OCT_VINTAGE(1.0.0),R,SGP,GNLB_S13_POGDP_PT,A,2026,2.70925596653415,0,,,,,,,M,OL
dataflow,IMF.FAD:FM_2025_OCT_VINTAGE(1.0.0),R,SGP,GNLB_S13_POGDP_PT,A,2027,2.35925596653419,0,,,,,,,M,OL
dataflow,IMF.FAD:FM_2025_OCT_VINTAGE(1.0.0),R,SGP,GNLB_S13_POGDP_PT,A,2028,2.12633048368539,0,,,,,,,M,OL
dataflow,IMF.FAD:FM_2025_OCT_VINTAGE(1.0.0),R,SGP,GNLB_S13_POGDP_PT,A,2029,1.9104795179875,0,,,,,,,M,OL
dataflow,IMF.FAD:FM_2025_OCT_VINTAGE(1.0.0),R,SGP,GNLB_S13_POGDP_PT,A,2030,1.94462855228967,0,,,,,,,M,OL
dataflow,IMF.FAD:FM_2025_OCT_VINTAGE(1.0.0),R,SWE,G1_S13_POGDP_PT,A,1991,61.517982019091,0,,,,,,,M,OL
dataflow,IMF.FAD:FM_2025_OCT_VINTAGE(1.0.0),R,SWE,G1_S13_POGDP_PT,A,1992,58.0137329944776,0,,,,,,,M,OL
dataflow,IMF.FAD:FM_2025_OCT_VINTAGE(1.0.0),R,SWE,G1_S13_POGDP_PT,A,1993,57.0582111902018,0,,,,,,,M,OL
dataflow,IMF.FAD:FM_2025_OCT_VINTAGE(1.0.0),R,SWE,G1_S13_POGDP_PT,A,1994,56.5123326879413,0,,,,,,,M,OL
dataflow,IMF.FAD:FM_2025_OCT_VINTAGE(1.0.0),R,SWE,G1_S13_POGDP_PT,A,1995,55.1324942216362,0,,,,,,,M,OL
dataflow,IMF.FAD:FM_2025_OCT_VINTAGE(1.0.0),R,SWE,G1_S13_POGDP_PT,A,1996,56.9364096895824,0,,,,,,,M,OL
dataflow,IMF.FAD:FM_2025_OCT_VINTAGE(1.0.0),R,SWE,G1_S13_POGDP_PT,A,1997,56.3215219874037,0,,,,,,,M,OL
dataflow,IMF.FAD:FM_2025_OCT_VINTAGE(1.0.0),R,SWE,G1_S13_POGDP_PT,A,1998,56.4391809343463,0,,,,,,,M,OL
dataflow,IMF.FAD:FM_2025_OCT_VINTAGE(1.0.0),R,SWE,G1_S13_POGDP_PT,A,1999,55.831077312965,0,,,,,,,M,OL
dataflow,IMF.FAD:FM_2025_OCT_VINTAGE(1.0.0),R,SWE,G1_S13_POGDP_PT,A,2000,55.3486315658374,0,,,,,,,M,OL
dataflow,IMF.FAD:FM_2025_OCT_VINTAGE(1.0.0),R,SWE,G1_S13_POGDP_PT,A,2001,53.1113261662483,0,,,,,,,M,OL
dataflow,IMF.FAD:FM_2025_OCT_VINTAGE(1.0.0),R,SWE,G1_S13_POGDP_PT,A,2002,51.2245206030359,0,,,,,,,M,OL
dataflow,IMF.FAD:FM_2025_OCT_VINTAGE(1.0.0),R,SWE,G1_S13_POGDP_PT,A,2003,51.7149562635809,0,,,,,,,M,OL
dataflow,IMF.FAD:FM_2025_OCT_VINTAGE(1.0.0),R,SWE,G1_S13_POGDP_PT,A,2004,51.8421181138194,0,,,,,,,M,OL
dataflow,IMF.FAD:FM_2025_OCT_VINTAGE(1.0.0),R,SWE,G1_S13_POGDP_PT,A,2005,53.2569307720505,0,,,,,,,M,OL
dataflow,IMF.FAD:FM_2025_OCT_VINTAGE(1.0.0),R,SWE,G1_S13_POGDP_PT,A,2006,52.3271057985905,0,,,,,,,M,OL
dataflow,IMF.FAD:FM_2025_OCT_VINTAGE(1.0.0),R,SWE,G1_S13_POGDP_PT,A,2007,51.8320056398667,0,,,,,,,M,OL
dataflow,IMF.FAD:FM_2025_OCT_VINTAGE(1.0.0),R,SWE,G1_S13_POGDP_PT,A,2008,51.2605277379194,0,,,,,,,M,OL
dataflow,IMF.FAD:FM_2025_OCT_VINTAGE(1.0.0),R,SWE,G1_S13_POGDP_PT,A,2009,50.7884005914321,0,,,,,,,M,OL
dataflow,IMF.FAD:FM_2025_OCT_VINTAGE(1.0.0),R,SWE,G1_S13_POGDP_PT,A,2010,49.6010433860038,0,,,,,,,M,OL
dataflow,IMF.FAD:FM_2025_OCT_VINTAGE(1.0.0),R,SWE,G1_S13_POGDP_PT,A,2011,48.6922565945902,0,,,,,,,M,OL
dataflow,IMF.FAD:FM_2025_OCT_VINTAGE(1.0.0),R,SWE,G1_S13_POGDP_PT,A,2012,49.0543550199423,0,,,,,,,M,OL
dataflow,IMF.FAD:FM_2025_OCT_VINTAGE(1.0.0),R,SWE,G1_S13_POGDP_PT,A,2013,49.733244046743,0,,,,,,,M,OL
dataflow,IMF.FAD:FM_2025_OCT_VINTAGE(1.0.0),R,SWE,G1_S13_POGDP_PT,A,2014,48.8689006591373,0,,,,,,,M,OL
dataflow,IMF.FAD:FM_2025_OCT_VINTAGE(1.0.0),R,SWE,G1_S13_POGDP_PT,A,2015,49.086443283472,0,,,,,,,M,OL
dataflow,IMF.FAD:FM_2025_OCT_VINTAGE(1.0.0),R,SWE,G1_S13_POGDP_PT,A,2016,50.3774471003808,0,,,,,,,M,OL
dataflow,IMF.FAD:FM_2025_OCT_VINTAGE(1.0.0),R,SWE,G1_S13_POGDP_PT,A,2017,50.5365549361174,0,,,,,,,M,OL
dataflow,IMF.FAD:FM_2025_OCT_VINTAGE(1.0.0),R,SWE,G1_S13_POGDP_PT,A,2018,50.4406701191355,0,,,,,,,M,OL
dataflow,IMF.FAD:FM_2025_OCT_VINTAGE(1.0.0),R,SWE,G1_S13_POGDP_PT,A,2019,49.2262090396628,0,,,,,,,M,OL
dataflow,IMF.FAD:FM_2025_OCT_VINTAGE(1.0.0),R,SWE,G1_S13_POGDP_PT,A,2020,48.8467150954895,0,,,,,,,M,OL
dataflow,IMF.FAD:FM_2025_OCT_VINTAGE(1.0.0),R,SWE,G1_S13_POGDP_PT,A,2021,49.1683463276336,0,,,,,,,M,OL
dataflow,IMF.FAD:FM_2025_OCT_VINTAGE(1.0.0),R,SWE,G1_S13_POGDP_PT,A,2022,49.3170105640674,0,,,,,,,M,OL
dataflow,IMF.FAD:FM_2025_OCT_VINTAGE(1.0.0),R,SWE,G1_S13_POGDP_PT,A,2023,48.2768960150489,0,,,,,,,M,OL
dataflow,IMF.FAD:FM_2025_OCT_VINTAGE(1.0.0),R,SWE,G1_S13_POGDP_PT,A,2024,47.5789693767881,0,,,,,,,M,OL
dataflow,IMF.FAD:FM_2025_OCT_VINTAGE(1.0.0),R,SWE,G1_S13_POGDP_PT,A,2025,47.6587742185063,0,,,,,,,M,OL
dataflow,IMF.FAD:FM_2025_OCT_VINTAGE(1.0.0),R,SWE,G1_S13_POGDP_PT,A,2026,47.0100326005158,0,,,,,,,M,OL
dataflow,IMF.FAD:FM_2025_OCT_VINTAGE(1.0.0),R,SWE,G1_S13_POGDP_PT,A,2027,47.1676041593231,0,,,,,,,M,OL
dataflow,IMF.FAD:FM_2025_OCT_VINTAGE(1.0.0),R,SWE,G1_S13_POGDP_PT,A,2028,47.3667439357154,0,,,,,,,M,OL
dataflow,IMF.FAD:FM_2025_OCT_VINTAGE(1.0.0),R,SWE,G1_S13_POGDP_PT,A,2029,47.5587704513362,0,,,,,,,M,OL
dataflow,IMF.FAD:FM_2025_OCT_VINTAGE(1.0.0),R,SWE,G1_S13_POGDP_PT,A,2030,47.5587704513363,0,,,,,,,M,OL
dataflow,IMF.FAD:FM_2025_OCT_VINTAGE(1.0.0),R,SWE,G63G_S13_POGDP_PT,A,1994,68.5521504729575,0,,,,,,,M,OL
dataflow,IMF.FAD:FM_2025_OCT_VINTAGE(1.0.0),R,SWE,G63G_S13_POGDP_PT,A,1995,68.6932442567644,0,,,,,,,M,OL
dataflow,IMF.FAD:FM_2025_OCT_VINTAGE(1.0.0),R,SWE,G63G_S13_POGDP_PT,A,1996,68.9342872925857,0,,,,,,,M,OL
dataflow,IMF.FAD:FM_2025_OCT_VINTAGE(1.0.0),R,SWE,G63G_S13_POGDP_PT,A,1997,67.7017496788463,0,,,,,,,M,OL
dataflow,IMF.FAD:FM_2025_OCT_VINTAGE(1.0.0),R,SWE,G63G_S13_POGDP_PT,A,1998,65.4001765624611,0,,,,,,,M,OL
dataflow,IMF.FAD:FM_2025_OCT_VINTAGE(1.0.0),R,SWE,G63G_S13_POGDP_PT,A,1999,60.2791407235585,0,,,,,,,M,OL
dataflow,IMF.FAD:FM_2025_OCT_VINTAGE(1.0.0),R,SWE,G63G_S13_POGDP_PT,A,2000,50.4385008977592,0,,,,,,,M,OL
dataflow,IMF.FAD:FM_2025_OCT_VINTAGE(1.0.0),R,SWE,G63G_S13_POGDP_PT,A,2001,51.9862790563977,0,,,,,,,M,OL
dataflow,IMF.FAD:FM_2025_OCT_VINTAGE(1.0.0),R,SWE,G63G_S13_POGDP_PT,A,2002,49.8402298201563,0,,,,,,,M,OL
dataflow,IMF.FAD:FM_2025_OCT_VINTAGE(1.0.0),R,SWE,G63G_S13_POGDP_PT,A,2003,49.4448824872937,0,,,,,,,M,OL
dataflow,IMF.FAD:FM_2025_OCT_VINTAGE(1.0.0),R,SWE,G63G_S13_POGDP_PT,A,2004,48.665952343713,0,,,,,,,M,OL
dataflow,IMF.FAD:FM_2025_OCT_VINTAGE(1.0.0),R,SWE,G63G_S13_POGDP_PT,A,2005,48.8975367314093,0,,,,,,,M,OL
dataflow,IMF.FAD:FM_2025_OCT_VINTAGE(1.0.0),R,SWE,G63G_S13_POGDP_PT,A,2006,43.84023860152,0,,,,,,,M,OL
dataflow,IMF.FAD:FM_2025_OCT_VINTAGE(1.0.0),R,SWE,G63G_S13_POGDP_PT,A,2007,39.1989456951483,0,,,,,,,M,OL
dataflow,IMF.FAD:FM_2025_OCT_VINTAGE(1.0.0),R,SWE,G63G_S13_POGDP_PT,A,2008,37.9524233366049,0,,,,,,,M,OL
dataflow,IMF.FAD:FM_2025_OCT_VINTAGE(1.0.0),R,SWE,G63G_S13_POGDP_PT,A,2009,41.1925207610401,0,,,,,,,M,OL
dataflow,IMF.FAD:FM_2025_OCT_VINTAGE(1.0.0),R,SWE,G63G_S13_POGDP_PT,A,2010,38.5931183151749,0,,,,,,,M,OL
dataflow,IMF.FAD:FM_2025_OCT_VINTAGE(1.0.0),R,SWE,G63G_S13_POGDP_PT,A,2011,37.6700117711617,0,,,,,,,M,OL
dataflow,IMF.FAD:FM_2025_OCT_VINTAGE(1.0.0),R,SWE,G63G_S13_POGDP_PT,A,2012,37.9925869144676,0,,,,,,,M,OL
dataflow,IMF.FAD:FM_2025_OCT_VINTAGE(1.0.0),R,SWE,G63G_S13_POGDP_PT,A,2013,40.7769457678577,0,,,,,,,M,OL
dataflow,IMF.FAD:FM_2025_OCT_VINTAGE(1.0.0),R,SWE,G63G_S13_POGDP_PT,A,2014,45.6864680323721,0,,,,,,,M,OL
dataflow,IMF.FAD:FM_2025_OCT_VINTAGE(1.0.0),R,SWE,G63G_S13_POGDP_PT,A,2015,44.4647236450752,0,,,,,,,M,OL
dataflow,IMF.FAD:FM_2025_OCT_VINTAGE(1.0.0),R,SWE,G63G_S13_POGDP_PT,A,2016,42.8831627018843,0,,,,,,,M,OL
dataflow,IMF.FAD:FM_2025_OCT_VINTAGE(1.0.0),R,SWE,G63G_S13_POGDP_PT,A,2017,41.6292140479997,0,,,,,,,M,OL
dataflow,IMF.FAD:FM_2025_OCT_VINTAGE(1.0.0),R,SWE,G63G_S13_POGDP_PT,A,2018,39.9301608656804,0,,,,,,,M,OL
dataflow,IMF.FAD:FM_2025_OCT_VINTAGE(1.0.0),R,SWE,G63G_S13_POGDP_PT,A,2019,35.7800900230255,0,,,,,,,M,OL
dataflow,IMF.FAD:FM_2025_OCT_VINTAGE(1.0.0),R,SWE,G63G_S13_POGDP_PT,A,2020,40.20411521977,0,,,,,,,M,OL
dataflow,IMF.FAD:FM_2025_OCT_VINTAGE(1.0.0),R,SWE,G63G_S13_POGDP_PT,A,2021,37.0045000147663,0,,,,,,,M,OL
dataflow,IMF.FAD:FM_2025_OCT_VINTAGE(1.0.0),R,SWE,G63G_S13_POGDP_PT,A,2022,33.91114629888,0,,,,,,,M,OL
dataflow,IMF.FAD:FM_2025_OCT_VINTAGE(1.0.0),R,SWE,G63G_S13_POGDP_PT,A,2023,31.8140567754164,0,,,,,,,M,OL
dataflow,IMF.FAD:FM_2025_OCT_VINTAGE(1.0.0),R,SWE,G63G_S13_POGDP_PT,A,2024,32.9886677447448,0,,,,,,,M,OL
dataflow,IMF.FAD:FM_2025_OCT_VINTAGE(1.0.0),R,SWE,G63G_S13_POGDP_PT,A,2025,34.1630930069887,0,,,,,,,M,OL
dataflow,IMF.FAD:FM_2025_OCT_VINTAGE(1.0.0),R,SWE,G63G_S13_POGDP_PT,A,2026,35.5747232460227,0,,,,,,,M,OL
dataflow,IMF.FAD:FM_2025_OCT_VINTAGE(1.0.0),R,SWE,G63G_S13_POGDP_PT,A,2027,35.8287390053914,0,,,,,,,M,OL
dataflow,IMF.FAD:FM_2025_OCT_VINTAGE(1.0.0),R,SWE,G63G_S13_POGDP_PT,A,2028,35.3028299052944,0,,,,,,,M,OL
dataflow,IMF.FAD:FM_2025_OCT_VINTAGE(1.0.0),R,SWE,G63G_S13_POGDP_PT,A,2029,34.4569403296657,0,,,,,,,M,OL
dataflow,IMF.FAD:FM_2025_OCT_VINTAGE(1.0.0),R,SWE,G63G_S13_POGDP_PT,A,2030,33.5109456915187,0,,,,,,,M,OL
dataflow,IMF.FAD:FM_2025_OCT_VINTAGE(1.0.0),R,SWE,G63N_S13_POGDP_PT,A,1994,50.6793138454168,0,,,,,,,M,OL
dataflow,IMF.FAD:FM_2025_OCT_VINTAGE(1.0.0),R,SWE,G63N_S13_POGDP_PT,A,1995,44.4837704225847,0,,,,,,,M,OL
dataflow,IMF.FAD:FM_2025_OCT_VINTAGE(1.0.0),R,SWE,G63N_S13_POGDP_PT,A,1996,46.190496134975,0,,,,,,,M,OL
dataflow,IMF.FAD:FM_2025_OCT_VINTAGE(1.0.0),R,SWE,G63N_S13_POGDP_PT,A,1997,49.8294238593712,0,,,,,,,M,OL
dataflow,IMF.FAD:FM_2025_OCT_VINTAGE(1.0.0),R,SWE,G63N_S13_POGDP_PT,A,1998,50.5034299546744,0,,,,,,,M,OL
dataflow,IMF.FAD:FM_2025_OCT_VINTAGE(1.0.0),R,SWE,G63N_S13_POGDP_PT,A,1999,43.4248771689562,0,,,,,,,M,OL
dataflow,IMF.FAD:FM_2025_OCT_VINTAGE(1.0.0),R,SWE,G63N_S13_POGDP_PT,A,2000,24.5702068478791,0,,,,,,,M,OL
dataflow,IMF.FAD:FM_2025_OCT_VINTAGE(1.0.0),R,SWE,G63N_S13_POGDP_PT,A,2001,30.5063430619167,0,,,,,,,M,OL
dataflow,IMF.FAD:FM_2025_OCT_VINTAGE(1.0.0),R,SWE,G63N_S13_POGDP_PT,A,2002,29.3875726110239,0,,,,,,,M,OL
dataflow,IMF.FAD:FM_2025_OCT_VINTAGE(1.0.0),R,SWE,G63N_S13_POGDP_PT,A,2003,29.4050514361019,0,,,,,,,M,OL
dataflow,IMF.FAD:FM_2025_OCT_VINTAGE(1.0.0),R,SWE,G63N_S13_POGDP_PT,A,2004,28.6477003070787,0,,,,,,,M,OL
dataflow,IMF.FAD:FM_2025_OCT_VINTAGE(1.0.0),R,SWE,G63N_S13_POGDP_PT,A,2005,26.5651951555228,0,,,,,,,M,OL
dataflow,IMF.FAD:FM_2025_OCT_VINTAGE(1.0.0),R,SWE,G63N_S13_POGDP_PT,A,2006,20.7936554269945,0,,,,,,,M,OL
dataflow,IMF.FAD:FM_2025_OCT_VINTAGE(1.0.0),R,SWE,G63N_S13_POGDP_PT,A,2007,15.5605674285619,0,,,,,,,M,OL
dataflow,IMF.FAD:FM_2025_OCT_VINTAGE(1.0.0),R,SWE,G63N_S13_POGDP_PT,A,2008,13.6391604284712,0,,,,,,,M,OL
dataflow,IMF.FAD:FM_2025_OCT_VINTAGE(1.0.0),R,SWE,G63N_S13_POGDP_PT,A,2009,14.5018478491397,0,,,,,,,M,OL
dataflow,IMF.FAD:FM_2025_OCT_VINTAGE(1.0.0),R,SWE,G63N_S13_POGDP_PT,A,2010,13.3164334985023,0,,,,,,,M,OL
dataflow,IMF.FAD:FM_2025_OCT_VINTAGE(1.0.0),R,SWE,G63N_S13_POGDP_PT,A,2011,11.640736910892,0,,,,,,,M,OL
dataflow,IMF.FAD:FM_2025_OCT_VINTAGE(1.0.0),R,SWE,G63N_S13_POGDP_PT,A,2012,11.2447190827213,0,,,,,,,M,OL
dataflow,IMF.FAD:FM_2025_OCT_VINTAGE(1.0.0),R,SWE,G63N_S13_POGDP_PT,A,2013,12.1182104696587,0,,,,,,,M,OL
dataflow,IMF.FAD:FM_2025_OCT_VINTAGE(1.0.0),R,SWE,G63N_S13_POGDP_PT,A,2014,12.1885143702825,0,,,,,,,M,OL
dataflow,IMF.FAD:FM_2025_OCT_VINTAGE(1.0.0),R,SWE,G63N_S13_POGDP_PT,A,2015,12.1569553403786,0,,,,,,,M,OL
dataflow,IMF.FAD:FM_2025_OCT_VINTAGE(1.0.0),R,SWE,G63N_S13_POGDP_PT,A,2016,9.93145375809193,0,,,,,,,M,OL
dataflow,IMF.FAD:FM_2025_OCT_VINTAGE(1.0.0),R,SWE,G63N_S13_POGDP_PT,A,2017,7.34648360674729,0,,,,,,,M,OL
dataflow,IMF.FAD:FM_2025_OCT_VINTAGE(1.0.0),R,SWE,G63N_S13_POGDP_PT,A,2018,7.14656025310198,0,,,,,,,M,OL
dataflow,IMF.FAD:FM_2025_OCT_VINTAGE(1.0.0),R,SWE,G63N_S13_POGDP_PT,A,2019,5.6684594002209,0,,,,,,,M,OL
dataflow,IMF.FAD:FM_2025_OCT_VINTAGE(1.0.0),R,SWE,G63N_S13_POGDP_PT,A,2020,9.47085044350974,0,,,,,,,M,OL
dataflow,IMF.FAD:FM_2025_OCT_VINTAGE(1.0.0),R,SWE,G63N_S13_POGDP_PT,A,2021,8.67814373468001,0,,,,,,,M,OL
dataflow,IMF.FAD:FM_2025_OCT_VINTAGE(1.0.0),R,SWE,G63N_S13_POGDP_PT,A,2022,9.00155852015374,0,,,,,,,M,OL
dataflow,IMF.FAD:FM_2025_OCT_VINTAGE(1.0.0),R,SWE,G63N_S13_POGDP_PT,A,2023,8.22947437543412,0,,,,,,,M,OL
dataflow,IMF.FAD:FM_2025_OCT_VINTAGE(1.0.0),R,SWE,G63N_S13_POGDP_PT,A,2024,10.2789396213412,0,,,,,,,M,OL
dataflow,IMF.FAD:FM_2025_OCT_VINTAGE(1.0.0),R,SWE,G63N_S13_POGDP_PT,A,2025,11.9925795064273,0,,,,,,,M,OL
dataflow,IMF.FAD:FM_2025_OCT_VINTAGE(1.0.0),R,SWE,G63N_S13_POGDP_PT,A,2026,14.1669900050995,0,,,,,,,M,OL
dataflow,IMF.FAD:FM_2025_OCT_VINTAGE(1.0.0),R,SWE,G63N_S13_POGDP_PT,A,2027,15.1883668783276,0,,,,,,,M,OL
dataflow,IMF.FAD:FM_2025_OCT_VINTAGE(1.0.0),R,SWE,G63N_S13_POGDP_PT,A,2028,15.4047147792772,0,,,,,,,M,OL
dataflow,IMF.FAD:FM_2025_OCT_VINTAGE(1.0.0),R,SWE,G63N_S13_POGDP_PT,A,2029,15.2695846727946,0,,,,,,,M,OL
dataflow,IMF.FAD:FM_2025_OCT_VINTAGE(1.0.0),R,SWE,G63N_S13_POGDP_PT,A,2030,15.0079446242083,0,,,,,,,M,OL
dataflow,IMF.FAD:FM_2025_OCT_VINTAGE(1.0.0),R,SWE,GNLB_S13_POGDP_PT,A,1991,0.284277794778929,0,,,,,,,M,OL
dataflow,IMF.FAD:FM_2025_OCT_VINTAGE(1.0.0),R,SWE,GNLB_S13_POGDP_PT,A,1992,-8.51293961367512,0,,,,,,,M,OL
dataflow,IMF.FAD:FM_2025_OCT_VINTAGE(1.0.0),R,SWE,GNLB_S13_POGDP_PT,A,1993,-10.8751370720234,0,,,,,,,M,OL
dataflow,IMF.FAD:FM_2025_OCT_VINTAGE(1.0.0),R,SWE,GNLB_S13_POGDP_PT,A,1994,-8.77457092589963,0,,,,,,,M,OL
dataflow,IMF.FAD:FM_2025_OCT_VINTAGE(1.0.0),R,SWE,GNLB_S13_POGDP_PT,A,1995,-7.00899918160625,0,,,,,,,M,OL
dataflow,IMF.FAD:FM_2025_OCT_VINTAGE(1.0.0),R,SWE,GNLB_S13_POGDP_PT,A,1996,-3.10734318990466,0,,,,,,,M,OL
dataflow,IMF.FAD:FM_2025_OCT_VINTAGE(1.0.0),R,SWE,GNLB_S13_POGDP_PT,A,1997,-1.57021843608998,0,,,,,,,M,OL
dataflow,IMF.FAD:FM_2025_OCT_VINTAGE(1.0.0),R,SWE,GNLB_S13_POGDP_PT,A,1998,0.821768197008907,0,,,,,,,M,OL
dataflow,IMF.FAD:FM_2025_OCT_VINTAGE(1.0.0),R,SWE,GNLB_S13_POGDP_PT,A,1999,0.597698329780175,0,,,,,,,M,OL
dataflow,IMF.FAD:FM_2025_OCT_VINTAGE(1.0.0),R,SWE,GNLB_S13_POGDP_PT,A,2000,3.10759618478272,0,,,,,,,M,OL
dataflow,IMF.FAD:FM_2025_OCT_VINTAGE(1.0.0),R,SWE,GNLB_S13_POGDP_PT,A,2001,1.37425023475078,0,,,,,,,M,OL
dataflow,IMF.FAD:FM_2025_OCT_VINTAGE(1.0.0),R,SWE,GNLB_S13_POGDP_PT,A,2002,-1.45600395171441,0,,,,,,,M,OL
dataflow,IMF.FAD:FM_2025_OCT_VINTAGE(1.0.0),R,SWE,GNLB_S13_POGDP_PT,A,2003,-1.24516456221011,0,,,,,,,M,OL
dataflow,IMF.FAD:FM_2025_OCT_VINTAGE(1.0.0),R,SWE,GNLB_S13_POGDP_PT,A,2004,0.166172090024508,0,,,,,,,M,OL
dataflow,IMF.FAD:FM_2025_OCT_VINTAGE(1.0.0),R,SWE,GNLB_S13_POGDP_PT,A,2005,2.08245149595491,0,,,,,,,M,OL
dataflow,IMF.FAD:FM_2025_OCT_VINTAGE(1.0.0),R,SWE,GNLB_S13_POGDP_PT,A,2006,2.19502877146071,0,,,,,,,M,OL
dataflow,IMF.FAD:FM_2025_OCT_VINTAGE(1.0.0),R,SWE,GNLB_S13_POGDP_PT,A,2007,3.36797866029011,0,,,,,,,M,OL
dataflow,IMF.FAD:FM_2025_OCT_VINTAGE(1.0.0),R,SWE,GNLB_S13_POGDP_PT,A,2008,1.87291800135206,0,,,,,,,M,OL
dataflow,IMF.FAD:FM_2025_OCT_VINTAGE(1.0.0),R,SWE,GNLB_S13_POGDP_PT,A,2009,-0.889133564070051,0,,,,,,,M,OL
dataflow,IMF.FAD:FM_2025_OCT_VINTAGE(1.0.0),R,SWE,GNLB_S13_POGDP_PT,A,2010,-0.143713357176686,0,,,,,,,M,OL
dataflow,IMF.FAD:FM_2025_OCT_VINTAGE(1.0.0),R,SWE,GNLB_S13_POGDP_PT,A,2011,-0.407496510623872,0,,,,,,,M,OL
dataflow,IMF.FAD:FM_2025_OCT_VINTAGE(1.0.0),R,SWE,GNLB_S13_POGDP_PT,A,2012,-1.19140984213967,0,,,,,,,M,OL
dataflow,IMF.FAD:FM_2025_OCT_VINTAGE(1.0.0),R,SWE,GNLB_S13_POGDP_PT,A,2013,-1.62999714058643,0,,,,,,,M,OL
dataflow,IMF.FAD:FM_2025_OCT_VINTAGE(1.0.0),R,SWE,GNLB_S13_POGDP_PT,A,2014,-1.84072018177112,0,,,,,,,M,OL
dataflow,IMF.FAD:FM_2025_OCT_VINTAGE(1.0.0),R,SWE,GNLB_S13_POGDP_PT,A,2015,-0.271594748774266,0,,,,,,,M,OL
dataflow,IMF.FAD:FM_2025_OCT_VINTAGE(1.0.0),R,SWE,GNLB_S13_POGDP_PT,A,2016,0.861864673587536,0,,,,,,,M,OL
dataflow,IMF.FAD:FM_2025_OCT_VINTAGE(1.0.0),R,SWE,GNLB_S13_POGDP_PT,A,2017,1.28938863599902,0,,,,,,,M,OL
dataflow,IMF.FAD:FM_2025_OCT_VINTAGE(1.0.0),R,SWE,GNLB_S13_POGDP_PT,A,2018,0.67256375636088,0,,,,,,,M,OL
dataflow,IMF.FAD:FM_2025_OCT_VINTAGE(1.0.0),R,SWE,GNLB_S13_POGDP_PT,A,2019,0.440197539243181,0,,,,,,,M,OL
dataflow,IMF.FAD:FM_2025_OCT_VINTAGE(1.0.0),R,SWE,GNLB_S13_POGDP_PT,A,2020,-3.18014385016124,0,,,,,,,M,OL
dataflow,IMF.FAD:FM_2025_OCT_VINTAGE(1.0.0),R,SWE,GNLB_S13_POGDP_PT,A,2021,-0.148548477599598,0,,,,,,,M,OL
dataflow,IMF.FAD:FM_2025_OCT_VINTAGE(1.0.0),R,SWE,GNLB_S13_POGDP_PT,A,2022,1.00278264188508,0,,,,,,,M,OL
dataflow,IMF.FAD:FM_2025_OCT_VINTAGE(1.0.0),R,SWE,GNLB_S13_POGDP_PT,A,2023,-0.630275457999244,0,,,,,,,M,OL
dataflow,IMF.FAD:FM_2025_OCT_VINTAGE(1.0.0),R,SWE,GNLB_S13_POGDP_PT,A,2024,-1.71968832452946,0,,,,,,,M,OL
dataflow,IMF.FAD:FM_2025_OCT_VINTAGE(1.0.0),R,SWE,GNLB_S13_POGDP_PT,A,2025,-1.37234380268387,0,,,,,,,M,OL
dataflow,IMF.FAD:FM_2025_OCT_VINTAGE(1.0.0),R,SWE,GNLB_S13_POGDP_PT,A,2026,-1.7531508576186,0,,,,,,,M,OL
dataflow,IMF.FAD:FM_2025_OCT_VINTAGE(1.0.0),R,SWE,GNLB_S13_POGDP_PT,A,2027,-0.661149428619845,0,,,,,,,M,OL
dataflow,IMF.FAD:FM_2025_OCT_VINTAGE(1.0.0),R,SWE,GNLB_S13_POGDP_PT,A,2028,-0.228535431629508,0,,,,,,,M,OL
dataflow,IMF.FAD:FM_2025_OCT_VINTAGE(1.0.0),R,SWE,GNLB_S13_POGDP_PT,A,2029,-0.00340089607405553,0,,,,,,,M,OL
dataflow,IMF.FAD:FM_2025_OCT_VINTAGE(1.0.0),R,SWE,GNLB_S13_POGDP_PT,A,2030,-0.00340089607402262,0,,,,,,,M,OL
dataflow,IMF.FAD:FM_2025_OCT_VINTAGE(1.0.0),R,SWE,GPB_S13_POGDP_PT,A,1991,1.7349123996163,0,,,,,,,M,OL
dataflow,IMF.FAD:FM_2025_OCT_VINTAGE(1.0.0),R,SWE,GPB_S13_POGDP_PT,A,1992,-6.92826729894757,0,,,,,,,M,OL
dataflow,IMF.FAD:FM_2025_OCT_VINTAGE(1.0.0),R,SWE,GPB_S13_POGDP_PT,A,1993,-9.90416215065894,0,,,,,,,M,OL
dataflow,IMF.FAD:FM_2025_OCT_VINTAGE(1.0.0),R,SWE,GPB_S13_POGDP_PT,A,1994,-6.8367356668943,0,,,,,,,M,OL
dataflow,IMF.FAD:FM_2025_OCT_VINTAGE(1.0.0),R,SWE,GPB_S13_POGDP_PT,A,1995,-4.62683817064061,0,,,,,,,M,OL
dataflow,IMF.FAD:FM_2025_OCT_VINTAGE(1.0.0),R,SWE,GPB_S13_POGDP_PT,A,1996,-0.378789813536935,0,,,,,,,M,OL
dataflow,IMF.FAD:FM_2025_OCT_VINTAGE(1.0.0),R,SWE,GPB_S13_POGDP_PT,A,1997,1.42935335358991,0,,,,,,,M,OL
dataflow,IMF.FAD:FM_2025_OCT_VINTAGE(1.0.0),R,SWE,GPB_S13_POGDP_PT,A,1998,3.40162904853294,0,,,,,,,M,OL
dataflow,IMF.FAD:FM_2025_OCT_VINTAGE(1.0.0),R,SWE,GPB_S13_POGDP_PT,A,1999,3.07214382526931,0,,,,,,,M,OL
dataflow,IMF.FAD:FM_2025_OCT_VINTAGE(1.0.0),R,SWE,GPB_S13_POGDP_PT,A,2000,5.19417546263142,0,,,,,,,M,OL
dataflow,IMF.FAD:FM_2025_OCT_VINTAGE(1.0.0),R,SWE,GPB_S13_POGDP_PT,A,2001,3.07216111249513,0,,,,,,,M,OL
dataflow,IMF.FAD:FM_2025_OCT_VINTAGE(1.0.0),R,SWE,GPB_S13_POGDP_PT,A,2002,0.505295520097164,0,,,,,,,M,OL
dataflow,IMF.FAD:FM_2025_OCT_VINTAGE(1.0.0),R,SWE,GPB_S13_POGDP_PT,A,2003,-0.0168800737392695,0,,,,,,,M,OL
dataflow,IMF.FAD:FM_2025_OCT_VINTAGE(1.0.0),R,SWE,GPB_S13_POGDP_PT,A,2004,1.24551218583532,0,,,,,,,M,OL
dataflow,IMF.FAD:FM_2025_OCT_VINTAGE(1.0.0),R,SWE,GPB_S13_POGDP_PT,A,2005,3.07837685211472,0,,,,,,,M,OL
dataflow,IMF.FAD:FM_2025_OCT_VINTAGE(1.0.0),R,SWE,GPB_S13_POGDP_PT,A,2006,3.13389033966009,0,,,,,,,M,OL
dataflow,IMF.FAD:FM_2025_OCT_VINTAGE(1.0.0),R,SWE,GPB_S13_POGDP_PT,A,2007,4.05551102234661,0,,,,,,,M,OL
dataflow,IMF.FAD:FM_2025_OCT_VINTAGE(1.0.0),R,SWE,GPB_S13_POGDP_PT,A,2008,2.38753042935275,0,,,,,,,M,OL
dataflow,IMF.FAD:FM_2025_OCT_VINTAGE(1.0.0),R,SWE,GPB_S13_POGDP_PT,A,2009,-0.427028384827933,0,,,,,,,M,OL
dataflow,IMF.FAD:FM_2025_OCT_VINTAGE(1.0.0),R,SWE,GPB_S13_POGDP_PT,A,2010,0.216555530965104,0,,,,,,,M,OL
dataflow,IMF.FAD:FM_2025_OCT_VINTAGE(1.0.0),R,SWE,GPB_S13_POGDP_PT,A,2011,0.065158414032326,0,,,,,,,M,OL
dataflow,IMF.FAD:FM_2025_OCT_VINTAGE(1.0.0),R,SWE,GPB_S13_POGDP_PT,A,2012,-0.931481986148458,0,,,,,,,M,OL
dataflow,IMF.FAD:FM_2025_OCT_VINTAGE(1.0.0),R,SWE,GPB_S13_POGDP_PT,A,2013,-1.39467371147676,0,,,,,,,M,OL
dataflow,IMF.FAD:FM_2025_OCT_VINTAGE(1.0.0),R,SWE,GPB_S13_POGDP_PT,A,2014,-1.70395285576534,0,,,,,,,M,OL
dataflow,IMF.FAD:FM_2025_OCT_VINTAGE(1.0.0),R,SWE,GPB_S13_POGDP_PT,A,2015,-0.140394465905417,0,,,,,,,M,OL
dataflow,IMF.FAD:FM_2025_OCT_VINTAGE(1.0.0),R,SWE,GPB_S13_POGDP_PT,A,2016,0.923169522134055,0,,,,,,,M,OL
dataflow,IMF.FAD:FM_2025_OCT_VINTAGE(1.0.0),R,SWE,GPB_S13_POGDP_PT,A,2017,1.32425115527176,0,,,,,,,M,OL
dataflow,IMF.FAD:FM_2025_OCT_VINTAGE(1.0.0),R,SWE,GPB_S13_POGDP_PT,A,2018,0.712623724919875,0,,,,,,,M,OL
dataflow,IMF.FAD:FM_2025_OCT_VINTAGE(1.0.0),R,SWE,GPB_S13_POGDP_PT,A,2019,0.432231604765381,0,,,,,,,M,OL
dataflow,IMF.FAD:FM_2025_OCT_VINTAGE(1.0.0),R,SWE,GPB_S13_POGDP_PT,A,2020,-3.21876455632569,0,,,,,,,M,OL
dataflow,IMF.FAD:FM_2025_OCT_VINTAGE(1.0.0),R,SWE,GPB_S13_POGDP_PT,A,2021,-0.153845869879803,0,,,,,,,M,OL
dataflow,IMF.FAD:FM_2025_OCT_VINTAGE(1.0.0),R,SWE,GPB_S13_POGDP_PT,A,2022,1.1928997501038,0,,,,,,,M,OL
dataflow,IMF.FAD:FM_2025_OCT_VINTAGE(1.0.0),R,SWE,GPB_S13_POGDP_PT,A,2023,-0.428100267825153,0,,,,,,,M,OL
dataflow,IMF.FAD:FM_2025_OCT_VINTAGE(1.0.0),R,SWE,GPB_S13_POGDP_PT,A,2024,-1.60471900553809,0,,,,,,,M,OL
dataflow,IMF.FAD:FM_2025_OCT_VINTAGE(1.0.0),R,SWE,GPB_S13_POGDP_PT,A,2025,-1.39845631767153,0,,,,,,,M,OL
dataflow,IMF.FAD:FM_2025_OCT_VINTAGE(1.0.0),R,SWE,GPB_S13_POGDP_PT,A,2026,-1.80753567128993,0,,,,,,,M,OL
dataflow,IMF.FAD:FM_2025_OCT_VINTAGE(1.0.0),R,SWE,GPB_S13_POGDP_PT,A,2027,-0.716241436905286,0,,,,,,,M,OL
dataflow,IMF.FAD:FM_2025_OCT_VINTAGE(1.0.0),R,SWE,GPB_S13_POGDP_PT,A,2028,-0.301487944323755,0,,,,,,,M,OL
dataflow,IMF.FAD:FM_2025_OCT_VINTAGE(1.0.0),R,SWE,GPB_S13_POGDP_PT,A,2029,-0.0934560061360449,0,,,,,,,M,OL
dataflow,IMF.FAD:FM_2025_OCT_VINTAGE(1.0.0),R,SWE,GPB_S13_POGDP_PT,A,2030,-0.109923238033854,0,,,,,,,M,OL
dataflow,IMF.FAD:FM_2025_OCT_VINTAGE(1.0.0),R,USA,G1_S13_POGDP_PT,A,2002,29.8770164057425,0,,,,,,,M,OL
dataflow,IMF.FAD:FM_2025_OCT_VINTAGE(1.0.0),R,USA,G1_S13_POGDP_PT,A,2003,29.2664568867319,0,,,,,,,M,OL
dataflow,IMF.FAD:FM_2025_OCT_VINTAGE(1.0.0),R,USA,G1_S13_POGDP_PT,A,2004,29.4755047709475,0,,,,,,,M,OL
dataflow,IMF.FAD:FM_2025_OCT_VINTAGE(1.0.0),R,USA,G1_S13_POGDP_PT,A,2005,30.8529204245659,0,,,,,,,M,OL
dataflow,IMF.FAD:FM_2025_OCT_VINTAGE(1.0.0),R,USA,G1_S13_POGDP_PT,A,2006,31.6556501346304,0,,,,,,,M,OL
dataflow,IMF.FAD:FM_2025_OCT_VINTAGE(1.0.0),R,USA,G1_S13_POGDP_PT,A,2007,31.6487071869009,0,,,,,,,M,OL
dataflow,IMF.FAD:FM_2025_OCT_VINTAGE(1.0.0),R,USA,G1_S13_POGDP_PT,A,2008,30.5316032322603,0,,,,,,,M,OL
dataflow,IMF.FAD:FM_2025_OCT_VINTAGE(1.0.0),R,USA,G1_S13_POGDP_PT,A,2009,28.2218323600209,0,,,,,,,M,OL
dataflow,IMF.FAD:FM_2025_OCT_VINTAGE(1.0.0),R,USA,G1_S13_POGDP_PT,A,2010,28.7700989602282,0,,,,,,,M,OL
dataflow,IMF.FAD:FM_2025_OCT_VINTAGE(1.0.0),R,USA,G1_S13_POGDP_PT,A,2011,29.0804100713314,0,,,,,,,M,OL
dataflow,IMF.FAD:FM_2025_OCT_VINTAGE(1.0.0),R,USA,G1_S13_POGDP_PT,A,2012,29.1089612063529,0,,,,,,,M,OL
dataflow,IMF.FAD:FM_2025_OCT_VINTAGE(1.0.0),R,USA,G1_S13_POGDP_PT,A,2013,31.221606955883,0,,,,,,,M,OL
dataflow,IMF.FAD:FM_2025_OCT_VINTAGE(1.0.0),R,USA,G1_S13_POGDP_PT,A,2014,31.2979320626131,0,,,,,,,M,OL
dataflow,IMF.FAD:FM_2025_OCT_VINTAGE(1.0.0),R,USA,G1_S13_POGDP_PT,A,2015,31.5014375512435,0,,,,,,,M,OL
dataflow,IMF.FAD:FM_2025_OCT_VINTAGE(1.0.0),R,USA,G1_S13_POGDP_PT,A,2016,30.9767028806322,0,,,,,,,M,OL
dataflow,IMF.FAD:FM_2025_OCT_VINTAGE(1.0.0),R,USA,G1_S13_POGDP_PT,A,2017,30.3998806859031,0,,,,,,,M,OL
dataflow,IMF.FAD:FM_2025_OCT_VINTAGE(1.0.0),R,USA,G1_S13_POGDP_PT,A,2018,30.0144772656582,0,,,,,,,M,OL
dataflow,IMF.FAD:FM_2025_OCT_VINTAGE(1.0.0),R,USA,G1_S13_POGDP_PT,A,2019,30.0135492264963,0,,,,,,,M,OL
dataflow,IMF.FAD:FM_2025_OCT_VINTAGE(1.0.0),R,USA,G1_S13_POGDP_PT,A,2020,30.6010706295007,0,,,,,,,M,OL
dataflow,IMF.FAD:FM_2025_OCT_VINTAGE(1.0.0),R,USA,G1_S13_POGDP_PT,A,2021,31.7673446249102,0,,,,,,,M,OL
dataflow,IMF.FAD:FM_2025_OCT_VINTAGE(1.0.0),R,USA,G1_S13_POGDP_PT,A,2022,33.0696230224221,0,,,,,,,M,OL
dataflow,IMF.FAD:FM_2025_OCT_VINTAGE(1.0.0),R,USA,G1_S13_POGDP_PT,A,2023,29.8516764647718,0,,,,,,,M,OL
dataflow,IMF.FAD:FM_2025_OCT_VINTAGE(1.0.0),R,USA,G1_S13_POGDP_PT,A,2024,29.8865606128741,0,,,,,,,M,OL
dataflow,IMF.FAD:FM_2025_OCT_VINTAGE(1.0.0),R,USA,G1_S13_POGDP_PT,A,2025,30.420404325768,0,,,,,,,M,OL
dataflow,IMF.FAD:FM_2025_OCT_VINTAGE(1.0.0),R,USA,G1_S13_POGDP_PT,A,2026,30.0673079084409,0,,,,,,,M,OL
dataflow,IMF.FAD:FM_2025_OCT_VINTAGE(1.0.0),R,USA,G1_S13_POGDP_PT,A,2027,30.0655339362797,0,,,,,,,M,OL
dataflow,IMF.FAD:FM_2025_OCT_VINTAGE(1.0.0),R,USA,G1_S13_POGDP_PT,A,2028,30.0042808469455,0,,,,,,,M,OL
dataflow,IMF.FAD:FM_2025_OCT_VINTAGE(1.0.0),R,USA,G1_S13_POGDP_PT,A,2029,30.2951956147444,0,,,,,,,M,OL
dataflow,IMF.FAD:FM_2025_OCT_VINTAGE(1.0.0),R,USA,G1_S13_POGDP_PT,A,2030,30.6123248627618,0,,,,,,,M,OL
dataflow,IMF.FAD:FM_2025_OCT_VINTAGE(1.0.0),R,USA,G63G_S13_POGDP_PT,A,2002,55.8594943773961,0,,,,,,,M,OL
dataflow,IMF.FAD:FM_2025_OCT_VINTAGE(1.0.0),R,USA,G63G_S13_POGDP_PT,A,2003,58.9561164234994,0,,,,,,,M,OL
dataflow,IMF.FAD:FM_2025_OCT_VINTAGE(1.0.0),R,USA,G63G_S13_POGDP_PT,A,2004,66.4388453140763,0,,,,,,,M,OL
dataflow,IMF.FAD:FM_2025_OCT_VINTAGE(1.0.0),R,USA,G63G_S13_POGDP_PT,A,2005,65.7776704092276,0,,,,,,,M,OL
dataflow,IMF.FAD:FM_2025_OCT_VINTAGE(1.0.0),R,USA,G63G_S13_POGDP_PT,A,2006,64.5309867106749,0,,,,,,,M,OL
dataflow,IMF.FAD:FM_2025_OCT_VINTAGE(1.0.0),R,USA,G63G_S13_POGDP_PT,A,2007,64.948394562758,0,,,,,,,M,OL
dataflow,IMF.FAD:FM_2025_OCT_VINTAGE(1.0.0),R,USA,G63G_S13_POGDP_PT,A,2008,73.844622660352,0,,,,,,,M,OL
dataflow,IMF.FAD:FM_2025_OCT_VINTAGE(1.0.0),R,USA,G63G_S13_POGDP_PT,A,2009,87.0703029758842,0,,,,,,,M,OL
dataflow,IMF.FAD:FM_2025_OCT_VINTAGE(1.0.0),R,USA,G63G_S13_POGDP_PT,A,2010,95.6441485217432,0,,,,,,,M,OL
dataflow,IMF.FAD:FM_2025_OCT_VINTAGE(1.0.0),R,USA,G63G_S13_POGDP_PT,A,2011,100.020077277003,0,,,,,,,M,OL
dataflow,IMF.FAD:FM_2025_OCT_VINTAGE(1.0.0),R,USA,G63G_S13_POGDP_PT,A,2012,103.659393562796,0,,,,,,,M,OL
dataflow,IMF.FAD:FM_2025_OCT_VINTAGE(1.0.0),R,USA,G63G_S13_POGDP_PT,A,2013,105.003318883872,0,,,,,,,M,OL
dataflow,IMF.FAD:FM_2025_OCT_VINTAGE(1.0.0),R,USA,G63G_S13_POGDP_PT,A,2014,104.929752600007,0,,,,,,,M,OL
dataflow,IMF.FAD:FM_2025_OCT_VINTAGE(1.0.0),R,USA,G63G_S13_POGDP_PT,A,2015,105.423749658377,0,,,,,,,M,OL
dataflow,IMF.FAD:FM_2025_OCT_VINTAGE(1.0.0),R,USA,G63G_S13_POGDP_PT,A,2016,107.38047530165,0,,,,,,,M,OL
dataflow,IMF.FAD:FM_2025_OCT_VINTAGE(1.0.0),R,USA,G63G_S13_POGDP_PT,A,2017,106.374059891598,0,,,,,,,M,OL
dataflow,IMF.FAD:FM_2025_OCT_VINTAGE(1.0.0),R,USA,G63G_S13_POGDP_PT,A,2018,107.625086988252,0,,,,,,,M,OL
dataflow,IMF.FAD:FM_2025_OCT_VINTAGE(1.0.0),R,USA,G63G_S13_POGDP_PT,A,2019,108.7507854582,0,,,,,,,M,OL
dataflow,IMF.FAD:FM_2025_OCT_VINTAGE(1.0.0),R,USA,G63G_S13_POGDP_PT,A,2020,132.513083457406,0,,,,,,,M,OL
dataflow,IMF.FAD:FM_2025_OCT_VINTAGE(1.0.0),R,USA,G63G_S13_POGDP_PT,A,2021,125.008600396617,0,,,,,,,M,OL
dataflow,IMF.FAD:FM_2025_OCT_VINTAGE(1.0.0),R,USA,G63G_S13_POGDP_PT,A,2022,119.104446047915,0,,,,,,,M,OL
dataflow,IMF.FAD:FM_2025_OCT_VINTAGE(1.0.0),R,USA,G63G_S13_POGDP_PT,A,2023,119.83556794952,0,,,,,,,M,OL
dataflow,IMF.FAD:FM_2025_OCT_VINTAGE(1.0.0),R,USA,G63G_S13_POGDP_PT,A,2024,122.321754832034,0,,,,,,,M,OL
dataflow,IMF.FAD:FM_2025_OCT_VINTAGE(1.0.0),R,USA,G63G_S13_POGDP_PT,A,2025,125.049541021853,0,,,,,,,M,OL
dataflow,IMF.FAD:FM_2025_OCT_VINTAGE(1.0.0),R,USA,G63G_S13_POGDP_PT,A,2026,128.748764206421,0,,,,,,,M,OL
dataflow,IMF.FAD:FM_2025_OCT_VINTAGE(1.0.0),R,USA,G63G_S13_POGDP_PT,A,2027,132.692791764476,0,,,,,,,M,OL
dataflow,IMF.FAD:FM_2025_OCT_VINTAGE(1.0.0),R,USA,G63G_S13_POGDP_PT,A,2028,136.643493791513,0,,,,,,,M,OL
dataflow,IMF.FAD:FM_2025_OCT_VINTAGE(1.0.0),R,USA,G63G_S13_POGDP_PT,A,2029,140.132851760426,0,,,,,,,M,OL
dataflow,IMF.FAD:FM_2025_OCT_VINTAGE(1.0.0),R,USA,G63G_S13_POGDP_PT,A,2030,143.393817840957,0,,,,,,,M,OL
dataflow,IMF.FAD:FM_2025_OCT_VINTAGE(1.0.0),R,USA,G63N_S13_POGDP_PT,A,2002,36.6745660667393,0,,,,,,,M,OL
dataflow,IMF.FAD:FM_2025_OCT_VINTAGE(1.0.0),R,USA,G63N_S13_POGDP_PT,A,2003,38.8150866978863,0,,,,,,,M,OL
dataflow,IMF.FAD:FM_2025_OCT_VINTAGE(1.0.0),R,USA,G63N_S13_POGDP_PT,A,2004,47.3746754057301,0,,,,,,,M,OL
dataflow,IMF.FAD:FM_2025_OCT_VINTAGE(1.0.0),R,USA,G63N_S13_POGDP_PT,A,2005,45.9492760292042,0,,,,,,,M,OL
dataflow,IMF.FAD:FM_2025_OCT_VINTAGE(1.0.0),R,USA,G63N_S13_POGDP_PT,A,2006,44.3847172761226,0,,,,,,,M,OL
dataflow,IMF.FAD:FM_2025_OCT_VINTAGE(1.0.0),R,USA,G63N_S13_POGDP_PT,A,2007,44.0462338290412,0,,,,,,,M,OL
dataflow,IMF.FAD:FM_2025_OCT_VINTAGE(1.0.0),R,USA,G63N_S13_POGDP_PT,A,2008,50.2766378805472,0,,,,,,,M,OL
dataflow,IMF.FAD:FM_2025_OCT_VINTAGE(1.0.0),R,USA,G63N_S13_POGDP_PT,A,2009,61.3629736048708,0,,,,,,,M,OL
dataflow,IMF.FAD:FM_2025_OCT_VINTAGE(1.0.0),R,USA,G63N_S13_POGDP_PT,A,2010,67.8811414066407,0,,,,,,,M,OL
dataflow,IMF.FAD:FM_2025_OCT_VINTAGE(1.0.0),R,USA,G63N_S13_POGDP_PT,A,2011,74.2243340828124,0,,,,,,,M,OL
dataflow,IMF.FAD:FM_2025_OCT_VINTAGE(1.0.0),R,USA,G63N_S13_POGDP_PT,A,2012,78.2200818877873,0,,,,,,,M,OL
dataflow,IMF.FAD:FM_2025_OCT_VINTAGE(1.0.0),R,USA,G63N_S13_POGDP_PT,A,2013,79.1056281813375,0,,,,,,,M,OL
dataflow,IMF.FAD:FM_2025_OCT_VINTAGE(1.0.0),R,USA,G63N_S13_POGDP_PT,A,2014,79.7659205622404,0,,,,,,,M,OL
dataflow,IMF.FAD:FM_2025_OCT_VINTAGE(1.0.0),R,USA,G63N_S13_POGDP_PT,A,2015,80.0822137195955,0,,,,,,,M,OL
dataflow,IMF.FAD:FM_2025_OCT_VINTAGE(1.0.0),R,USA,G63N_S13_POGDP_PT,A,2016,81.0703805922924,0,,,,,,,M,OL
dataflow,IMF.FAD:FM_2025_OCT_VINTAGE(1.0.0),R,USA,G63N_S13_POGDP_PT,A,2017,79.2314591502185,0,,,,,,,M,OL
dataflow,IMF.FAD:FM_2025_OCT_VINTAGE(1.0.0),R,USA,G63N_S13_POGDP_PT,A,2018,79.9666497632104,0,,,,,,,M,OL
dataflow,IMF.FAD:FM_2025_OCT_VINTAGE(1.0.0),R,USA,G63N_S13_POGDP_PT,A,2019,81.6507493625225,0,,,,,,,M,OL
dataflow,IMF.FAD:FM_2025_OCT_VINTAGE(1.0.0),R,USA,G63N_S13_POGDP_PT,A,2020,96.1277644381183,0,,,,,,,M,OL
dataflow,IMF.FAD:FM_2025_OCT_VINTAGE(1.0.0),R,USA,G63N_S13_POGDP_PT,A,2021,95.8910082547791,0,,,,,,,M,OL
dataflow,IMF.FAD:FM_2025_OCT_VINTAGE(1.0.0),R,USA,G63N_S13_POGDP_PT,A,2022,91.9796465883184,0,,,,,,,M,OL
dataflow,IMF.FAD:FM_2025_OCT_VINTAGE(1.0.0),R,USA,G63N_S13_POGDP_PT,A,2023,94.4738363626557,0,,,,,,,M,OL
dataflow,IMF.FAD:FM_2025_OCT_VINTAGE(1.0.0),R,USA,G63N_S13_POGDP_PT,A,2024,97.3973379590539,0,,,,,,,M,OL
dataflow,IMF.FAD:FM_2025_OCT_VINTAGE(1.0.0),R,USA,G63N_S13_POGDP_PT,A,2025,99.6326718563976,0,,,,,,,M,OL
dataflow,IMF.FAD:FM_2025_OCT_VINTAGE(1.0.0),R,USA,G63N_S13_POGDP_PT,A,2026,102.976995321816,0,,,,,,,M,OL
dataflow,IMF.FAD:FM_2025_OCT_VINTAGE(1.0.0),R,USA,G63N_S13_POGDP_PT,A,2027,106.555927805747,0,,,,,,,M,OL
dataflow,IMF.FAD:FM_2025_OCT_VINTAGE(1.0.0),R,USA,G63N_S13_POGDP_PT,A,2028,110.227619449404,0,,,,,,,M,OL
dataflow,IMF.FAD:FM_2025_OCT_VINTAGE(1.0.0),R,USA,G63N_S13_POGDP_PT,A,2029,113.575857931126,0,,,,,,,M,OL
dataflow,IMF.FAD:FM_2025_OCT_VINTAGE(1.0.0),R,USA,G63N_S13_POGDP_PT,A,2030,116.801158732111,0,,,,,,,M,OL
dataflow,IMF.FAD:FM_2025_OCT_VINTAGE(1.0.0),R,USA,GNLB_S13_POGDP_PT,A,2002,-3.82125701109881,0,,,,,,,M,OL
dataflow,IMF.FAD:FM_2025_OCT_VINTAGE(1.0.0),R,USA,GNLB_S13_POGDP_PT,A,2003,-4.77059647622082,0,,,,,,,M,OL
dataflow,IMF.FAD:FM_2025_OCT_VINTAGE(1.0.0),R,USA,GNLB_S13_POGDP_PT,A,2004,-4.24374702007625,0,,,,,,,M,OL
dataflow,IMF.FAD:FM_2025_OCT_VINTAGE(1.0.0),R,USA,GNLB_S13_POGDP_PT,A,2005,-3.07499693232714,0,,,,,,,M,OL
dataflow,IMF.FAD:FM_2025_OCT_VINTAGE(1.0.0),R,USA,GNLB_S13_POGDP_PT,A,2006,-2.03605344682822,0,,,,,,,M,OL
dataflow,IMF.FAD:FM_2025_OCT_VINTAGE(1.0.0),R,USA,GNLB_S13_POGDP_PT,A,2007,-2.91300758243087,0,,,,,,,M,OL
dataflow,IMF.FAD:FM_2025_OCT_VINTAGE(1.0.0),R,USA,GNLB_S13_POGDP_PT,A,2008,-6.61247913824447,0,,,,,,,M,OL
dataflow,IMF.FAD:FM_2025_OCT_VINTAGE(1.0.0),R,USA,GNLB_S13_POGDP_PT,A,2009,-13.1768245723699,0,,,,,,,M,OL
dataflow,IMF.FAD:FM_2025_OCT_VINTAGE(1.0.0),R,USA,GNLB_S13_POGDP_PT,A,2010,-10.9925260690512,0,,,,,,,M,OL
dataflow,IMF.FAD:FM_2025_OCT_VINTAGE(1.0.0),R,USA,GNLB_S13_POGDP_PT,A,2011,-9.71550460024135,0,,,,,,,M,OL
dataflow,IMF.FAD:FM_2025_OCT_VINTAGE(1.0.0),R,USA,GNLB_S13_POGDP_PT,A,2012,-8.11376926839322,0,,,,,,,M,OL
dataflow,IMF.FAD:FM_2025_OCT_VINTAGE(1.0.0),R,USA,GNLB_S13_POGDP_PT,A,2013,-4.56071217531289,0,,,,,,,M,OL
dataflow,IMF.FAD:FM_2025_OCT_VINTAGE(1.0.0),R,USA,GNLB_S13_POGDP_PT,A,2014,-4.0260050402868,0,,,,,,,M,OL
dataflow,IMF.FAD:FM_2025_OCT_VINTAGE(1.0.0),R,USA,GNLB_S13_POGDP_PT,A,2015,-3.52951079529926,0,,,,,,,M,OL
dataflow,IMF.FAD:FM_2025_OCT_VINTAGE(1.0.0),R,USA,GNLB_S13_POGDP_PT,A,2016,-4.35636456455498,0,,,,,,,M,OL
dataflow,IMF.FAD:FM_2025_OCT_VINTAGE(1.0.0),R,USA,GNLB_S13_POGDP_PT,A,2017,-4.79419338061707,0,,,,,,,M,OL
dataflow,IMF.FAD:FM_2025_OCT_VINTAGE(1.0.0),R,USA,GNLB_S13_POGDP_PT,A,2018,-5.33486634368559,0,,,,,,,M,OL
dataflow,IMF.FAD:FM_2025_OCT_VINTAGE(1.0.0),R,USA,GNLB_S13_POGDP_PT,A,2019,-5.80539671007046,0,,,,,,,M,OL
dataflow,IMF.FAD:FM_2025_OCT_VINTAGE(1.0.0),R,USA,GNLB_S13_POGDP_PT,A,2020,-14.121212475629,0,,,,,,,M,OL
dataflow,IMF.FAD:FM_2025_OCT_VINTAGE(1.0.0),R,USA,GNLB_S13_POGDP_PT,A,2021,-11.4339375317431,0,,,,,,,M,OL
dataflow,IMF.FAD:FM_2025_OCT_VINTAGE(1.0.0),R,USA,GNLB_S13_POGDP_PT,A,2022,-3.72031810121821,0,,,,,,,M,OL
dataflow,IMF.FAD:FM_2025_OCT_VINTAGE(1.0.0),R,USA,GNLB_S13_POGDP_PT,A,2023,-7.79834960358125,0,,,,,,,M,OL
dataflow,IMF.FAD:FM_2025_OCT_VINTAGE(1.0.0),R,USA,GNLB_S13_POGDP_PT,A,2024,-8.03131541734741,0,,,,,,,M,OL
dataflow,IMF.FAD:FM_2025_OCT_VINTAGE(1.0.0),R,USA,GNLB_S13_POGDP_PT,A,2025,-7.36478521785819,0,,,,,,,M,OL
dataflow,IMF.FAD:FM_2025_OCT_VINTAGE(1.0.0),R,USA,GNLB_S13_POGDP_PT,A,2026,-7.86171787043331,0,,,,,,,M,OL
dataflow,IMF.FAD:FM_2025_OCT_VINTAGE(1.0.0),R,USA,GNLB_S13_POGDP_PT,A,2027,-7.97014611146696,0,,,,,,,M,OL
dataflow,IMF.FAD:FM_2025_OCT_VINTAGE(1.0.0),R,USA,GNLB_S13_POGDP_PT,A,2028,-8.11412237909032,0,,,,,,,M,OL
dataflow,IMF.FAD:FM_2025_OCT_VINTAGE(1.0.0),R,USA,GNLB_S13_POGDP_PT,A,2029,-7.70065285561601,0,,,,,,,M,OL
dataflow,IMF.FAD:FM_2025_OCT_VINTAGE(1.0.0),R,USA,GNLB_S13_POGDP_PT,A,2030,-7.59182341445869,0,,,,,,,M,OL
dataflow,IMF.FAD:FM_2025_OCT_VINTAGE(1.0.0),R,USA,GPB_S13_POGDP_PT,A,2002,-1.71708557886743,0,,,,,,,M,OL
dataflow,IMF.FAD:FM_2025_OCT_VINTAGE(1.0.0),R,USA,GPB_S13_POGDP_PT,A,2003,-2.81168250199669,0,,,,,,,M,OL
dataflow,IMF.FAD:FM_2025_OCT_VINTAGE(1.0.0),R,USA,GPB_S13_POGDP_PT,A,2004,-2.35066617282637,0,,,,,,,M,OL
dataflow,IMF.FAD:FM_2025_OCT_VINTAGE(1.0.0),R,USA,GPB_S13_POGDP_PT,A,2005,-1.08395453708816,0,,,,,,,M,OL
dataflow,IMF.FAD:FM_2025_OCT_VINTAGE(1.0.0),R,USA,GPB_S13_POGDP_PT,A,2006,-0.0738730131156084,0,,,,,,,M,OL
dataflow,IMF.FAD:FM_2025_OCT_VINTAGE(1.0.0),R,USA,GPB_S13_POGDP_PT,A,2007,-0.846586178903916,0,,,,,,,M,OL
dataflow,IMF.FAD:FM_2025_OCT_VINTAGE(1.0.0),R,USA,GPB_S13_POGDP_PT,A,2008,-4.58915459534118,0,,,,,,,M,OL
dataflow,IMF.FAD:FM_2025_OCT_VINTAGE(1.0.0),R,USA,GPB_S13_POGDP_PT,A,2009,-11.2879928581542,0,,,,,,,M,OL
dataflow,IMF.FAD:FM_2025_OCT_VINTAGE(1.0.0),R,USA,GPB_S13_POGDP_PT,A,2010,-8.96598937801412,0,,,,,,,M,OL
dataflow,IMF.FAD:FM_2025_OCT_VINTAGE(1.0.0),R,USA,GPB_S13_POGDP_PT,A,2011,-7.41928463482529,0,,,,,,,M,OL
dataflow,IMF.FAD:FM_2025_OCT_VINTAGE(1.0.0),R,USA,GPB_S13_POGDP_PT,A,2012,-5.90488465880601,0,,,,,,,M,OL
dataflow,IMF.FAD:FM_2025_OCT_VINTAGE(1.0.0),R,USA,GPB_S13_POGDP_PT,A,2013,-2.58383032669014,0,,,,,,,M,OL
dataflow,IMF.FAD:FM_2025_OCT_VINTAGE(1.0.0),R,USA,GPB_S13_POGDP_PT,A,2014,-2.05591452809427,0,,,,,,,M,OL
dataflow,IMF.FAD:FM_2025_OCT_VINTAGE(1.0.0),R,USA,GPB_S13_POGDP_PT,A,2015,-1.69247335337524,0,,,,,,,M,OL
dataflow,IMF.FAD:FM_2025_OCT_VINTAGE(1.0.0),R,USA,GPB_S13_POGDP_PT,A,2016,-2.3741152571936,0,,,,,,,M,OL
dataflow,IMF.FAD:FM_2025_OCT_VINTAGE(1.0.0),R,USA,GPB_S13_POGDP_PT,A,2017,-2.78082918198459,0,,,,,,,M,OL
dataflow,IMF.FAD:FM_2025_OCT_VINTAGE(1.0.0),R,USA,GPB_S13_POGDP_PT,A,2018,-3.10108791289919,0,,,,,,,M,OL
dataflow,IMF.FAD:FM_2025_OCT_VINTAGE(1.0.0),R,USA,GPB_S13_POGDP_PT,A,2019,-3.52756676829941,0,,,,,,,M,OL
dataflow,IMF.FAD:FM_2025_OCT_VINTAGE(1.0.0),R,USA,GPB_S13_POGDP_PT,A,2020,-12.0718400114151,0,,,,,,,M,OL
dataflow,IMF.FAD:FM_2025_OCT_VINTAGE(1.0.0),R,USA,GPB_S13_POGDP_PT,A,2021,-9.1635129069172,0,,,,,,,M,OL
dataflow,IMF.FAD:FM_2025_OCT_VINTAGE(1.0.0),R,USA,GPB_S13_POGDP_PT,A,2022,-0.987253690327236,0,,,,,,,M,OL
dataflow,IMF.FAD:FM_2025_OCT_VINTAGE(1.0.0),R,USA,GPB_S13_POGDP_PT,A,2023,-4.66947485752297,0,,,,,,,M,OL
dataflow,IMF.FAD:FM_2025_OCT_VINTAGE(1.0.0),R,USA,GPB_S13_POGDP_PT,A,2024,-4.61443322136321,0,,,,,,,M,OL
dataflow,IMF.FAD:FM_2025_OCT_VINTAGE(1.0.0),R,USA,GPB_S13_POGDP_PT,A,2025,-3.79955672703488,0,,,,,,,M,OL
dataflow,IMF.FAD:FM_2025_OCT_VINTAGE(1.0.0),R,USA,GPB_S13_POGDP_PT,A,2026,-4.0631182774597,0,,,,,,,M,OL
dataflow,IMF.FAD:FM_2025_OCT_VINTAGE(1.0.0),R,USA,GPB_S13_POGDP_PT,A,2027,-4.11783763542614,0,,,,,,,M,OL
dataflow,IMF.FAD:FM_2025_OCT_VINTAGE(1.0.0),R,USA,GPB_S13_POGDP_PT,A,2028,-4.18049495444579,0,,,,,,,M,OL
dataflow,IMF.FAD:FM_2025_OCT_VINTAGE(1.0.0),R,USA,GPB_S13_POGDP_PT,A,2029,-3.62968443007061,0,,,,,,,M,OL
dataflow,IMF.FAD:FM_2025_OCT_VINTAGE(1.0.0),R,USA,GPB_S13_POGDP_PT,A,2030,-3.44012106169564,0,,,,,,,M,OL
