"record_date","parent_id","classification_id","classification_desc","current_month_gross_outly_amt","current_month_app_rcpt_amt","current_month_net_outly_amt","current_fytd_gross_outly_amt","current_fytd_app_rcpt_amt","current_fytd_net_outly_amt","prior_fytd_gross_outly_amt","prior_fytd_app_rcpt_amt","prior_fytd_net_outly_amt","table_nbr","src_line_nbr","print_order_nbr","line_code_nbr","data_type_cd","record_type_cd","sequence_level_nbr","sequence_number_cd","record_fiscal_year","record_fiscal_quarter","record_calendar_year","record_calendar_quarter","record_calendar_month","record_calendar_day"
"2025-09-30","null","57117982","Judicial Branch:","null","null","null","null","null","null","null","null","null","5","16","16","1070","S","C","1","2","2025","4","2025","3","09","30"
"2025-09-30","null","57118175","Department of Defense--Military Programs:","null","null","null","null","null","null","null","null","null","5","86","86","1850","S","C","1","5","2025","4","2025","3","09","30"
"2025-09-30","null","57118317","Department of Education:","null","null","null","null","null","null","null","null","null","5","147","147","2590","S","C","1","6","2025","4","2025","3","09","30"
"2025-09-30","null","57118350","Department of Energy:","null","null","null","null","null","null","null","null","null","5","179","179","2640","S","C","1","7","2025","4","2025","3","09","30"
"2025-09-30","57118455","57118459","Contingency Fund","26046011.46","null","26046011.46","560547870.33","null","560547870.33","584120873.07","null","584120873.07","5","233","233","2923","D","P","3","8.9.2","2025","4","2025","3","09","30"
"2025-09-30","57118772","57118774","Federal-State Unemployment Insurance:","null","null","null","null","null","null","null","null","null","5","385","385","3624","S","P","4","13.1.9.1","2025","4","2025","3","09","30"
"2025-09-30","57118750","57118796","Office of Workers' Compensation Programs:","null","null","null","null","null","null","null","null","null","5","394","394","3667","S","B","2","13.3","2025","4","2025","3","09","30"
"2025-09-30","57118963","57119051","Alcohol and Tobacco Tax and Trade Bureau:","null","null","null","null","null","null","null","null","null","5","483","483","4099","S","B","2","16.4","2025","4","2025","3","09","30"
"2025-09-30","57119244","57119257","Educational Benefits","9290796.07","null","9290796.07","158395301.47","null","158395301.47","159517974.30","null","159517974.30","5","558","558","4285","D","B","2","19.3","2025","4","2025","3","09","30"
"2025-09-30","57119454","57119483","Legal Services Corporation","30688000.00","null","30688000.00","560000000.00","null","560000000.00","560000000.00","null","560000000.00","5","705","705","5335","D","A","2","29.14","2025","4","2025","3","09","30"
"2025-09-30","57119529","57119536","Department of State:","null","null","null","null","null","null","null","null","null","5","754","754","5592","S","C","3","30.2.2","2025","4","2025","3","09","30"
"2025-09-30","57119556","57119583","Social Security Administration:","null","null","null","null","null","null","null","null","null","5","795","795","5673","S","C","3","30.3.12","2025","4","2025","3","09","30"
"2025-09-30","57119601","57119607","Total Off-Budget","null","null","'-32446437265.21","null","null","'-147870580395.60","null","null","'-60428731294.87","5","811","811","5697","T","SL","2","32.2","2025","4","2025","3","09","30"
"2025-09-30","null","57118145","Department of Commerce:","null","null","null","null","null","null","null","null","null","5","74","74","1590","S","C","1","4","2025","4","2025","3","09","30"
"2025-09-30","57118175","57118178","Military Personnel:","null","null","null","null","null","null","null","null","null","5","87","87","1900","S","B","2","5.1","2025","4","2025","3","09","30"
"2025-09-30","57118350","57118351","National Nuclear Security Administration:","null","null","null","null","null","null","null","null","null","5","180","180","2641","S","B","2","7.1","2025","4","2025","3","09","30"
"2025-09-30","57118489","57118491","Payments for Health Insurance for the Aged:","null","null","null","null","null","null","null","null","null","5","249","249","3022","S","P","3","8.14.1","2025","4","2025","3","09","30"
"2025-09-30","57118862","57118905","Federal Railroad Administration:","null","null","null","null","null","null","null","null","null","5","447","447","3948","S","B","2","15.6","2025","4","2025","3","09","30"
"2025-09-30","57118963","57119001","Bureau of the Fiscal Service:","null","null","null","null","null","null","null","null","null","5","475","475","4062","S","B","2","16.2","2025","4","2025","3","09","30"
"2025-09-30","57119165","57119168","Public Enterprise Funds:","null","null","null","null","null","null","null","null","null","5","520","520","4212","S","P","3","17.3.1","2025","4","2025","3","09","30"
"2025-09-30","null","57119317","International Assistance Programs:","null","null","null","null","null","null","null","null","null","5","589","589","4335","S","C","1","23","2025","4","2025","3","09","30"
"2025-09-30","null","57119527","Undistributed Offsetting Receipts:","null","null","null","null","null","null","null","null","null","5","747","747","5575","S","UOR","1","30","2025","4","2025","3","09","30"
"2025-09-30","57119556","57119591","Total--Interest Received by Trust Funds","'-4608690325.91","null","'-4608690325.91","'-187547096990.07","null","'-187547096990.07","'-183822623125.32","null","'-183822623125.32","5","802","802","5680","T","UORG","3","30.3.15","2025","4","2025","3","09","30"
"2025-09-30","57119527","57119593","Rents and Royalties on the Outer Continental Shelf Lands","null","526539276.35","'-526539276.35","null","5745225254.23","'-5745225254.23","null","7020420978.65","'-7020420978.65","5","803","803","5683","D","UORG","2","30.4","2025","4","2025","3","09","30"
"2025-09-30","57119527","57119594","Sale of Major Assets","null","2408311.97","'-2408311.97","null","31383414.89","'-31383414.89","null","null","null","5","804","804","5684","D","UORG","2","30.5","2025","4","2025","3","09","30"
"2025-09-30","57119527","57119597","Total--Undistributed Offsetting Receipts","'-15953808718.98","528947588.32","'-16482756307.30","'-332005469596.23","5776608669.12","'-337782078265.35","'-323550439310.80","7021297717.64","'-330571737028.44","5","805","805","5690","T","SL","2","30.6","2025","4","2025","3","09","30"
"2025-09-30","null","57119598","Total Outlays","606178381004.19","260465023905.13","345713357099.06","7851897014814.50","841923347765.20","7009973667049.30","7389617731701.65","654722006558.59","6734895725143.06","5","806","806","5691","T","SL","1","31","2025","4","2025","3","09","30"
"2025-09-30","57119598","57119599","Total On-Budget","466766979932.90","253629011066.69","213137968866.21","6325090882816.94","746723431290.50","5578367451526.44","5971230230830.83","556645968339.52","5414584262491.31","5","807","807","5692","T","SL","2","31.1","2025","4","2025","3","09","30"
"2025-09-30","57119598","57119600","Total Off-Budget","139411401071.29","6836012838.44","132575388232.85","1526806131997.56","95199916474.70","1431606215522.86","1418387500870.82","98076038219.07","1320311462651.75","5","808","808","5693","T","SL","2","31.2","2025","4","2025","3","09","30"
"2025-09-30","null","57117921","Legislative Branch:","null","null","null","null","null","null","null","null","null","5","1","1","1000","S","C","1","1","2025","4","2025","3","09","30"
"2025-09-30","57118175","57118194","Operation and Maintenance:","null","null","null","null","null","null","null","null","null","5","93","93","1995","S","B","2","5.2","2025","4","2025","3","09","30"
"2025-09-30","null","57118549","Department of Housing and Urban Development:","null","null","null","null","null","null","null","null","null","5","276","276","3104","S","C","1","10","2025","4","2025","3","09","30"
"2025-09-30","57118587","57118607","Housing for the Elderly","77750424.46","null","77750424.46","963880777.61","null","963880777.61","895759419.98","null","895759419.98","5","304","304","3191","D","P","3","10.3.4","2025","4","2025","3","09","30"
"2025-09-30","57118888","57118889","Highway Trust Fund:","null","null","null","null","null","null","null","null","null","5","440","440","3905","S","P","3","15.3.1","2025","4","2025","3","09","30"
"2025-09-30","null","57119143","Department of Veterans Affairs:","null","null","null","null","null","null","null","null","null","5","511","511","4202","S","C","1","17","2025","4","2025","3","09","30"
"2025-09-30","57119165","57119184","Insurance Funds:","null","null","null","null","null","null","null","null","null","5","526","526","4227","S","P","3","17.3.5","2025","4","2025","3","09","30"
"2025-09-30","null","57119267","Environmental Protection Agency:","null","null","null","null","null","null","null","null","null","5","563","563","4290","S","C","1","20","2025","4","2025","3","09","30"
"2025-09-30","57119317","57119345","Agency for International Development:","null","null","null","null","null","null","null","null","null","5","602","602","4352","S","B","2","23.4","2025","4","2025","3","09","30"
"2025-09-30","57119388","57119390","Science","746327670.52","null","746327670.52","7522590733.26","null","7522590733.26","7705721173.21","null","7705721173.21","5","624","624","4382","D","P","2","24.1","2025","4","2025","3","09","30"
"2025-09-30","57119495","57119502","Rail Industry Pension Fund:","null","null","null","null","null","null","null","null","null","5","724","724","5401","S","P","3","29.22.4","2025","4","2025","3","09","30"
"2025-09-30","57119556","57119557","Judicial Branch:","null","null","null","null","null","null","null","null","null","5","769","769","5622","S","C","3","30.3.1","2025","4","2025","3","09","30"
"2025-09-30","57119557","57119558","Judicial Survivors Annuity Fund","'-1103385.19","null","'-1103385.19","'-34067911.67","null","'-34067911.67","'-30618952.97","null","'-30618952.97","5","770","770","5623","D","P","4","30.3.1.1","2025","4","2025","3","09","30"
"2025-09-30","57118010","57118083","Rural Housing Service:","null","null","null","null","null","null","null","null","null","5","49","49","1463","S","B","2","3.10","2025","4","2025","3","09","30"
"2025-09-30","57118175","57118217","Procurement:","null","null","null","null","null","null","null","null","null","5","101","101","2095","S","B","2","5.4","2025","4","2025","3","09","30"
"2025-09-30","57118318","57118323","Other","260513403.84","null","260513403.84","14781914485.96","null","14781914485.96","56215618545.49","null","56215618545.49","5","152","152","2604","D","P","3","6.1.4","2025","4","2025","3","09","30"
"2025-09-30","57118350","57118362","Energy Programs:","null","null","null","null","null","null","null","null","null","5","189","189","2658","S","B","2","7.3","2025","4","2025","3","09","30"
"2025-09-30","57118437","57118443","Medicare Prescription Drugs:","null","null","null","null","null","null","null","null","null","5","226","226","2840","S","P","4","8.8.7.3","2025","4","2025","3","09","30"
"2025-09-30","null","57118639","Department of the Interior:","null","null","null","null","null","null","null","null","null","5","319","319","3287","S","C","1","11","2025","4","2025","3","09","30"
"2025-09-30","57118639","57118677","Indian Affairs:","null","null","null","null","null","null","null","null","null","5","338","338","14264","S","BG","2","11.4","2025","4","2025","3","09","30"
"2025-09-30","null","57118706","Department of Justice:","null","null","null","null","null","null","null","null","null","5","352","352","3432","S","C","1","12","2025","4","2025","3","09","30"
"2025-09-30","null","57118750","Department of Labor:","null","null","null","null","null","null","null","null","null","5","374","374","3599","S","C","1","13","2025","4","2025","3","09","30"
"2025-09-30","57118826","57118828","Administration of Foreign Affairs:","null","null","null","null","null","null","null","null","null","5","410","410","3704","S","B","2","14.1","2025","4","2025","3","09","30"
"2025-09-30","57118966","57118969","Exchange Stabilization Fund","null","205278243.86","'-205278243.86","27732541.21","1685464021.16","'-1657731479.95","112194732.00","1618685581.70","'-1506490849.70","5","466","466","4052","D","P","3","16.1.1","2025","4","2025","3","09","30"
"2025-09-30","null","57119244","Other Defense Civil Programs:","null","null","null","null","null","null","null","null","null","5","551","551","4276","S","C","1","19","2025","4","2025","3","09","30"
"2025-09-30","57119317","57119321","International Security Assistance:","null","null","null","null","null","null","null","null","null","5","591","591","4337","S","B","2","23.2","2025","4","2025","3","09","30"
"2025-09-30","57119388","57119393","Exploration","675729959.60","null","675729959.60","7629904685.36","null","7629904685.36","7203254608.54","null","7203254608.54","5","626","626","4384","D","P","2","24.3","2025","4","2025","3","09","30"
"2025-09-30","null","57119407","Office of Personnel Management:","null","null","null","null","null","null","null","null","null","5","639","639","4400","S","C","1","26","2025","4","2025","3","09","30"
"2025-09-30","57119407","57119414","Other","'-26524107.20","null","'-26524107.20","329725645.17","null","329725645.17","194586110.54","null","194586110.54","5","646","646","4427","D","P","2","26.7","2025","4","2025","3","09","30"
"2025-09-30","57119490","57119491","Off-Budget:","null","null","null","null","null","null","null","null","null","5","713","713","5382","S","P","3","29.21.1","2025","4","2025","3","09","30"
"2025-09-30","57119490","57119494","Other","null","null","null","81450000.00","null","81450000.00","81450000.00","null","81450000.00","5","716","716","5387","D","P","3","29.21.2","2025","4","2025","3","09","30"
"2025-09-30","57119545","57119549","Federal Disability Insurance Trust Fund:","null","null","null","null","null","null","null","null","null","5","764","764","5613","S","P","4","30.2.5.2","2025","4","2025","3","09","30"
"2025-09-30","57119549","57119550","Federal Employer Contributions","'-302000000.00","null","'-302000000.00","'-3538000000.00","null","'-3538000000.00","'-3382000000.00","null","'-3382000000.00","5","765","765","5614","D","P","5","30.2.5.2.1","2025","4","2025","3","09","30"
"2025-09-30","57117921","57117930","Joint Items","3770144.40","null","3770144.40","27263615.71","null","27263615.71","22483311.44","null","22483311.44","5","4","4","1010","D","B","2","1.3","2025","4","2025","3","09","30"
"2025-09-30","57118010","57118109","Food and Nutrition Service:","null","null","null","null","null","null","null","null","null","5","57","57","1478","S","B","2","3.13","2025","4","2025","3","09","30"
"2025-09-30","57118175","57118234","Research, Development, Test, and Evaluation:","null","null","null","null","null","null","null","null","null","5","107","107","2195","S","B","2","5.5","2025","4","2025","3","09","30"
"2025-09-30","57118175","57118281","Revolving and Management Funds:","null","null","null","null","null","null","null","null","null","5","124","124","2400","S","B","2","5.8","2025","4","2025","3","09","30"
"2025-09-30","57118317","57118336","Office of Federal Student Aid:","null","null","null","null","null","null","null","null","null","5","165","165","2621","S","B","2","6.7","2025","4","2025","3","09","30"
"2025-09-30","57118398","57118414","Centers for Medicare and Medicaid Services:","null","null","null","null","null","null","null","null","null","5","213","213","2787","S","B","2","8.8","2025","4","2025","3","09","30"
"2025-09-30","57118455","57118473","Children and Families Services Programs","1644004204.42","null","1644004204.42","15173755524.54","null","15173755524.54","14804889188.00","null","14804889188.00","5","240","240","2994","D","P","3","8.9.9","2025","4","2025","3","09","30"
"2025-09-30","null","57118503","Department of Homeland Security:","null","null","null","null","null","null","null","null","null","5","255","255","3048","S","C","1","9","2025","4","2025","3","09","30"
"2025-09-30","57118587","57118589","Credit Accounts:","null","null","null","null","null","null","null","null","null","5","295","295","3179","S","P","3","10.3.1","2025","4","2025","3","09","30"
"2025-09-30","57118710","57118721","Other","251696832.12","null","251696832.12","2755634969.65","null","2755634969.65","2750722344.32","null","2750722344.32","5","359","359","3505","D","P","3","12.2.5","2025","4","2025","3","09","30"
"2025-09-30","null","57119400","National Science Foundation:","null","null","null","null","null","null","null","null","null","5","633","633","4393","S","C","1","25","2025","4","2025","3","09","30"
"2025-09-30","57119430","57119445","Other","8449695.55","null","8449695.55","192193855.50","null","192193855.50","188607899.91","null","188607899.91","5","675","675","4583","D","P","2","28.5","2025","4","2025","3","09","30"
"2025-09-30","57119512","57119515","Other","'-2265424.36","null","'-2265424.36","8973402.93","null","8973402.93","20842190.64","null","20842190.64","5","736","736","5444","D","P","4","29.22.6.3","2025","4","2025","3","09","30"
"2025-09-30","57119529","57119542","Office of Personnel Management:","null","null","null","null","null","null","null","null","null","5","759","759","5603","S","C","3","30.2.4","2025","4","2025","3","09","30"
"2025-09-30","57119556","57119590","Other","'-36805553.30","null","'-36805553.30","'-405798170.85","null","'-405798170.85","'-435482035.26","null","'-435482035.26","5","801","801","5679","D","C","3","30.3.14","2025","4","2025","3","09","30"
"2025-09-30","null","57119601","Total Surplus (+) or Deficit (-)","null","null","197949630362.16","null","null","'-1775357280733.87","null","null","'-1816790199628.21","5","809","809","5694","T","SL","1","32","2025","4","2025","3","09","30"
"2025-09-30","57119601","57119604","Total On-Budget","null","null","230396067627.37","null","null","'-1627486700338.27","null","null","'-1756361468333.34","5","810","810","5695","T","SL","2","32.1","2025","4","2025","3","09","30"
"2025-09-30","57118010","57118047","Farm Service Agency:","null","null","null","null","null","null","null","null","null","5","35","35","1420","S","B","2","3.7","2025","4","2025","3","09","30"
"2025-09-30","57118175","57118267","Family Housing:","null","null","null","null","null","null","null","null","null","5","119","119","2335","S","B","2","5.7","2025","4","2025","3","09","30"
"2025-09-30","57118281","57118290","Defense Agencies:","null","null","null","null","null","null","null","null","null","5","126","126","2458","S","P","3","5.8.2","2025","4","2025","3","09","30"
"2025-09-30","57118414","57118426","Federal Hospital Insurance Trust Fund:","null","null","null","null","null","null","null","null","null","5","218","218","2793","S","P","3","8.8.5","2025","4","2025","3","09","30"
"2025-09-30","57118426","57118428","Benefit Payments","23187301651.64","null","23187301651.64","440869711321.99","null","440869711321.99","403423187940.61","null","403423187940.61","5","219","219","2794","D","P","4","8.8.5.1","2025","4","2025","3","09","30"
"2025-09-30","57118489","57118495","Payments for Tax and Other Credits:","null","null","null","null","null","null","null","null","null","5","251","251","3030","S","P","3","8.14.2","2025","4","2025","3","09","30"
"2025-09-30","57118503","57118521","Federal Emergency Management Agency:","null","null","null","null","null","null","null","null","null","5","264","264","3080","S","B","2","9.9","2025","4","2025","3","09","30"
"2025-09-30","57118772","57118784","Other","448558824.00","null","448558824.00","484225056.07","null","484225056.07","542537725.04","null","542537725.04","5","389","389","3650","D","P","4","13.1.9.4","2025","4","2025","3","09","30"
"2025-09-30","57119143","57119149","Veterans Health Administration:","null","null","null","null","null","null","null","null","null","5","513","513","4204","S","B","2","17.2","2025","4","2025","3","09","30"
"2025-09-30","57119529","57119539","Other Defense Civil Programs:","null","null","null","null","null","null","null","null","null","5","756","756","5595","S","C","3","30.2.3","2025","4","2025","3","09","30"
"2025-09-30","57119556","57119572","Department of Veterans Affairs:","null","null","null","null","null","null","null","null","null","5","784","784","5652","S","C","3","30.3.7","2025","4","2025","3","09","30"
"2025-09-30","57119556","57119586","Independent Agencies:","null","null","null","null","null","null","null","null","null","5","798","798","5676","S","C","3","30.3.13","2025","4","2025","3","09","30"
"2025-09-30","57119586","57119589","Other","'-12669854.39","null","'-12669854.39","'-91781527.90","null","'-91781527.90","'-83687229.37","null","'-83687229.37","5","800","800","5678","D","A","4","30.3.13.2","2025","4","2025","3","09","30"
"2025-09-30","57118414","57118451","Other","5316938488.99","null","5316938488.99","12002209455.05","null","12002209455.05","12390605098.04","null","12390605098.04","5","229","229","2855","D","P","3","8.8.8","2025","4","2025","3","09","30"
"2025-09-30","57118750","57118752","Employment and Training Administration:","null","null","null","null","null","null","null","null","null","5","375","375","3600","S","B","2","13.1","2025","4","2025","3","09","30"
"2025-09-30","57118750","57118818","Other","57686119.39","null","57686119.39","402540270.22","null","402540270.22","413729811.98","null","413729811.98","5","405","405","3690","D","P","2","13.9","2025","4","2025","3","09","30"
"2025-09-30","57119001","57119036","Claims, Judgements, and Relief Acts","116853048.43","null","116853048.43","4351705516.78","null","4351705516.78","1910700231.83","null","1910700231.83","5","479","479","4090","D","P","3","16.2.4","2025","4","2025","3","09","30"
"2025-09-30","57119143","57119196","Departmental Administration:","null","null","null","null","null","null","null","null","null","5","531","531","4243","S","B","2","17.4","2025","4","2025","3","09","30"
"2025-09-30","57119244","57119246","Military Retirement:","null","null","null","null","null","null","null","null","null","5","552","552","4277","S","B","2","19.1","2025","4","2025","3","09","30"
"2025-09-30","57119288","57119294","Unanticipated Needs","7165859.53","null","7165859.53","35766246.12","null","35766246.12","56741635.72","null","56741635.72","5","577","577","4307","D","B","2","21.3","2025","4","2025","3","09","30"
"2025-09-30","57119335","57119341","Proprietary Receipts from the Public","null","null","null","null","6964009.54","'-6964009.54","null","814782.60","'-814782.60","5","600","600","4349","D","P","3","23.3.3","2025","4","2025","3","09","30"
"2025-09-30","57119407","57119416","Intrabudgetary Transactions:","null","null","null","null","null","null","null","null","null","5","648","648","4429","S","P","2","26.9","2025","4","2025","3","09","30"
"2025-09-30","null","57119454","Independent Agencies","null","null","null","null","null","null","null","null","null","5","682","682","4800","D","C","1","29","2025","4","2025","3","09","30"
"2025-09-30","57119529","57119554","Other","'-442916.16","null","'-442916.16","'-3363969.26","null","'-3363969.26","'-5542364.01","null","'-5542364.01","5","766","766","5619","D","C","3","30.2.6","2025","4","2025","3","09","30"
"2025-09-30","57119529","57119555","Total--Employer Share, Employee Retirement","'-11344605798.48","null","'-11344605798.48","'-144450526858.81","null","'-144450526858.81","'-139718177360.23","null","'-139718177360.23","5","767","767","5620","T","UORG","3","30.2.7","2025","4","2025","3","09","30"
"2025-09-30","57119527","57119556","Interest Received by Trust Funds:","null","null","null","null","null","null","null","null","null","5","768","768","5621","S","UORG","2","30.3","2025","4","2025","3","09","30"
"2025-09-30","57119556","57119559","Department of Health and Human Services:","null","null","null","null","null","null","null","null","null","5","771","771","5631","S","C","3","30.3.2","2025","4","2025","3","09","30"
"2025-09-30","57119559","57119560","Federal Hospital Insurance Trust Fund","'-26279566.82","null","'-26279566.82","'-8347247839.20","null","'-8347247839.20","'-6074784120.45","null","'-6074784120.45","5","772","772","5632","D","P","4","30.3.2.1","2025","4","2025","3","09","30"
"2025-09-30","57119559","57119561","Federal Supplementary Medical Insurance Trust Fund","'-38584852.23","null","'-38584852.23","'-3792277851.86","null","'-3792277851.86","'-4014998617.77","null","'-4014998617.77","5","773","773","5634","D","P","4","30.3.2.2","2025","4","2025","3","09","30"
"2025-09-30","57119556","57119562","Department of Homeland Security:","null","null","null","null","null","null","null","null","null","5","774","774","5635","S","C","3","30.3.3","2025","4","2025","3","09","30"
"2025-09-30","57119562","57119563","Oil Spill Liability Trust Fund","'-12084553.85","null","'-12084553.85","'-348794947.57","null","'-348794947.57","'-362284159.41","null","'-362284159.41","5","775","775","5636","D","P","4","30.3.3.1","2025","4","2025","3","09","30"
"2025-09-30","57119562","57119564","Other","'-10005228.46","null","'-10005228.46","'-143801977.63","null","'-143801977.63","'-86003967.13","null","'-86003967.13","5","776","776","5637","D","P","4","30.3.3.2","2025","4","2025","3","09","30"
"2025-09-30","57118083","57118092","Other","30924532.86","null","30924532.86","654743904.73","null","654743904.73","'-34958322.95","null","'-34958322.95","5","52","52","1470","D","P","3","3.10.3","2025","4","2025","3","09","30"
"2025-09-30","57118109","57118122","Other","62083022.39","null","62083022.39","648483795.19","null","648483795.19","702561163.69","null","702561163.69","5","61","61","1500","D","P","3","3.13.4","2025","4","2025","3","09","30"
"2025-09-30","57118350","57118356","Environmental and Other Defense Activities:","null","null","null","null","null","null","null","null","null","5","185","185","2646","S","B","2","7.2","2025","4","2025","3","09","30"
"2025-09-30","57118963","57119110","Interest on the Public Debt:","null","null","null","null","null","null","null","null","null","5","501","501","4166","S","B","2","16.9","2025","4","2025","3","09","30"
"2025-09-30","57119244","57119252","Retiree Health Care:","null","null","null","null","null","null","null","null","null","5","555","555","4280","S","B","2","19.2","2025","4","2025","3","09","30"
"2025-09-30","57119545","57119546","Federal Old-Age and Survivors Insurance Trust Fund:","null","null","null","null","null","null","null","null","null","5","762","762","5610","S","P","4","30.2.5.1","2025","4","2025","3","09","30"
"2025-09-30","57119546","57119547","Federal Employer Contributions","'-1782000000.00","null","'-1782000000.00","'-20832000000.00","null","'-20832000000.00","'-19917000000.00","null","'-19917000000.00","5","763","763","5611","D","P","5","30.2.5.1.1","2025","4","2025","3","09","30"
"2025-09-30","57119556","57119565","Department of Labor:","null","null","null","null","null","null","null","null","null","5","777","777","5638","S","C","3","30.3.4","2025","4","2025","3","09","30"
"2025-09-30","57119565","57119566","Unemployment Trust Fund","'-71565538.62","null","'-71565538.62","'-2826032472.59","null","'-2826032472.59","'-2275576277.97","null","'-2275576277.97","5","778","778","5639","D","P","4","30.3.4.1","2025","4","2025","3","09","30"
"2025-09-30","57119556","57119567","Department of State:","null","null","null","null","null","null","null","null","null","5","779","779","5640","S","C","3","30.3.5","2025","4","2025","3","09","30"
"2025-09-30","57119567","57119568","Foreign Service Retirement and Disability Fund","'-272220.89","null","'-272220.89","'-748826241.53","null","'-748826241.53","'-602071309.27","null","'-602071309.27","5","780","780","5642","D","P","4","30.3.5.1","2025","4","2025","3","09","30"
"2025-09-30","57119556","57119569","Department of Transportation:","null","null","null","null","null","null","null","null","null","5","781","781","5644","S","C","3","30.3.6","2025","4","2025","3","09","30"
"2025-09-30","57119569","57119570","Airport and Airway Trust Fund","'-3648731.37","null","'-3648731.37","'-525454507.82","null","'-525454507.82","'-492520123.58","null","'-492520123.58","5","782","782","5648","D","P","4","30.3.6.1","2025","4","2025","3","09","30"
"2025-09-30","57119569","57119571","Highway Trust Fund","'-269215888.60","null","'-269215888.60","'-3922674903.78","null","'-3922674903.78","'-6062462578.02","null","'-6062462578.02","5","783","783","14786","D","P","4","30.3.6.2","2025","4","2025","3","09","30"
"2025-09-30","57119572","57119573","National Service Life Insurance Fund","'-100504.97","null","'-100504.97","'-13088718.67","null","'-13088718.67","'-19661974.04","null","'-19661974.04","5","785","785","5654","D","P","4","30.3.7.1","2025","4","2025","3","09","30"
"2025-09-30","57119572","57119574","United States Government Life Insurance Fund","'-257.38","null","'-257.38","'-37386.10","null","'-37386.10","'-32789.53","null","'-32789.53","5","786","786","5656","D","P","4","30.3.7.2","2025","4","2025","3","09","30"
"2025-09-30","57119556","57119575","Corps of Engineers","'-59706724.36","null","'-59706724.36","'-515324428.30","null","'-515324428.30","'-601320378.87","null","'-601320378.87","5","787","787","5658","D","C","3","30.3.8","2025","4","2025","3","09","30"
"2025-09-30","57119576","57119577","Military Retirement Fund","'-2604759352.81","null","'-2604759352.81","'-65736353539.27","null","'-65736353539.27","'-67903910774.05","null","'-67903910774.05","5","789","789","5663","D","P","4","30.3.9.1","2025","4","2025","3","09","30"
"2025-09-30","57119576","57119578","Educational Benefits Fund","'-1779218.02","null","'-1779218.02","'-20404823.19","null","'-20404823.19","'-23303067.41","null","'-23303067.41","5","790","790","5665","D","P","4","30.3.9.2","2025","4","2025","3","09","30"
"2025-09-30","57118047","57118060","Tobacco Trust Fund","63700.07","null","63700.07","5543937.30","null","5543937.30","8907205.29","null","8907205.29","5","40","40","1432","D","P","3","3.7.5","2025","4","2025","3","09","30"
"2025-09-30","57118963","57119066","Internal Revenue Service:","null","null","null","null","null","null","null","null","null","5","488","488","4132","S","B","2","16.7","2025","4","2025","3","09","30"
"2025-09-30","57119317","57119363","Overseas Private Investment Corporation:","null","null","null","null","null","null","null","null","null","5","611","611","4366","S","B","2","23.5","2025","4","2025","3","09","30"
"2025-09-30","57119536","57119537","Foreign Service Retirement and Disability Fund","'-33836196.24","null","'-33836196.24","'-454726483.32","null","'-454726483.32","'-445453863.20","null","'-445453863.20","5","755","755","5594","D","P","4","30.2.2.1","2025","4","2025","3","09","30"
"2025-09-30","57119583","57119584","Federal Old-Age and Survivors Insurance Trust Fund","'-896867949.30","null","'-896867949.30","'-63705506004.41","null","'-63705506004.41","'-62890552530.25","null","'-62890552530.25","5","796","796","5674","D","P","4","30.3.12.1","2025","4","2025","3","09","30"
"2025-09-30","57119583","57119585","Federal Disability Insurance Trust Fund","'-19637720.39","null","'-19637720.39","'-6320015473.93","null","'-6320015473.93","'-4529029338.31","null","'-4529029338.31","5","797","797","5675","D","P","4","30.3.12.2","2025","4","2025","3","09","30"
"2025-09-30","57119586","57119588","Railroad Retirement Board","'-15365429.59","null","'-15365429.59","'-63772125.13","null","'-63772125.13","'-45740709.87","null","'-45740709.87","5","799","799","5677","D","A","4","30.3.13.1","2025","4","2025","3","09","30"
"2025-09-30","57117921","57117924","Senate","128251248.01","137822.83","128113425.18","1311399569.98","2549676.73","1308849893.25","1227566484.82","2448588.89","1225117895.93","5","2","2","1002","D","B","2","1.1","2025","4","2025","3","09","30"
"2025-09-30","57117921","57117927","House of Representatives","166249470.41","393862.88","165855607.53","1985032889.18","5301859.55","1979731029.63","1963137968.89","4721056.00","1958416912.89","5","3","3","1005","D","B","2","1.2","2025","4","2025","3","09","30"
"2025-09-30","57117921","57117933","Capitol Police","101320056.71","null","101320056.71","811788898.15","null","811788898.15","777783780.82","null","777783780.82","5","5","5","1012","D","B","2","1.4","2025","4","2025","3","09","30"
"2025-09-30","57117921","57117937","Congressional Budget Office","9332687.12","null","9332687.12","71642629.70","null","71642629.70","67826134.24","null","67826134.24","5","6","6","1015","D","B","2","1.5","2025","4","2025","3","09","30"
"2025-09-30","57117921","57117943","Architect of the Capitol","165829276.63","941545.48","164887731.15","961167456.95","8648335.76","952519121.19","831836967.36","8469073.13","823367894.23","5","7","7","1020","D","B","2","1.6","2025","4","2025","3","09","30"
"2025-09-30","57117921","57117945","Library of Congress","111754560.67","1250795.97","110503764.70","945767111.95","10735977.21","935031134.74","915264898.97","11667573.84","903597325.13","5","8","8","1030","D","B","2","1.7","2025","4","2025","3","09","30"
"2025-09-30","57117921","57117949","Government Publishing Office","12395060.46","null","12395060.46","172214563.71","null","172214563.71","93297479.06","null","93297479.06","5","9","9","1035","D","B","2","1.8","2025","4","2025","3","09","30"
"2025-09-30","57117921","57117952","Government Accountability Office","103109976.10","null","103109976.10","874100992.14","null","874100992.14","866592439.13","null","866592439.13","5","10","10","1045","D","B","2","1.9","2025","4","2025","3","09","30"
"2025-09-30","57117921","57117959","Other Legislative Branch Agencies","12517573.38","null","12517573.38","90867162.56","null","90867162.56","81222488.88","null","81222488.88","5","12","12","1056","D","P","2","1.11","2025","4","2025","3","09","30"
"2025-09-30","57117921","57117965","Proprietary Receipts from the Public","null","4984902.56","'-4984902.56","null","55930143.18","'-55930143.18","null","38316066.47","'-38316066.47","5","13","13","1057","D","P","2","1.12","2025","4","2025","3","09","30"
"2025-09-30","57117921","57117969","Intrabudgetary Transactions","33646.80","null","33646.80","'-7093118.02","null","'-7093118.02","'-8273854.46","null","'-8273854.46","5","14","14","1058","D","P","2","1.13","2025","4","2025","3","09","30"
"2025-09-30","57117921","57117977","Total--Legislative Branch","820850215.02","7708929.72","813141285.30","7316134749.94","83165992.43","7232968757.51","6900690419.43","65622358.33","6835068061.10","5","15","15","1060","T","C","2","1.14","2025","4","2025","3","09","30"
"2025-09-30","57117982","57117986","Supreme Court of the United States","14959228.92","null","14959228.92","156820599.40","null","156820599.40","151957324.82","null","151957324.82","5","17","17","1081","D","B","2","2.1","2025","4","2025","3","09","30"
"2025-09-30","57117982","57117990","Courts of Appeals, District Courts, and Other Judicial Services","699076434.03","null","699076434.03","9834614487.78","null","9834614487.78","9666467780.69","null","9666467780.69","5","18","18","1101","D","B","2","2.2","2025","4","2025","3","09","30"
"2025-09-30","57117982","57117993","Other","35717181.57","null","35717181.57","728030505.64","null","728030505.64","676525390.86","null","676525390.86","5","19","19","1120","D","P","2","2.3","2025","4","2025","3","09","30"
"2025-09-30","57117982","57117997","Proprietary Receipts from the Public","null","'-13997255.62","13997255.62","null","148897328.57","'-148897328.57","null","118096157.88","'-118096157.88","5","20","20","1130","D","P","2","2.4","2025","4","2025","3","09","30"
"2025-09-30","57117982","57118001","Intrabudgetary Transactions","120285259.85","null","120285259.85","'-811523540.77","null","'-811523540.77","'-896588499.70","null","'-896588499.70","5","21","21","1135","D","P","2","2.5","2025","4","2025","3","09","30"
"2025-09-30","57117982","57118006","Total--Judicial Branch","870038104.37","'-13997255.62","884035359.99","9907942052.05","148897328.57","9759044723.48","9598361996.67","118096157.88","9480265838.79","5","22","22","1140","T","C","2","2.6","2025","4","2025","3","09","30"
"2025-09-30","null","57118010","Department of Agriculture:","null","null","null","null","null","null","null","null","null","5","23","23","1400","S","C","1","3","2025","4","2025","3","09","30"
"2025-09-30","57118010","57118014","Agricultural Research Service","191988568.27","null","191988568.27","1910492122.95","null","1910492122.95","1921000298.23","null","1921000298.23","5","24","24","1403","D","B","2","3.1","2025","4","2025","3","09","30"
"2025-09-30","57118010","57118017","National Institute of Food and Agriculture:","null","null","null","null","null","null","null","null","null","5","25","25","1406","S","B","2","3.2","2025","4","2025","3","09","30"
"2025-09-30","57118017","57118021","Research and Education Activities","109106946.73","null","109106946.73","1172078644.53","null","1172078644.53","1081834067.27","null","1081834067.27","5","26","26","1408","D","P","3","3.2.1","2025","4","2025","3","09","30"
"2025-09-30","57118017","57118024","Extension Activities","55350323.02","null","55350323.02","668747133.73","null","668747133.73","637832056.18","null","637832056.18","5","27","27","1409","D","P","3","3.2.2","2025","4","2025","3","09","30"
"2025-09-30","57118017","57118028","Other","18069804.21","null","18069804.21","178073440.53","null","178073440.53","171852729.56","null","171852729.56","5","28","28","1410","D","P","3","3.2.3","2025","4","2025","3","09","30"
"2025-09-30","57118010","57118031","Animal and Plant Health Inspection Service","310980565.44","null","310980565.44","2594332083.22","null","2594332083.22","2392719328.84","null","2392719328.84","5","29","29","1412","D","B","2","3.3","2025","4","2025","3","09","30"
"2025-09-30","57118010","57118034","Food Safety and Inspection Service","139985946.76","null","139985946.76","1243032619.23","null","1243032619.23","1245589643.25","null","1245589643.25","5","30","30","1414","D","B","2","3.4","2025","4","2025","3","09","30"
"2025-09-30","57118010","57118039","Agricultural Marketing Service","226965235.71","3212799.72","223752435.99","2677987089.94","46779412.60","2631207677.34","3389087945.17","37981671.77","3351106273.40","5","31","31","1416","D","B","2","3.5","2025","4","2025","3","09","30"
"2025-09-30","57118042","57118044","Administrative and Operating Expenses","8283318.79","null","8283318.79","72179038.41","null","72179038.41","77233980.55","null","77233980.55","5","33","33","1418","D","P","3","3.6.1","2025","4","2025","3","09","30"
"2025-09-30","57118042","57118046","Federal Crop Insurance Corporation Fund","610259380.21","4333052770.30","'-3722793390.09","20597833243.31","6792643521.57","13805189721.74","21492118048.69","11723829987.81","9768288060.88","5","34","34","1419","D","P","3","3.6.2","2025","4","2025","3","09","30"
"2025-09-30","57118047","57118049","Salaries and Expenses","160167372.51","null","160167372.51","1245617397.14","null","1245617397.14","1263006317.60","null","1263006317.60","5","36","36","1421","D","P","3","3.7.1","2025","4","2025","3","09","30"
"2025-09-30","57118047","57118052","USDA Supplemental Assistance","228.00","null","228.00","3475172.69","null","3475172.69","3829464.98","null","3829464.98","5","37","37","1422","D","P","3","3.7.2","2025","4","2025","3","09","30"
"2025-09-30","57118047","57118054","Agricultural Disaster Relief Fund","'-26.44","null","'-26.44","'-4457.35","null","'-4457.35","'-155208.42","null","'-155208.42","5","38","38","1425","D","P","3","3.7.3","2025","4","2025","3","09","30"
"2025-09-30","57118047","57118057","Commodity Credit Corporation","348079271.58","559378348.31","'-211299076.73","12090127836.71","6499355052.74","5590772783.97","11168022462.32","5643855344.92","5524167117.40","5","39","39","1429","D","P","3","3.7.4","2025","4","2025","3","09","30"
"2025-09-30","57118047","57118061","Agricultural Credit Insurance Fund","4667711.76","321981.55","4345730.21","925174213.54","11058485.40","914115728.14","1550939741.09","18322236.61","1532617504.48","5","41","41","1436","D","P","3","3.7.6","2025","4","2025","3","09","30"
"2025-09-30","57118047","57118064","Other","117520950.46","null","117520950.46","2436845882.86","null","2436845882.86","241572758.22","null","241572758.22","5","42","42","1438","D","P","3","3.7.7","2025","4","2025","3","09","30"
"2025-09-30","57118047","57118067","Total--Farm Service Agency","630499207.94","559700329.86","70798878.08","16706779982.89","6510413538.14","10196366444.75","14236122741.08","5662177581.53","8573945159.55","5","43","43","1440","T","B","3","3.7.8","2025","4","2025","3","09","30"
"2025-09-30","57118070","57118072","Conservation Operations","141974855.74","null","141974855.74","1366046518.17","null","1366046518.17","1141979848.44","null","1141979848.44","5","45","45","1445","D","P","3","3.8.1","2025","4","2025","3","09","30"
"2025-09-30","57118070","57118075","Farm Security and Rural Investment Programs","372237678.39","null","372237678.39","4513700354.19","null","4513700354.19","3911289898.13","null","3911289898.13","5","46","46","1447","D","P","3","3.8.2","2025","4","2025","3","09","30"
"2025-09-30","57118070","57118078","Other","31058608.34","null","31058608.34","457097726.68","null","457097726.68","438396179.16","null","438396179.16","5","47","47","1448","D","P","3","3.8.3","2025","4","2025","3","09","30"
"2025-09-30","57118010","57118080","Rural Development","84135703.94","null","84135703.94","380085214.96","null","380085214.96","362099628.73","null","362099628.73","5","48","48","1450","D","B","2","3.9","2025","4","2025","3","09","30"
"2025-09-30","57118083","57118086","Rural Housing Insurance Fund","16551046.63","27064366.43","'-10513319.80","1990310829.73","280664139.31","1709646690.42","1020737667.29","376258812.90","644478854.39","5","50","50","1467","D","P","3","3.10.1","2025","4","2025","3","09","30"
"2025-09-30","57118083","57118089","Rental Assistance Program","150853304.55","null","150853304.55","1780110023.85","null","1780110023.85","1579704789.05","null","1579704789.05","5","51","51","1468","D","P","3","3.10.2","2025","4","2025","3","09","30"
"2025-09-30","57118010","57118095","Rural Utilities Service:","null","null","null","null","null","null","null","null","null","5","53","53","1471","S","B","2","3.11","2025","4","2025","3","09","30"
"2025-09-30","57118095","57118097","Rural Electrification and Telecommunications Fund","595703569.31","372273.30","595331296.01","673052626.65","9582058.20","663470568.45","488988166.75","150133536.13","338854630.62","5","54","54","1472","D","P","3","3.11.1","2025","4","2025","3","09","30"
"2025-09-30","57118095","57118104","Other","107742111.69","4372029.95","103370081.74","1414009170.92","25869350.15","1388139820.77","1187674897.80","23119197.31","1164555700.49","5","55","55","1474","D","P","3","3.11.2","2025","4","2025","3","09","30"
"2025-09-30","57118010","57118107","Foreign Agricultural Service","24849360.98","null","24849360.98","2010582075.28","null","2010582075.28","1418660954.08","null","1418660954.08","5","56","56","1475","D","B","2","3.12","2025","4","2025","3","09","30"
"2025-09-30","57118109","57118113","Supplemental Nutrition Assistance Program","8867309703.07","null","8867309703.07","106334580212.45","null","106334580212.45","106754491269.41","null","106754491269.41","5","58","58","1480","D","P","3","3.13.1","2025","4","2025","3","09","30"
"2025-09-30","57118109","57118116","Child Nutrition Programs","1986972500.52","null","1986972500.52","33374601786.64","null","33374601786.64","32732684349.30","null","32732684349.30","5","59","59","1486","D","P","3","3.13.2","2025","4","2025","3","09","30"
"2025-09-30","57118109","57118120","Special Supplemental Nutrition Program for Women, Infants, and Children (WIC)","702600971.18","null","702600971.18","7960792504.29","null","7960792504.29","7256773620.08","null","7256773620.08","5","60","60","1490","D","P","3","3.13.3","2025","4","2025","3","09","30"
"2025-09-30","57118109","57118124","Total--Food and Nutrition Service","11618966197.16","null","11618966197.16","148318458298.57","null","148318458298.57","147446510402.48","null","147446510402.48","5","62","62","1501","T","B","3","3.13.5","2025","4","2025","3","09","30"
"2025-09-30","57118125","57118127","National Forest System","266566542.88","null","266566542.88","2378882258.46","null","2378882258.46","2559697265.83","null","2559697265.83","5","64","64","1504","D","P","3","3.14.1","2025","4","2025","3","09","30"
"2025-09-30","57118125","57118128","Capital Improvement and Maintenance","34441117.88","null","34441117.88","321963871.24","null","321963871.24","298839672.19","null","298839672.19","5","65","65","1505","D","P","3","3.14.2","2025","4","2025","3","09","30"
"2025-09-30","57118125","57118130","Wildland Fire Management","1199577982.01","null","1199577982.01","6274449939.03","null","6274449939.03","5237645553.31","null","5237645553.31","5","66","66","1506","D","P","3","3.14.3","2025","4","2025","3","09","30"
"2025-09-30","57118125","57118132","Forest Service Permanent Appropriations","19490940.90","null","19490940.90","403813941.39","null","403813941.39","578073029.83","null","578073029.83","5","67","67","1510","D","P","3","3.14.4","2025","4","2025","3","09","30"
"2025-09-30","57118125","57118133","Other","248475252.66","null","248475252.66","2803458652.60","null","2803458652.60","2598112963.37","null","2598112963.37","5","68","68","1520","D","P","3","3.14.5","2025","4","2025","3","09","30"
"2025-09-30","57118125","57118135","Total--Forest Service","1768551836.33","null","1768551836.33","12182568662.72","null","12182568662.72","11272368484.53","null","11272368484.53","5","69","69","1521","T","B","3","3.14.6","2025","4","2025","3","09","30"
"2025-09-30","57118010","57118137","Other","2295987538.72","null","2295987538.72","20215024352.34","32919071.01","20182105281.33","10433403288.61","30661644.93","10402741643.68","5","70","70","1540","D","P","2","3.15","2025","4","2025","3","09","30"
"2025-09-30","57118010","57118139","Proprietary Receipts from the Public","303474.33","1379741496.20","'-1379438021.87","'-46279.57","3673355843.16","'-3673402122.73","190.00","4868253045.32","'-4868252855.32","5","71","71","1550","D","P","2","3.16","2025","4","2025","3","09","30"
"2025-09-30","57118010","57118141","Intrabudgetary Transactions","4337196.61","null","4337196.61","1026822595.18","null","1026822595.18","'-1038016677.18","null","'-1038016677.18","5","72","72","1560","D","P","2","3.17","2025","4","2025","3","09","30"
"2025-09-30","57118010","57118144","Total--Department of Agriculture","19545666312.66","6307516065.76","13238150246.90","244804101473.14","17372226934.14","227431874539.00","226274230233.74","22872415477.70","203401814756.04","5","73","73","1561","T","C","2","3.18","2025","4","2025","3","09","30"
"2025-09-30","57118145","57118148","Economic Development Administration","105924129.85","null","105924129.85","1293954244.89","null","1293954244.89","1136807404.03","null","1136807404.03","5","75","75","1691","D","B","2","4.1","2025","4","2025","3","09","30"
"2025-09-30","57118145","57118150","Bureau of the Census","24603669.91","null","24603669.91","1433960448.83","null","1433960448.83","1493160534.69","null","1493160534.69","5","76","76","1695","D","B","2","4.2","2025","4","2025","3","09","30"
"2025-09-30","57118145","57118152","International Trade Administration","70694026.36","null","70694026.36","580263195.55","null","580263195.55","624691662.20","null","624691662.20","5","77","77","1725","D","B","2","4.3","2025","4","2025","3","09","30"
"2025-09-30","57118145","57118155","National Oceanic and Atmospheric Administration","858000632.20","5737780.99","852262851.21","8184075698.53","25448416.03","8158627282.50","7664982347.07","20135606.59","7644846740.48","5","78","78","1760","D","B","2","4.4","2025","4","2025","3","09","30"
"2025-09-30","57118145","57118157","National Institute of Standards and Technology","172724706.27","null","172724706.27","16336441565.12","null","16336441565.12","2313077066.44","null","2313077066.44","5","79","79","1770","D","B","2","4.5","2025","4","2025","3","09","30"
"2025-09-30","57118145","57118160","National Telecommunications and Information Administration","298873808.77","153627746.12","145246062.65","1863302157.88","420298460.93","1443003696.95","1223348995.03","561328784.52","662020210.51","5","80","80","1775","D","B","2","4.6","2025","4","2025","3","09","30"
"2025-09-30","57118145","57118162","Other","99041225.40","3607312.27","95433913.13","515959153.46","55690852.59","460268300.87","907904374.03","70541633.54","837362740.49","5","81","81","1782","D","P","2","4.7","2025","4","2025","3","09","30"
"2025-09-30","57118145","57118165","Proprietary Receipts from the Public","null","276390.11","'-276390.11","null","'-9854518.78","9854518.78","null","'-126947119.85","126947119.85","5","82","82","1797","D","P","2","4.8","2025","4","2025","3","09","30"
"2025-09-30","57118145","57118167","Intrabudgetary Transactions","'-159930.20","null","'-159930.20","'-671765.93","null","'-671765.93","'-6274313.28","null","'-6274313.28","5","83","83","1798","D","P","2","4.9","2025","4","2025","3","09","30"
"2025-09-30","57118145","57118170","Offsetting Governmental Receipts","null","257256.20","'-257256.20","null","4097123.24","'-4097123.24","null","1521862.89","'-1521862.89","5","84","84","1799","D","P","2","4.10","2025","4","2025","3","09","30"
"2025-09-30","57118145","57118172","Total--Department of Commerce","1629702268.56","163506485.69","1466195782.87","30207284698.33","495680334.01","29711604364.32","15357698070.21","526580767.69","14831117302.52","5","85","85","1800","T","C","2","4.11","2025","4","2025","3","09","30"
"2025-09-30","57118178","57118180","Department of the Army","4534013885.38","null","4534013885.38","72764679118.29","null","72764679118.29","69342039807.94","null","69342039807.94","5","88","88","1901","D","P","3","5.1.1","2025","4","2025","3","09","30"
"2025-09-30","57118178","57118183","Department of the Navy","3218063918.08","null","3218063918.08","61951421726.80","null","61951421726.80","57473176463.02","null","57473176463.02","5","89","89","1910","D","P","3","5.1.2","2025","4","2025","3","09","30"
"2025-09-30","57118178","57118186","Department of the Air Force","2083476324.46","null","2083476324.46","49224034693.92","null","49224034693.92","45255860527.83","null","45255860527.83","5","90","90","1920","D","P","3","5.1.3","2025","4","2025","3","09","30"
"2025-09-30","57118178","57118189","Defense Agencies","null","null","null","22588461000.00","null","22588461000.00","19874141000.00","null","19874141000.00","5","91","91","1925","D","P","3","5.1.4","2025","4","2025","3","09","30"
"2025-09-30","57118178","57118192","Total--Military Personnel","9835554127.92","null","9835554127.92","206528596539.01","null","206528596539.01","191945217798.79","null","191945217798.79","5","92","92","1930","T","B","3","5.1.5","2025","4","2025","3","09","30"
"2025-09-30","57118194","57118197","Department of the Army","6403393589.59","null","6403393589.59","74866430780.71","null","74866430780.71","73505445751.27","null","73505445751.27","5","94","94","2000","D","P","3","5.2.1","2025","4","2025","3","09","30"
"2025-09-30","57118194","57118200","Department of the Navy","8117210611.49","null","8117210611.49","84963364792.21","null","84963364792.21","81593061247.49","null","81593061247.49","5","95","95","2010","D","P","3","5.2.2","2025","4","2025","3","09","30"
"2025-09-30","57118194","57118203","Department of the Air Force","7561923533.25","null","7561923533.25","79311155469.28","null","79311155469.28","76842158000.25","null","76842158000.25","5","96","96","2020","D","P","3","5.2.3","2025","4","2025","3","09","30"
"2025-09-30","57118194","57118206","Defense Agencies","8298146216.94","null","8298146216.94","103256689130.41","null","103256689130.41","100106148550.80","null","100106148550.80","5","97","97","2030","D","P","3","5.2.4","2025","4","2025","3","09","30"
"2025-09-30","57118194","57118209","Total--Operation and Maintenance","30380673951.27","null","30380673951.27","342397640172.61","null","342397640172.61","332046813549.81","null","332046813549.81","5","98","98","2032","T","B","3","5.2.5","2025","4","2025","3","09","30"
"2025-09-30","57118175","57118212","International Reconstruction and Other Assistance:","null","null","null","null","null","null","null","null","null","5","99","99","2050","S","B","2","5.3","2025","4","2025","3","09","30"
"2025-09-30","57118212","57118214","Department of the Army","null","null","null","null","null","null","1616056.99","null","1616056.99","5","100","100","2055","D","P","3","5.3.1","2025","4","2025","3","09","30"
"2025-09-30","57118217","57118219","Department of the Army","2575711367.84","null","2575711367.84","27073113698.59","null","27073113698.59","25499774343.47","null","25499774343.47","5","102","102","2100","D","P","3","5.4.1","2025","4","2025","3","09","30"
"2025-09-30","57118217","57118222","Department of the Navy","7090257204.55","null","7090257204.55","68039480180.88","null","68039480180.88","63345779006.15","null","63345779006.15","5","103","103","2110","D","P","3","5.4.2","2025","4","2025","3","09","30"
"2025-09-30","57118217","57118225","Department of the Air Force","5220835794.91","null","5220835794.91","55003136602.85","null","55003136602.85","55031643669.57","null","55031643669.57","5","104","104","2120","D","P","3","5.4.3","2025","4","2025","3","09","30"
"2025-09-30","57118217","57118228","Defense Agencies","793948404.28","null","793948404.28","11844549899.95","null","11844549899.95","8381829639.66","null","8381829639.66","5","105","105","2130","D","P","3","5.4.4","2025","4","2025","3","09","30"
"2025-09-30","57118217","57118231","Total--Procurement","15680752771.58","null","15680752771.58","161960280382.27","null","161960280382.27","152259026658.85","null","152259026658.85","5","106","106","2131","T","B","3","5.4.5","2025","4","2025","3","09","30"
"2025-09-30","57118234","57118237","Department of the Army","1351551888.58","null","1351551888.58","15980274525.49","null","15980274525.49","14578823956.13","null","14578823956.13","5","108","108","2200","D","P","3","5.5.1","2025","4","2025","3","09","30"
"2025-09-30","57118234","57118240","Department of the Navy","2224098636.59","null","2224098636.59","25668797039.39","null","25668797039.39","26548439375.36","null","26548439375.36","5","109","109","2210","D","P","3","5.5.2","2025","4","2025","3","09","30"
"2025-09-30","57118234","57118243","Department of the Air Force","8458296640.81","null","8458296640.81","63241627526.54","null","63241627526.54","61931639658.98","null","61931639658.98","5","110","110","2220","D","P","3","5.5.3","2025","4","2025","3","09","30"
"2025-09-30","57118234","57118246","Defense Agencies","3665531525.01","null","3665531525.01","36538188097.86","null","36538188097.86","34901210020.62","null","34901210020.62","5","111","111","2230","D","P","3","5.5.4","2025","4","2025","3","09","30"
"2025-09-30","57118234","57118249","Total--Research, Development, Test, and Evaluation","15699478690.99","null","15699478690.99","141428887189.28","null","141428887189.28","137960113011.09","null","137960113011.09","5","112","112","2231","T","B","3","5.5.5","2025","4","2025","3","09","30"
"2025-09-30","57118252","57118255","Department of the Army","'-250613851.99","null","'-250613851.99","2089936649.99","null","2089936649.99","1681713744.61","null","1681713744.61","5","114","114","2300","D","P","3","5.6.1","2025","4","2025","3","09","30"
"2025-09-30","57118252","57118257","Department of the Navy","348178188.62","null","348178188.62","3952589056.49","null","3952589056.49","3784953610.43","null","3784953610.43","5","115","115","2310","D","P","3","5.6.2","2025","4","2025","3","09","30"
"2025-09-30","57118252","57118259","Department of the Air Force","374213677.45","null","374213677.45","3936574524.61","null","3936574524.61","3665773724.74","null","3665773724.74","5","116","116","2320","D","P","3","5.6.3","2025","4","2025","3","09","30"
"2025-09-30","57118252","57118262","Defense Agencies","367392435.01","null","367392435.01","3172735285.58","null","3172735285.58","2935158511.03","null","2935158511.03","5","117","117","2330","D","P","3","5.6.4","2025","4","2025","3","09","30"
"2025-09-30","57118252","57118265","Total--Military Construction","839170449.09","null","839170449.09","13151835516.67","null","13151835516.67","12067599590.81","null","12067599590.81","5","118","118","2331","T","B","3","5.6.5","2025","4","2025","3","09","30"
"2025-09-30","57118267","57118270","Department of the Army","61902623.89","'-15.35","61902639.24","657318769.39","null","657318769.39","610337674.19","null","610337674.19","5","120","120","2340","D","P","3","5.7.1","2025","4","2025","3","09","30"
"2025-09-30","57118267","57118272","Department of the Navy","61454105.29","null","61454105.29","514600716.07","null","514600716.07","463240059.16","null","463240059.16","5","121","121","2350","D","P","3","5.7.2","2025","4","2025","3","09","30"
"2025-09-30","57118267","57118275","Department of the Air Force","37482684.36","null","37482684.36","401417148.94","null","401417148.94","387411032.40","null","387411032.40","5","122","122","2360","D","P","3","5.7.3","2025","4","2025","3","09","30"
"2025-09-30","57118267","57118278","Defense Agencies","5068068.84","null","5068068.84","211377749.24","27792.57","211349956.67","87812966.43","null","87812966.43","5","123","123","2370","D","P","3","5.7.4","2025","4","2025","3","09","30"
"2025-09-30","57118281","57118286","Department of the Navy","545625.22","null","545625.22","25339466.25","null","25339466.25","24230613.03","null","24230613.03","5","125","125","2420","D","P","3","5.8.1","2025","4","2025","3","09","30"
"2025-09-30","57118290","57118292","Working Capital Fund","'-727529547.42","null","'-727529547.42","2929330266.21","null","2929330266.21","573022158.51","null","573022158.51","5","127","127","2459","D","P","4","5.8.2.1","2025","4","2025","3","09","30"
"2025-09-30","57118290","57118293","Other","11023319.69","null","11023319.69","89454306.79","null","89454306.79","30320745.08","null","30320745.08","5","128","128","2460","D","P","4","5.8.2.2","2025","4","2025","3","09","30"
"2025-09-30","57118296","57118298","Department of the Army","7014040.27","null","7014040.27","33037187.38","null","33037187.38","28526897.55","null","28526897.55","5","130","130","2472","D","P","3","5.9.1","2025","4","2025","3","09","30"
"2025-09-30","57118296","57118299","Department of the Navy","4084766.58","null","4084766.58","31540046.16","null","31540046.16","29545345.74","null","29545345.74","5","131","131","2474","D","P","3","5.9.2","2025","4","2025","3","09","30"
"2025-09-30","57118296","57118301","Department of the Air Force","131434.66","null","131434.66","3332166.59","null","3332166.59","4294677.84","null","4294677.84","5","132","132","2476","D","P","3","5.9.3","2025","4","2025","3","09","30"
"2025-09-30","57118296","57118302","Defense Agencies","50015684.25","null","50015684.25","539366887.71","null","539366887.71","579814692.13","null","579814692.13","5","133","133","2478","D","P","3","5.9.4","2025","4","2025","3","09","30"
"2025-09-30","57118303","57118304","Department of the Army","null","418220888.63","'-418220888.63","null","425375916.32","'-425375916.32","null","319497519.90","'-319497519.90","5","135","135","2482","D","P","3","5.10.1","2025","4","2025","3","09","30"
"2025-09-30","57118303","57118305","Department of the Navy","null","'-9066307.79","9066307.79","null","156806252.60","'-156806252.60","null","161548868.69","'-161548868.69","5","136","136","2484","D","P","3","5.10.2","2025","4","2025","3","09","30"
"2025-09-30","57118303","57118306","Department of the Air Force","null","25004242.92","'-25004242.92","null","198068834.00","'-198068834.00","null","174157256.13","'-174157256.13","5","137","137","2486","D","P","3","5.10.3","2025","4","2025","3","09","30"
"2025-09-30","57118303","57118307","Defense Agencies","null","32950559.47","'-32950559.47","null","1453215686.78","'-1453215686.78","null","1971284638.04","'-1971284638.04","5","138","138","2488","D","P","3","5.10.4","2025","4","2025","3","09","30"
"2025-09-30","57118308","57118309","Department of the Army","'-2120560.24","null","'-2120560.24","'-41270714.17","null","'-41270714.17","'-82280689.37","null","'-82280689.37","5","140","140","2492","D","P","3","5.11.1","2025","4","2025","3","09","30"
"2025-09-30","57118308","57118310","Department of the Navy","'-13657120.10","null","'-13657120.10","'-83742232.94","null","'-83742232.94","'-76267094.44","null","'-76267094.44","5","141","141","2494","D","P","3","5.11.2","2025","4","2025","3","09","30"
"2025-09-30","57118308","57118311","Department of the Air Force","'-15505587.73","null","'-15505587.73","'-98230533.79","null","'-98230533.79","'-28173543.41","null","'-28173543.41","5","142","142","2496","D","P","3","5.11.3","2025","4","2025","3","09","30"
"2025-09-30","57118308","57118312","Defense Agencies","'-1059992.38","null","'-1059992.38","'-34018153.28","null","'-34018153.28","'-7677591.36","null","'-7677591.36","5","143","143","2500","D","P","3","5.11.4","2025","4","2025","3","09","30"
"2025-09-30","57118313","57118314","Department of the Army","null","null","null","null","960596.16","'-960596.16","null","853565.04","'-853565.04","5","145","145","2502","D","P","3","5.12.1","2025","4","2025","3","09","30"
"2025-09-30","57118175","57118316","Total--Department of Defense--Military Programs","71914479536.03","467109367.88","71447370168.15","870646092876.39","2234455078.43","868411637797.96","828904544609.82","2627341847.80","826277202762.02","5","146","146","2570","T","C","2","5.13","2025","4","2025","3","09","30"
"2025-09-30","57118317","57118318","Office of Elementary and Secondary Education:","null","null","null","null","null","null","null","null","null","5","148","148","2591","S","B","2","6.1","2025","4","2025","3","09","30"
"2025-09-30","57118318","57118319","Accelerating Achievement and Ensuring Equity","1528039768.90","null","1528039768.90","20525300276.92","null","20525300276.92","18911824106.10","null","18911824106.10","5","149","149","2595","D","P","3","6.1.1","2025","4","2025","3","09","30"
"2025-09-30","57118318","57118320","Impact Aid","1261051.80","null","1261051.80","1638816465.72","null","1638816465.72","1891089684.75","null","1891089684.75","5","150","150","2600","D","P","3","6.1.2","2025","4","2025","3","09","30"
"2025-09-30","57118318","57118321","Education Improvement Programs","495223163.98","null","495223163.98","6490695323.36","null","6490695323.36","5972517831.76","null","5972517831.76","5","151","151","2601","D","P","3","6.1.3","2025","4","2025","3","09","30"
"2025-09-30","57118318","57118324","Total--Office of Elementary and Secondary Education","2285037388.52","null","2285037388.52","43436726551.96","null","43436726551.96","82991050168.10","null","82991050168.10","5","153","153","2605","T","B","3","6.1.5","2025","4","2025","3","09","30"
"2025-09-30","57118317","57118325","Office of Innovation and Improvement","112976356.80","null","112976356.80","1286997859.66","null","1286997859.66","1106610234.10","null","1106610234.10","5","154","154","2606","D","B","2","6.2","2025","4","2025","3","09","30"
"2025-09-30","57118317","57118326","Office of English Language Acquisition","95520645.68","null","95520645.68","925754399.09","null","925754399.09","912035879.45","null","912035879.45","5","155","155","2608","D","B","2","6.3","2025","4","2025","3","09","30"
"2025-09-30","57118327","57118328","Special Education","1117077644.53","null","1117077644.53","16272146718.52","null","16272146718.52","16273684543.45","null","16273684543.45","5","157","157","2610","D","P","3","6.4.1","2025","4","2025","3","09","30"
"2025-09-30","57118327","57118329","Rehabilitation Services and Disability Research","407207956.84","null","407207956.84","4520394717.64","null","4520394717.64","4093530642.79","null","4093530642.79","5","158","158","2611","D","P","3","6.4.2","2025","4","2025","3","09","30"
"2025-09-30","57118327","57118330","Special Institutions for Persons with Disabilities","27340572.82","null","27340572.82","305130331.35","null","305130331.35","294490354.47","null","294490354.47","5","159","159","2612","D","P","3","6.4.3","2025","4","2025","3","09","30"
"2025-09-30","57118317","57118331","Office of Vocational and Adult Education","438090671.52","null","438090671.52","2542513595.06","null","2542513595.06","2172086272.09","null","2172086272.09","5","160","160","2614","D","B","2","6.5","2025","4","2025","3","09","30"
"2025-09-30","57118317","57118332","Office of Postsecondary Education:","null","null","null","null","null","null","null","null","null","5","161","161","2615","S","B","2","6.6","2025","4","2025","3","09","30"
"2025-09-30","57118332","57118333","Higher Education","352632467.82","null","352632467.82","3572209976.52","null","3572209976.52","3191756236.94","null","3191756236.94","5","162","162","2617","D","P","3","6.6.1","2025","4","2025","3","09","30"
"2025-09-30","57118332","57118334","Other","25240031.89","null","25240031.89","363461416.33","233721.40","363227694.93","317320045.85","257519.84","317062526.01","5","163","163","2618","D","P","3","6.6.2","2025","4","2025","3","09","30"
"2025-09-30","57118332","57118335","Total--Office of Postsecondary Education","377872499.71","null","377872499.71","3935671392.85","233721.40","3935437671.45","3509076282.79","257519.84","3508818762.95","5","164","164","2619","T","B","3","6.6.3","2025","4","2025","3","09","30"
"2025-09-30","57118336","57118337","Student Financial Assistance","7668474327.53","null","7668474327.53","42051446015.95","null","42051446015.95","34720659132.00","null","34720659132.00","5","166","166","2622","D","P","3","6.7.1","2025","4","2025","3","09","30"
"2025-09-30","57118336","57118338","Student Aid Administration","156500623.17","null","156500623.17","2257071927.35","null","2257071927.35","2107202445.71","null","2107202445.71","5","167","167","2624","D","P","3","6.7.2","2025","4","2025","3","09","30"
"2025-09-30","57118336","57118339","Federal Student Loan Reserve Fund","null","null","null","'-101066555.74","null","'-101066555.74","'-73616517.41","null","'-73616517.41","5","168","168","2625","D","P","3","6.7.3","2025","4","2025","3","09","30"
"2025-09-30","57118336","57118340","Federal Direct Student Loans","12461918799.00","null","12461918799.00","64658105638.00","null","64658105638.00","110176072447.00","null","110176072447.00","5","169","169","2626","D","P","3","6.7.4","2025","4","2025","3","09","30"
"2025-09-30","57118336","57118341","Federal Family Education Loans","'-3248954.75","null","'-3248954.75","2323764658.07","null","2323764658.07","13270517763.13","null","13270517763.13","5","170","170","2627","D","P","3","6.7.5","2025","4","2025","3","09","30"
"2025-09-30","57118336","57118342","Other","41193.58","272106.36","'-230912.78","40673777.17","2909787.51","37763989.66","60614631.00","3257061.38","57357569.62","5","171","171","2628","D","P","3","6.7.6","2025","4","2025","3","09","30"
"2025-09-30","57118336","57118343","Total--Office of Federal Student Aid","20283685988.53","272106.36","20283413882.17","111229995460.80","2909787.51","111227085673.29","160261449901.43","3257061.38","160258192840.05","5","172","172","2629","T","B","3","6.7.7","2025","4","2025","3","09","30"
"2025-09-30","57118317","57118344","Institute of Education Sciences","49857894.16","null","49857894.16","673768384.44","null","673768384.44","785920412.90","null","785920412.90","5","173","173","2630","D","B","2","6.8","2025","4","2025","3","09","30"
"2025-09-30","57118317","57118345","Departmental Management","93478028.12","null","93478028.12","690229246.59","null","690229246.59","690687904.60","null","690687904.60","5","174","174","2631","D","B","2","6.9","2025","4","2025","3","09","30"
"2025-09-30","57118317","57118346","Other","34499313.24","null","34499313.24","101406729.28","null","101406729.28","57828408.57","null","57828408.57","5","175","175","2636","D","P","2","6.10","2025","4","2025","3","09","30"
"2025-09-30","57118317","57118347","Proprietary Receipts from the Public","null","132446792017.77","'-132446792017.77","null","153107024958.21","'-153107024958.21","null","5155721870.91","'-5155721870.91","5","176","176","2637","D","P","2","6.11","2025","4","2025","3","09","30"
"2025-09-30","57118317","57118348","Intrabudgetary Transactions","1845714458.96","null","1845714458.96","1907231498.15","null","1907231498.15","'-70971674.28","null","'-70971674.28","5","177","177","2638","D","P","2","6.12","2025","4","2025","3","09","30"
"2025-09-30","57118317","57118349","Total--Department of Education","27168359419.43","132447064124.13","'-105278704704.70","187827966885.39","153110168467.12","34717798418.27","273077479330.46","5159236452.13","267918242878.33","5","178","178","2639","T","C","2","6.13","2025","4","2025","3","09","30"
"2025-09-30","57118351","57118352","Naval Reactors","183197663.88","null","183197663.88","1973631934.69","null","1973631934.69","1869684656.65","null","1869684656.65","5","181","181","2642","D","P","3","7.1.1","2025","4","2025","3","09","30"
"2025-09-30","57118351","57118353","Weapons Activities","1645348679.21","null","1645348679.21","18915181763.33","null","18915181763.33","17954330428.11","null","17954330428.11","5","182","182","2643","D","P","3","7.1.2","2025","4","2025","3","09","30"
"2025-09-30","57118351","57118354","Defense Nuclear Nonproliferation","228233854.77","null","228233854.77","2694834115.90","null","2694834115.90","2752082325.35","null","2752082325.35","5","183","183","2644","D","P","3","7.1.3","2025","4","2025","3","09","30"
"2025-09-30","57118351","57118355","Other","34546266.04","null","34546266.04","518778704.72","null","518778704.72","501026093.69","null","501026093.69","5","184","184","2645","D","P","3","7.1.4","2025","4","2025","3","09","30"
"2025-09-30","57118356","57118357","Defense Environmental Cleanup","748398086.17","null","748398086.17","7630220231.61","null","7630220231.61","7319730519.67","null","7319730519.67","5","186","186","2651","D","P","3","7.2.1","2025","4","2025","3","09","30"
"2025-09-30","57118356","57118358","Other Defense Activities","115909248.51","null","115909248.51","1126081436.70","null","1126081436.70","1017149724.78","null","1017149724.78","5","187","187","2653","D","P","3","7.2.2","2025","4","2025","3","09","30"
"2025-09-30","57118356","57118359","Defense Nuclear Waste Disposal","2923.38","null","2923.38","111188.02","null","111188.02","359560.18","null","359560.18","5","188","188","2655","D","P","3","7.2.3","2025","4","2025","3","09","30"
"2025-09-30","57118362","57118364","Science","684067339.90","null","684067339.90","8536367664.30","null","8536367664.30","8083399449.99","null","8083399449.99","5","190","190","2660","D","P","3","7.3.1","2025","4","2025","3","09","30"
"2025-09-30","57118362","57118367","Energy Supply","211645145.58","null","211645145.58","2816940272.40","null","2816940272.40","2408399099.00","null","2408399099.00","5","191","191","2662","D","P","3","7.3.2","2025","4","2025","3","09","30"
"2025-09-30","57118362","57118369","Energy Efficiency and Renewable Energy","371247980.06","null","371247980.06","4318053420.14","null","4318053420.14","3703702259.99","null","3703702259.99","5","192","192","2663","D","P","3","7.3.3","2025","4","2025","3","09","30"
"2025-09-30","57118362","57118371","Fossil Energy Research and Development","82509099.18","null","82509099.18","957947341.04","null","957947341.04","763461555.78","null","763461555.78","5","193","193","2664","D","P","3","7.3.4","2025","4","2025","3","09","30"
"2025-09-30","57118362","57118373","Uranium Enrichment Decontamination and Decommissioning Fund","71233455.58","null","71233455.58","813248344.15","null","813248344.15","815146598.26","null","815146598.26","5","194","194","2665","D","P","3","7.3.5","2025","4","2025","3","09","30"
"2025-09-30","57118362","57118375","Advanced Technology Vehicles Manufacturing Loan Program","9157520.07","null","9157520.07","82887625.91","null","82887625.91","67795138.25","null","67795138.25","5","195","195","2666","D","P","3","7.3.6","2025","4","2025","3","09","30"
"2025-09-30","57118362","57118377","Title 17 Innovative Technology Loan Guarantee Program","9373539.41","null","9373539.41","156255229.35","null","156255229.35","96475462.08","null","96475462.08","5","196","196","2667","D","P","3","7.3.7","2025","4","2025","3","09","30"
"2025-09-30","57118362","57118379","Other","502580431.86","4415430.55","498165001.31","4267391230.49","287528181.20","3979863049.29","3994586397.68","459102203.94","3535484193.74","5","197","197","2668","D","P","3","7.3.8","2025","4","2025","3","09","30"
"2025-09-30","57118362","57118381","Total--Energy Programs","1941814511.64","4415430.55","1937399081.09","21949091127.78","287528181.20","21661562946.58","19932965961.03","459102203.94","19473863757.09","5","198","198","2669","T","B","3","7.3.9","2025","4","2025","3","09","30"
"2025-09-30","57118350","57118383","Power Marketing Administration","55146865.69","380620399.53","'-325473533.84","5100632970.17","4662726454.76","437906515.41","5431085122.29","4394840691.94","1036244430.35","5","199","199","2670","D","B","2","7.4","2025","4","2025","3","09","30"
"2025-09-30","57118350","57118385","Departmental Administration","2547288.78","null","2547288.78","387562979.40","null","387562979.40","394598021.71","null","394598021.71","5","200","200","2674","D","B","2","7.5","2025","4","2025","3","09","30"
"2025-09-30","57118350","57118390","Proprietary Receipts from the Public","null","'-337802093.91","337802093.91","null","728366454.37","'-728366454.37","null","765519210.08","'-765519210.08","5","201","201","2677","D","P","2","7.6","2025","4","2025","3","09","30"
"2025-09-30","57118350","57118392","Intrabudgetary Transactions","'-181832897.66","null","'-181832897.66","'-2257322972.13","null","'-2257322972.13","'-2217217306.55","null","'-2217217306.55","5","202","202","2678","D","P","2","7.7","2025","4","2025","3","09","30"
"2025-09-30","57118350","57118394","Offsetting Governmental Receipts","null","67946458.38","'-67946458.38","null","67946458.38","'-67946458.38","null","20894012.84","'-20894012.84","5","203","203","2679","D","P","2","7.8","2025","4","2025","3","09","30"
"2025-09-30","57118350","57118396","Total--Department of Energy","4773312490.41","115180194.55","4658132295.86","58038803480.19","5746567548.71","52292235931.48","54955795106.91","5640356118.80","49315438988.11","5","204","204","2680","T","C","2","7.9","2025","4","2025","3","09","30"
"2025-09-30","57118398","57118400","Food and Drug Administration","'-921235923.47","925924.73","'-922161848.20","3293601744.77","9954528.98","3283647215.79","3874285143.88","7121820.34","3867163323.54","5","206","206","2684","D","B","2","8.1","2025","4","2025","3","09","30"
"2025-09-30","57118398","57118403","Health Resources and Services Administration","1758933304.19","null","1758933304.19","15079598155.73","null","15079598155.73","14579900804.46","null","14579900804.46","5","207","207","2689","D","B","2","8.2","2025","4","2025","3","09","30"
"2025-09-30","57118398","57118404","Indian Health Service","303523836.08","null","303523836.08","8344251818.44","null","8344251818.44","8523651083.40","null","8523651083.40","5","208","208","2690","D","B","2","8.3","2025","4","2025","3","09","30"
"2025-09-30","57118398","57118406","Centers for Disease Control and Prevention","1117044031.27","null","1117044031.27","11404852194.91","null","11404852194.91","12168373990.18","null","12168373990.18","5","209","209","2700","D","B","2","8.4","2025","4","2025","3","09","30"
"2025-09-30","57118398","57118408","National Institutes of Health","4595041398.36","null","4595041398.36","47340988908.37","null","47340988908.37","48210120998.32","null","48210120998.32","5","210","210","2745","D","B","2","8.5","2025","4","2025","3","09","30"
"2025-09-30","57118398","57118410","Substance Abuse and Mental Health Services Administration","668913396.57","null","668913396.57","8336816076.88","null","8336816076.88","8888240051.91","null","8888240051.91","5","211","211","2765","D","B","2","8.6","2025","4","2025","3","09","30"
"2025-09-30","57118398","57118412","Agency for Healthcare Research and Quality","41202289.67","null","41202289.67","367003574.95","null","367003574.95","369106924.81","null","369106924.81","5","212","212","2770","D","B","2","8.7","2025","4","2025","3","09","30"
"2025-09-30","57118414","57118416","Grants to States for Medicaid","60371345016.79","null","60371345016.79","668139435123.32","null","668139435123.32","617517219049.27","null","617517219049.27","5","214","214","2788","D","P","3","8.8.1","2025","4","2025","3","09","30"
"2025-09-30","57118414","57118418","Payments to Health Care Trust Funds","48113779350.94","null","48113779350.94","592024340703.37","null","592024340703.37","519483384076.72","null","519483384076.72","5","215","215","2789","D","P","3","8.8.2","2025","4","2025","3","09","30"
"2025-09-30","57118414","57118420","Children's Health Insurance Fund","2157919744.97","null","2157919744.97","23067369551.57","null","23067369551.57","19448776714.60","null","19448776714.60","5","216","216","2790","D","P","3","8.8.3","2025","4","2025","3","09","30"
"2025-09-30","57118414","57118422","State Grants and Demonstrations","42953741.74","null","42953741.74","695047269.77","null","695047269.77","646890167.49","null","646890167.49","5","217","217","2791","D","P","3","8.8.4","2025","4","2025","3","09","30"
"2025-09-30","57118426","57118430","Administrative Expenses","375146497.37","null","375146497.37","3962988532.52","null","3962988532.52","3954694899.44","null","3954694899.44","5","220","220","2795","D","P","4","8.8.5.2","2025","4","2025","3","09","30"
"2025-09-30","57118426","57118433","Total--Federal Hospital Insurance Trust Fund","23562448149.01","null","23562448149.01","444832699854.51","null","444832699854.51","407377882840.05","null","407377882840.05","5","221","221","2797","T","P","4","8.8.5.3","2025","4","2025","3","09","30"
"2025-09-30","57118414","57118435","Health Care Fraud and Abuse Control","179139726.50","null","179139726.50","2630279585.79","null","2630279585.79","2647493394.62","null","2647493394.62","5","222","222","2798","D","P","3","8.8.6","2025","4","2025","3","09","30"
"2025-09-30","57118414","57118437","Federal Supplementary Medical Insurance Trust Fund:","null","null","null","null","null","null","null","null","null","5","223","223","2799","S","P","3","8.8.7","2025","4","2025","3","09","30"
"2025-09-30","57118437","57118439","Benefit Payments","25398683455.89","null","25398683455.89","572533855911.09","null","572533855911.09","519967835979.18","null","519967835979.18","5","224","224","2800","D","P","4","8.8.7.1","2025","4","2025","3","09","30"
"2025-09-30","57118437","57118441","Administrative Expenses","1791528081.50","null","1791528081.50","6018894589.10","null","6018894589.10","5736241307.32","null","5736241307.32","5","225","225","2802","D","P","4","8.8.7.2","2025","4","2025","3","09","30"
"2025-09-30","57118443","57118445","Benefit Payments","53050030.18","null","53050030.18","163025011964.02","null","163025011964.02","116946359672.91","null","116946359672.91","5","227","227","2844","D","P","5","8.8.7.3.1","2025","4","2025","3","09","30"
"2025-09-30","57118437","57118449","Total--Federal Supplementary Medical Insurance Trust Fund","27243261567.57","null","27243261567.57","741577762464.21","null","741577762464.21","642650436959.41","null","642650436959.41","5","228","228","2848","T","P","4","8.8.7.4","2025","4","2025","3","09","30"
"2025-09-30","57118414","57118453","Total--Centers for Medicare and Medicaid Services","166987785786.51","null","166987785786.51","2484969144007.59","null","2484969144007.59","2222162688300.20","null","2222162688300.20","5","230","230","2860","T","B","3","8.8.9","2025","4","2025","3","09","30"
"2025-09-30","57118398","57118455","Administration for Children and Families:","null","null","null","null","null","null","null","null","null","5","231","231","2909","S","B","2","8.9","2025","4","2025","3","09","30"
"2025-09-30","57118455","57118457","Temporary Assistance for Needy Families","1643158566.97","null","1643158566.97","17713710683.78","null","17713710683.78","17640068729.87","null","17640068729.87","5","232","232","2920","D","P","3","8.9.1","2025","4","2025","3","09","30"
"2025-09-30","57118455","57118461","Payments to States for Child Support Enforcement and Family Support Programs","703399669.52","null","703399669.52","4968220347.41","null","4968220347.41","4874583232.95","null","4874583232.95","5","234","234","2925","D","P","3","8.9.3","2025","4","2025","3","09","30"
"2025-09-30","57118455","57118463","Low Income Home Energy Assistance","225425381.79","null","225425381.79","4378186377.43","null","4378186377.43","4980482525.12","null","4980482525.12","5","235","235","2930","D","P","3","8.9.4","2025","4","2025","3","09","30"
"2025-09-30","57118455","57118465","Refugee and Entrant Assistance","228197822.14","null","228197822.14","5822492333.62","null","5822492333.62","7101028418.22","null","7101028418.22","5","236","236","2935","D","P","3","8.9.5","2025","4","2025","3","09","30"
"2025-09-30","57118455","57118467","Child Care Entitlement to States","446181774.38","null","446181774.38","4032691259.44","null","4032691259.44","3565726398.30","null","3565726398.30","5","237","237","2942","D","P","3","8.9.6","2025","4","2025","3","09","30"
"2025-09-30","57118455","57118469","Payments to States for the Child Care and Development Block Grant","969334686.89","null","969334686.89","10779323099.85","null","10779323099.85","16298026805.53","null","16298026805.53","5","238","238","2945","D","P","3","8.9.7","2025","4","2025","3","09","30"
"2025-09-30","57118455","57118471","Social Services Block Grant","129585769.05","null","129585769.05","1551402150.06","null","1551402150.06","1604323062.21","null","1604323062.21","5","239","239","2992","D","P","3","8.9.8","2025","4","2025","3","09","30"
"2025-09-30","57118455","57118475","Payments to States for Foster Care and Adoption Assistance","879814975.39","null","879814975.39","9986438229.11","null","9986438229.11","10135425395.53","null","10135425395.53","5","241","241","2995","D","P","3","8.9.10","2025","4","2025","3","09","30"
"2025-09-30","57118455","57118477","Other","97408701.36","null","97408701.36","709501999.73","null","709501999.73","649453841.70","null","649453841.70","5","242","242","2997","D","P","3","8.9.11","2025","4","2025","3","09","30"
"2025-09-30","57118455","57118479","Total--Administration for Children and Families","6992557563.37","null","6992557563.37","75676269875.30","null","75676269875.30","82238128470.50","null","82238128470.50","5","243","243","2998","T","B","3","8.9.12","2025","4","2025","3","09","30"
"2025-09-30","57118398","57118481","Administration for Community Living","301124111.74","null","301124111.74","3014610135.82","null","3014610135.82","2791979601.16","null","2791979601.16","5","244","244","2999","D","B","2","8.10","2025","4","2025","3","09","30"
"2025-09-30","57118398","57118483","Departmental Management","716806570.27","null","716806570.27","10774161598.95","null","10774161598.95","16399603939.84","null","16399603939.84","5","245","245","3000","D","B","2","8.11","2025","4","2025","3","09","30"
"2025-09-30","57118398","57118485","Other","197111984.57","null","197111984.57","2905511805.23","null","2905511805.23","1586357250.90","null","1586357250.90","5","246","246","3010","D","P","2","8.12","2025","4","2025","3","09","30"
"2025-09-30","57118398","57118487","Proprietary Receipts from the Public","null","19593804417.86","'-19593804417.86","null","194141434253.80","'-194141434253.80","null","180195677948.34","'-180195677948.34","5","247","247","3018","D","P","2","8.13","2025","4","2025","3","09","30"
"2025-09-30","57118398","57118489","Intrabudgetary Transactions:","null","null","null","null","null","null","null","null","null","5","248","248","3019","S","P","2","8.14","2025","4","2025","3","09","30"
"2025-09-30","57118491","57118493","Federal Supplementary Medical Insurance Trust Fund","'-40204996076.94","null","'-40204996076.94","'-549651604100.55","null","'-549651604100.55","'-478322656754.91","null","'-478322656754.91","5","250","250","3025","D","P","4","8.14.1.1","2025","4","2025","3","09","30"
"2025-09-30","57118495","57118497","Federal Hospital Insurance Trust Fund","'-7910561834.66","null","'-7910561834.66","'-42381389642.17","null","'-42381389642.17","'-41189154024.61","null","'-41189154024.61","5","252","252","3035","D","P","4","8.14.2.1","2025","4","2025","3","09","30"
"2025-09-30","57118489","57118499","Other","'-557723077.11","null","'-557723077.11","'-1045268845.35","null","'-1045268845.35","'-1455356072.08","null","'-1455356072.08","5","253","253","3040","D","P","3","8.14.3","2025","4","2025","3","09","30"
"2025-09-30","57118398","57118501","Total--Department of Health and Human Services","134085527360.42","19594730342.59","114490797017.83","2078428547308.87","194151388782.78","1884277158526.09","1900825269707.96","180202799768.68","1720622469939.28","5","254","254","3045","T","C","2","8.15","2025","4","2025","3","09","30"
"2025-09-30","57118503","57118505","Departmental Management and Operations","342448729.22","null","342448729.22","2499262405.46","null","2499262405.46","2665754958.45","null","2665754958.45","5","256","256","3050","D","B","2","9.1","2025","4","2025","3","09","30"
"2025-09-30","57118503","57118507","Citizenship and Immigration Services","719313499.77","null","719313499.77","6019176557.33","null","6019176557.33","5859446261.52","null","5859446261.52","5","257","257","3052","D","B","2","9.2","2025","4","2025","3","09","30"
"2025-09-30","57118503","57118509","United States Secret Service","436599413.23","null","436599413.23","3574936423.89","null","3574936423.89","2957476076.22","null","2957476076.22","5","258","258","3054","D","B","2","9.3","2025","4","2025","3","09","30"
"2025-09-30","57118503","57118511","Transportation Security Administration","797808232.25","null","797808232.25","8277087993.79","null","8277087993.79","6974113061.93","null","6974113061.93","5","259","259","3058","D","B","2","9.4","2025","4","2025","3","09","30"
"2025-09-30","57118503","57118513","Immigration and Customs Enforcement","1429580959.17","null","1429580959.17","10700363998.78","null","10700363998.78","9992094925.07","null","9992094925.07","5","260","260","3060","D","B","2","9.5","2025","4","2025","3","09","30"
"2025-09-30","57118503","57118515","U.S. Customs and Border Protection","2359380080.66","4158353.33","2355221727.33","21290416538.15","55073117.37","21235343420.78","22475545686.37","49849827.45","22425695858.92","5","261","261","3062","D","B","2","9.6","2025","4","2025","3","09","30"
"2025-09-30","57118503","57118517","United States Coast Guard","1141341037.44","null","1141341037.44","13821644633.32","null","13821644633.32","13251661504.17","null","13251661504.17","5","262","262","3070","D","B","2","9.7","2025","4","2025","3","09","30"
"2025-09-30","57118503","57118519","National Protection and Programs Directorate","208223681.18","null","208223681.18","2598656199.68","null","2598656199.68","2889062061.70","null","2889062061.70","5","263","263","3075","D","B","2","9.8","2025","4","2025","3","09","30"
"2025-09-30","57118521","57118527","Disaster Relief","4069228458.74","null","4069228458.74","51928818005.47","null","51928818005.47","33274635423.36","null","33274635423.36","5","265","265","3084","D","P","3","9.9.1","2025","4","2025","3","09","30"
"2025-09-30","57118521","57118529","National Flood Insurance Fund","496330435.81","247943886.77","248386549.04","9456095131.98","2105153151.80","7350941980.18","2051353262.94","2168254264.79","'-116901001.85","5","266","266","3088","D","P","3","9.9.2","2025","4","2025","3","09","30"
"2025-09-30","57118521","57118531","Other","245450124.67","null","245450124.67","3327893243.59","null","3327893243.59","3057056472.00","null","3057056472.00","5","267","267","3090","D","P","3","9.9.3","2025","4","2025","3","09","30"
"2025-09-30","57118521","57118533","Total--Federal Emergency Management Agency","4811009019.22","247943886.77","4563065132.45","64712806381.04","2105153151.80","62607653229.24","38383045158.30","2168254264.79","36214790893.51","5","268","268","3091","T","B","3","9.9.4","2025","4","2025","3","09","30"
"2025-09-30","57118503","57118537","Domestic Nuclear Detection Office","48301689.79","null","48301689.79","384287172.88","null","384287172.88","419871960.60","null","419871960.60","5","270","270","3093","D","B","2","9.11","2025","4","2025","3","09","30"
"2025-09-30","57118503","57118539","Other","58007320.36","null","58007320.36","625387804.49","null","625387804.49","666849904.36","null","666849904.36","5","271","271","3094","D","P","2","9.12","2025","4","2025","3","09","30"
"2025-09-30","57118503","57118541","Proprietary Receipts from the Public","null","201313780.97","'-201313780.97","null","1513566147.67","'-1513566147.67","null","1347667522.11","'-1347667522.11","5","272","272","3096","D","P","2","9.13","2025","4","2025","3","09","30"
"2025-09-30","57118503","57118543","Intrabudgetary Transactions","'-161310894.83","null","'-161310894.83","166791011.28","null","166791011.28","'-481738612.41","null","'-481738612.41","5","273","273","3097","D","P","2","9.14","2025","4","2025","3","09","30"
"2025-09-30","57118503","57118545","Offsetting Governmental Receipts","null","1088323224.64","'-1088323224.64","null","16451649065.48","'-16451649065.48","null","14110221325.74","'-14110221325.74","5","274","274","3098","D","P","2","9.15","2025","4","2025","3","09","30"
"2025-09-30","57118503","57118547","Total--Department of Homeland Security","12327295201.91","1541739245.71","10785555956.20","135431004757.05","20125441482.32","115305563274.73","106966209161.05","17675992940.09","89290216220.96","5","275","275","3100","T","C","2","9.16","2025","4","2025","3","09","30"
"2025-09-30","57118549","57118551","Public and Indian Housing Programs:","null","null","null","null","null","null","null","null","null","5","277","277","3115","S","B","2","10.1","2025","4","2025","3","09","30"
"2025-09-30","57118551","57118553","Tenant Based Rental Assistance","3331412068.43","null","3331412068.43","38320405699.70","null","38320405699.70","33975619395.46","null","33975619395.46","5","278","278","3116","D","P","3","10.1.1","2025","4","2025","3","09","30"
"2025-09-30","57118551","57118555","Housing Certificate Fund","34082.45","null","34082.45","365937.96","null","365937.96","57517892.59","null","57517892.59","5","279","279","3118","D","P","3","10.1.2","2025","4","2025","3","09","30"
"2025-09-30","57118551","57118559","Public Housing Capital Fund","10548659.57","null","10548659.57","290093441.78","null","290093441.78","623838806.62","null","623838806.62","5","280","280","3126","D","P","3","10.1.3","2025","4","2025","3","09","30"
"2025-09-30","57118551","57118561","Public Housing Operating Fund","742797805.34","null","742797805.34","8945187643.55","null","8945187643.55","7878405860.34","null","7878405860.34","5","281","281","3130","D","P","3","10.1.4","2025","4","2025","3","09","30"
"2025-09-30","57118551","57118563","Revitalization of Severely Distressed Public Housing (Hope VI)","860676.13","null","860676.13","1809711.57","null","1809711.57","2662026.83","null","2662026.83","5","282","282","3135","D","P","3","10.1.5","2025","4","2025","3","09","30"
"2025-09-30","57118551","57118565","Native American Housing Block Grant","164005372.08","null","164005372.08","1375195710.29","null","1375195710.29","1213341812.06","null","1213341812.06","5","283","283","3138","D","P","3","10.1.6","2025","4","2025","3","09","30"
"2025-09-30","57118551","57118567","Other","48169623.46","null","48169623.46","425089240.52","null","425089240.52","333525391.71","null","333525391.71","5","284","284","3140","D","P","3","10.1.7","2025","4","2025","3","09","30"
"2025-09-30","57118551","57118569","Total--Public and Indian Housing Programs","4297828287.46","null","4297828287.46","49358147385.37","null","49358147385.37","44084911185.61","null","44084911185.61","5","285","285","3142","T","B","3","10.1.8","2025","4","2025","3","09","30"
"2025-09-30","57118571","57118573","Housing Opportunities for Persons with AIDS","38919175.39","null","38919175.39","461505367.68","null","461505367.68","489103575.97","null","489103575.97","5","287","287","3147","D","P","3","10.2.1","2025","4","2025","3","09","30"
"2025-09-30","57118571","57118575","Community Development Fund","820285086.83","null","820285086.83","9853004515.70","null","9853004515.70","9372870651.97","null","9372870651.97","5","288","288","3148","D","P","3","10.2.2","2025","4","2025","3","09","30"
"2025-09-30","57118571","57118577","Home Investment Partnership Program","169363586.53","null","169363586.53","1870736056.72","null","1870736056.72","1464730612.71","null","1464730612.71","5","289","289","3156","D","P","3","10.2.3","2025","4","2025","3","09","30"
"2025-09-30","57118571","57118579","Neighborhood Stabilization Program","333120.69","null","333120.69","7821748.95","null","7821748.95","1744989.76","null","1744989.76","5","290","290","3159","D","P","3","10.2.4","2025","4","2025","3","09","30"
"2025-09-30","57118571","57118581","Homeless Assistance Grants","347588218.50","null","347588218.50","3397431600.13","null","3397431600.13","3220106434.56","null","3220106434.56","5","291","291","3162","D","P","3","10.2.5","2025","4","2025","3","09","30"
"2025-09-30","57118571","57118583","Other","32238231.95","null","32238231.95","648329803.39","null","648329803.39","531986670.63","4365.00","531982305.63","5","292","292","3168","D","P","3","10.2.6","2025","4","2025","3","09","30"
"2025-09-30","57118571","57118585","Total--Community Planning and Development","1408727419.89","null","1408727419.89","16238829092.57","null","16238829092.57","15080542935.60","4365.00","15080538570.60","5","293","293","3172","T","B","3","10.2.7","2025","4","2025","3","09","30"
"2025-09-30","57118589","57118591","FHA-Mutual Mortgage Insurance Fund, Program Account","10423493.30","null","10423493.30","1641647087.77","null","1641647087.77","4322218855.80","null","4322218855.80","5","296","296","3180","D","P","4","10.3.1.1","2025","4","2025","3","09","30"
"2025-09-30","57118589","57118593","FHA-Mutual Mortgage Insurance Capital Reserve Account","'-1158198581.58","null","'-1158198581.58","'-32136167842.30","null","'-32136167842.30","'-27414702866.95","null","'-27414702866.95","5","297","297","3182","D","P","4","10.3.1.2","2025","4","2025","3","09","30"
"2025-09-30","57118589","57118595","FHA-Mutual Mortgage and Cooperative Housing Insurance Fund, Liquidating Account","278690.45","207616.90","71073.55","2305967.05","2964489.42","'-658522.37","2635487.33","3415573.53","'-780086.20","5","298","298","3184","D","P","4","10.3.1.3","2025","4","2025","3","09","30"
"2025-09-30","57118589","57118597","FHA-General and Special Risk Fund, Program Account","null","null","null","393291766.31","null","393291766.31","545928476.51","null","545928476.51","5","299","299","3186","D","P","4","10.3.1.4","2025","4","2025","3","09","30"
"2025-09-30","57118589","57118599","FHA-General and Special Risk Fund, Liquidating Account","3527421.38","2727242.36","800179.02","89696160.62","136621314.25","'-46925153.63","83608671.89","133141935.92","'-49533264.03","5","300","300","3187","D","P","4","10.3.1.5","2025","4","2025","3","09","30"
"2025-09-30","57118589","57118601","Housing for the Elderly or Handicapped Fund, Liquidating Account","26027.52","6591909.44","'-6565881.92","597276.90","60852166.38","'-60254889.48","1780848.89","71223849.41","'-69443000.52","5","301","301","3189","D","P","4","10.3.1.6","2025","4","2025","3","09","30"
"2025-09-30","57118587","57118603","HUD Project-Based Rental Assistance","1517060476.43","null","1517060476.43","17150652743.55","null","17150652743.55","15634259761.27","null","15634259761.27","5","302","302","14220","D","P","3","10.3.2","2025","4","2025","3","09","30"
"2025-09-30","57118587","57118605","Home Ownership Preservation Equity Fund","null","null","null","214974.37","null","214974.37","1195705.65","null","1195705.65","5","303","303","3190","D","P","3","10.3.3","2025","4","2025","3","09","30"
"2025-09-30","57118587","57118609","Housing for Persons with Disabilities","25433074.98","null","25433074.98","269183482.81","null","269183482.81","236534769.59","null","236534769.59","5","305","305","3192","D","P","3","10.3.5","2025","4","2025","3","09","30"
"2025-09-30","57118587","57118611","Other Assisted Housing Programs","1007609.03","null","1007609.03","36733228.98","null","36733228.98","35206860.02","null","35206860.02","5","306","306","3193","D","P","3","10.3.6","2025","4","2025","3","09","30"
"2025-09-30","57118587","57118613","Other","6068485.27","486659.28","5581825.99","85210684.00","13784173.46","71426510.54","63710967.61","22411189.19","41299778.42","5","307","307","3194","D","P","3","10.3.7","2025","4","2025","3","09","30"
"2025-09-30","57118587","57118615","Total--Housing Programs","483377121.24","10013427.98","473363693.26","'-11502753692.33","214222143.51","'-11716975835.84","'-5591863042.41","230192548.05","'-5822055590.46","5","308","308","3195","T","B","3","10.3.8","2025","4","2025","3","09","30"
"2025-09-30","57118549","57118617","Government National Mortgage Association:","null","null","null","null","null","null","null","null","null","5","309","309","3196","S","B","2","10.4","2025","4","2025","3","09","30"
"2025-09-30","57118617","57118619","Guarantees of Mortgage-Backed Securities","'-2075807858.16","475202.40","'-2076283060.56","'-4025211548.33","5615066.09","'-4030826614.42","'-1657504497.54","7162658.72","'-1664667156.26","5","310","310","3197","D","P","3","10.4.1","2025","4","2025","3","09","30"
"2025-09-30","57118549","57118621","Management and Administration","242860039.70","null","242860039.70","2414273716.46","null","2414273716.46","2355084977.16","null","2355084977.16","5","311","311","3260","D","B","2","10.5","2025","4","2025","3","09","30"
"2025-09-30","57118549","57118623","Other","77726940.00","null","77726940.00","413683683.99","null","413683683.99","395697332.40","null","395697332.40","5","312","312","3265","D","P","2","10.6","2025","4","2025","3","09","30"
"2025-09-30","57118549","57118625","Proprietary Receipts from the Public:","null","null","null","null","null","null","null","null","null","5","313","313","3275","S","P","2","10.7","2025","4","2025","3","09","30"
"2025-09-30","57118625","57118629","FHA-General and Special Risk Fund","null","89121259.86","'-89121259.86","null","1869697456.26","'-1869697456.26","null","2206725885.73","'-2206725885.73","5","314","314","3280","D","P","3","10.7.1","2025","4","2025","3","09","30"
"2025-09-30","57118625","57118631","Other","null","'-2761740.61","2761740.61","null","252595221.24","'-252595221.24","null","226969078.71","'-226969078.71","5","315","315","3281","D","P","3","10.7.2","2025","4","2025","3","09","30"
"2025-09-30","57118549","57118633","Intrabudgetary Transactions","'-524364.88","null","'-524364.88","'-5191133.95","null","'-5191133.95","'-3750346.29","null","'-3750346.29","5","316","316","3282","D","P","2","10.8","2025","4","2025","3","09","30"
"2025-09-30","57118549","57118635","Offsetting Governmental Receipts","null","1371100.00","'-1371100.00","null","16770500.00","'-16770500.00","null","15680600.00","'-15680600.00","5","317","317","3285","D","P","2","10.9","2025","4","2025","3","09","30"
"2025-09-30","57118549","57118637","Total--Department of Housing and Urban Development","4434187585.25","98219249.63","4335968335.62","52891777503.78","2358900387.10","50532877116.68","54663118544.53","2686735136.21","51976383408.32","5","318","318","3286","T","C","2","10.10","2025","4","2025","3","09","30"
"2025-09-30","57118639","57118641","Land and Minerals Management:","null","null","null","null","null","null","null","null","null","5","320","320","3288","S","BG","2","11.1","2025","4","2025","3","09","30"
"2025-09-30","57118641","57118642","Bureau of Land Management:","null","null","null","null","null","null","null","null","null","5","321","321","3289","S","B","3","11.1.1","2025","4","2025","3","09","30"
"2025-09-30","57118642","57118644","Management of Lands and Resources","263640700.48","null","263640700.48","1446448955.53","null","1446448955.53","1406280555.61","null","1406280555.61","5","322","322","3301","D","P","4","11.1.1.1","2025","4","2025","3","09","30"
"2025-09-30","57118642","57118646","Other","17850494.76","4938263.67","12912231.09","435310287.87","52183924.98","383126362.89","463868603.66","480026060.62","'-16157456.96","5","323","323","3315","D","P","4","11.1.1.2","2025","4","2025","3","09","30"
"2025-09-30","57118641","57118648","Bureau of Ocean Energy Management","31590346.22","null","31590346.22","183108115.93","null","183108115.93","168681368.10","null","168681368.10","5","324","324","3317","D","B","3","11.1.2","2025","4","2025","3","09","30"
"2025-09-30","57118641","57118650","Office of Surface Mining Reclamation and Enforcement","812121937.36","null","812121937.36","2073491267.94","null","2073491267.94","1925014008.03","null","1925014008.03","5","325","325","3319","D","B","3","11.1.3","2025","4","2025","3","09","30"
"2025-09-30","57118641","57118652","Total--Land and Minerals Management","1125203478.82","4938263.67","1120265215.15","4138358627.27","52183924.98","4086174702.29","3963844535.40","480026060.62","3483818474.78","5","326","326","3320","T","BG","3","11.1.4","2025","4","2025","3","09","30"
"2025-09-30","57118654","57118656","Bureau of Reclamation:","null","null","null","null","null","null","null","null","null","5","328","328","3324","S","B","3","11.2.1","2025","4","2025","3","09","30"
"2025-09-30","57118656","57118658","Water and Related Resources","307520050.91","null","307520050.91","3017524394.19","null","3017524394.19","2445298799.44","null","2445298799.44","5","329","329","3333","D","P","4","11.2.1.1","2025","4","2025","3","09","30"
"2025-09-30","57118656","57118660","Other","157524118.56","2974636.14","154549482.42","937140672.05","197336552.62","739804119.43","522149300.94","211912051.86","310237249.08","5","330","330","3335","D","P","4","11.2.1.2","2025","4","2025","3","09","30"
"2025-09-30","57118654","57118662","Central Utah Project","1000808.35","null","1000808.35","29397892.17","null","29397892.17","27371733.27","null","27371733.27","5","331","331","3343","D","B","3","11.2.2","2025","4","2025","3","09","30"
"2025-09-30","57118654","57118664","United States Geological Survey","171358389.62","null","171358389.62","1627272756.56","null","1627272756.56","1559537636.09","null","1559537636.09","5","332","332","3337","D","B","3","11.2.3","2025","4","2025","3","09","30"
"2025-09-30","57118654","57118666","Total--Water and Science","637403367.44","2974636.14","634428731.30","5611335714.97","197336552.62","5413999162.35","4554357469.74","211912051.86","4342445417.88","5","333","333","3344","T","BG","3","11.2.4","2025","4","2025","3","09","30"
"2025-09-30","57118669","57118671","United States Fish and Wildlife Service","358433042.70","null","358433042.70","3841220509.87","null","3841220509.87","3717477689.22","null","3717477689.22","5","335","335","3350","D","B","3","11.3.1","2025","4","2025","3","09","30"
"2025-09-30","57118669","57118673","National Park Service","530928401.20","171277.46","530757123.74","4784599941.56","1382184.04","4783217757.52","4522205198.88","1155427.92","4521049770.96","5","336","336","3355","D","B","3","11.3.2","2025","4","2025","3","09","30"
"2025-09-30","57118669","57118675","Total--Fish and Wildlife and Parks","889361443.90","171277.46","889190166.44","8625820451.43","1382184.04","8624438267.39","8239682888.10","1155427.92","8238527460.18","5","337","337","3360","T","BG","3","11.3.3","2025","4","2025","3","09","30"
"2025-09-30","57118677","57118679","Bureau of Indian Affairs and Bureau of Indian Education","423408678.14","null","423408678.14","3272914655.67","186384.17","3272728271.50","2781285632.09","162408.06","2781123224.03","5","339","339","3410","D","B","3","11.4.1","2025","4","2025","3","09","30"
"2025-09-30","57118677","57118681","Total--Indian Affairs","423408678.14","null","423408678.14","3272914655.67","186384.17","3272728271.50","2781285632.09","162408.06","2781123224.03","5","340","340","14250","T","BG","3","11.4.2","2025","4","2025","3","09","30"
"2025-09-30","57118683","57118689","Other","21340973.87","null","21340973.87","738281266.56","null","738281266.56","792576184.79","null","792576184.79","5","343","343","3414","D","P","3","11.5.2","2025","4","2025","3","09","30"
"2025-09-30","57118683","57118691","Insular Affairs","328015811.76","null","328015811.76","1167373024.30","null","1167373024.30","1259862771.92","null","1259862771.92","5","344","344","3415","D","B","3","11.5.3","2025","4","2025","3","09","30"
"2025-09-30","57118683","57118692","Office of the Special Trustee for American Indians","44518324.43","null","44518324.43","271179164.82","null","271179164.82","313889768.40","null","313889768.40","5","345","345","3418","D","B","3","11.5.4","2025","4","2025","3","09","30"
"2025-09-30","57118683","57118694","Department-Wide Programs","826202362.72","null","826202362.72","5174793921.29","null","5174793921.29","2895029632.54","null","2895029632.54","5","346","346","3419","D","B","3","11.5.5","2025","4","2025","3","09","30"
"2025-09-30","57118683","57118696","Total--Departmental Offices","1525420726.62","null","1525420726.62","10984277166.85","null","10984277166.85","9102892368.92","null","9102892368.92","5","347","347","14263","T","BG","3","11.5.6","2025","4","2025","3","09","30"
"2025-09-30","57118639","57118698","Other","212476497.22","null","212476497.22","1854446021.73","null","1854446021.73","1682660361.59","null","1682660361.59","5","348","348","3420","D","P","2","11.6","2025","4","2025","3","09","30"
"2025-09-30","57118639","57118700","Proprietary Receipts from the Public","null","1179129946.06","'-1179129946.06","null","10368446350.67","'-10368446350.67","null","11020600390.15","'-11020600390.15","5","349","349","3427","D","P","2","11.7","2025","4","2025","3","09","30"
"2025-09-30","57118639","57118702","Intrabudgetary Transactions","'-144877747.38","null","'-144877747.38","'-1452378372.25","13131294.00","'-1465509666.25","'-1517179571.23","8278955.23","'-1525458526.46","5","350","350","3428","D","P","2","11.8","2025","4","2025","3","09","30"
"2025-09-30","57118639","57118704","Total--Department of the Interior","4668396444.76","1187214123.33","3481182321.43","33034774265.67","10632666690.48","22402107575.19","28807543684.61","11722135293.84","17085408390.77","5","351","351","3430","T","C","2","11.9","2025","4","2025","3","09","30"
"2025-09-30","57118706","57118708","General Administration","'-3460633.32","null","'-3460633.32","1334716792.14","null","1334716792.14","1435759053.90","null","1435759053.90","5","353","353","3485","D","B","2","12.1","2025","4","2025","3","09","30"
"2025-09-30","57118706","57118710","Legal Activities and U.S. Marshals:","null","null","null","null","null","null","null","null","null","5","354","354","3490","S","B","2","12.2","2025","4","2025","3","09","30"
"2025-09-30","57118710","57118712","General Legal Activities","321894239.23","null","321894239.23","4814451958.93","null","4814451958.93","3592976573.83","null","3592976573.83","5","355","355","3491","D","P","3","12.2.1","2025","4","2025","3","09","30"
"2025-09-30","57118710","57118715","United States Attorneys","298258918.32","null","298258918.32","2521713037.06","null","2521713037.06","2668985737.74","null","2668985737.74","5","356","356","3492","D","P","3","12.2.2","2025","4","2025","3","09","30"
"2025-09-30","57118710","57118717","United States Marshals Service","193107851.27","null","193107851.27","1765537807.06","null","1765537807.06","1830769015.00","null","1830769015.00","5","357","357","3501","D","P","3","12.2.3","2025","4","2025","3","09","30"
"2025-09-30","57118710","57118719","Assets Forfeiture Fund","173230191.15","null","173230191.15","1701257790.33","null","1701257790.33","1659651768.91","null","1659651768.91","5","358","358","3504","D","P","3","12.2.4","2025","4","2025","3","09","30"
"2025-09-30","57118706","57118723","Federal Bureau of Investigation","1344191649.53","null","1344191649.53","11172602884.74","null","11172602884.74","11414461695.20","null","11414461695.20","5","360","360","3510","D","B","2","12.3","2025","4","2025","3","09","30"
"2025-09-30","57118706","57118725","Drug Enforcement Administration","372915785.20","null","372915785.20","3230614792.75","null","3230614792.75","3239775504.09","null","3239775504.09","5","361","361","3517","D","B","2","12.4","2025","4","2025","3","09","30"
"2025-09-30","57118706","57118727","Bureau of Alcohol, Tobacco, Firearms, and Explosives","192870072.84","null","192870072.84","1737466490.15","null","1737466490.15","1751314242.59","null","1751314242.59","5","362","362","3518","D","B","2","12.5","2025","4","2025","3","09","30"
"2025-09-30","57118706","57118729","Federal Prison System","1001740265.67","21396706.37","980343559.30","9529540002.62","395327694.39","9134212308.23","9505997633.68","449884823.99","9056112809.69","5","363","363","3520","D","B","2","12.6","2025","4","2025","3","09","30"
"2025-09-30","57118731","57118733","State and Local Law Enforcement Assistance","123124542.90","null","123124542.90","2334764722.67","null","2334764722.67","1922721636.00","null","1922721636.00","5","365","365","3527","D","P","3","12.7.1","2025","4","2025","3","09","30"
"2025-09-30","57118731","57118735","Community Oriented Policing Services","39012248.70","null","39012248.70","604888381.26","null","604888381.26","425245205.18","null","425245205.18","5","366","366","3528","D","P","3","12.7.2","2025","4","2025","3","09","30"
"2025-09-30","57118731","57118737","Crime Victims Fund","174921249.08","null","174921249.08","1945598857.03","null","1945598857.03","2112654858.83","null","2112654858.83","5","367","367","3529","D","P","3","12.7.3","2025","4","2025","3","09","30"
"2025-09-30","57118731","57118739","Other","189017516.62","null","189017516.62","1236266315.26","null","1236266315.26","1491858585.01","null","1491858585.01","5","368","368","3530","D","P","3","12.7.4","2025","4","2025","3","09","30"
"2025-09-30","57118706","57118741","Other","426542504.66","null","426542504.66","1059655204.08","null","1059655204.08","818777528.45","null","818777528.45","5","369","369","3535","D","P","2","12.8","2025","4","2025","3","09","30"
"2025-09-30","57118706","57118743","Proprietary Receipts from the Public","null","35681255.15","'-35681255.15","null","752180235.27","'-752180235.27","null","412054912.21","'-412054912.21","5","370","370","3540","D","P","2","12.9","2025","4","2025","3","09","30"
"2025-09-30","57118706","57118744","Intrabudgetary Transactions","'-341237149.73","null","'-341237149.73","'-753989124.20","null","'-753989124.20","'-904073437.03","null","'-904073437.03","5","371","371","3545","D","P","2","12.10","2025","4","2025","3","09","30"
"2025-09-30","57118706","57118746","Offsetting Governmental Receipts","null","63975699.79","'-63975699.79","null","895543259.45","'-895543259.45","null","860283962.04","'-860283962.04","5","372","372","3546","D","P","2","12.11","2025","4","2025","3","09","30"
"2025-09-30","57118706","57118748","Total--Department of Justice","4757826084.24","121053661.31","4636772422.93","46990720881.53","2043051189.11","44947669692.42","45717597945.70","1722223698.24","43995374247.46","5","373","373","3549","T","C","2","12.12","2025","4","2025","3","09","30"
"2025-09-30","57118752","57118754","Training and Employment Services","'-1849366961.00","null","'-1849366961.00","1800966761.72","null","1800966761.72","3951979485.04","null","3951979485.04","5","376","376","3601","D","P","3","13.1.1","2025","4","2025","3","09","30"
"2025-09-30","57118752","57118758","Community Service Employment for Older Americans","10605059.25","null","10605059.25","336702379.92","null","336702379.92","402181283.71","null","402181283.71","5","378","378","3603","D","P","3","13.1.3","2025","4","2025","3","09","30"
"2025-09-30","57118752","57118760","Federal Unemployment Benefits and Allowances","2696830.63","null","2696830.63","35021480.11","null","35021480.11","103874022.39","null","103874022.39","5","379","379","3607","D","P","3","13.1.4","2025","4","2025","3","09","30"
"2025-09-30","57118752","57118762","Federal Additional Unemployment Compensation Program-Recovery Act","6240559.08","null","6240559.08","'-67564935.13","null","'-67564935.13","'-2164130669.17","null","'-2164130669.17","5","380","380","3609","D","P","3","13.1.5","2025","4","2025","3","09","30"
"2025-09-30","57118752","57118764","State Unemployment Insurance and Employment Service Operations","'-94111889.81","null","'-94111889.81","320238085.83","null","320238085.83","'-521922849.69","null","'-521922849.69","5","381","381","3612","D","P","3","13.1.6","2025","4","2025","3","09","30"
"2025-09-30","57118752","57118766","Payments to the Unemployment Trust Fund","'-342171213.00","null","'-342171213.00","'-4619259562.01","null","'-4619259562.01","'-2596746234.91","null","'-2596746234.91","5","382","382","3613","D","P","3","13.1.7","2025","4","2025","3","09","30"
"2025-09-30","57118752","57118770","Program Administration","20975879.86","null","20975879.86","130824361.61","null","130824361.61","130071636.40","null","130071636.40","5","383","383","3618","D","P","3","13.1.8","2025","4","2025","3","09","30"
"2025-09-30","57118774","57118776","State Unemployment Benefits","2697050640.67","null","2697050640.67","38022945769.30","null","38022945769.30","36610532598.08","null","36610532598.08","5","386","386","3625","D","P","5","13.1.9.1.1","2025","4","2025","3","09","30"
"2025-09-30","57118772","57118778","State Administrative Expenses","390873111.62","null","390873111.62","3981873111.62","null","3981873111.62","4716838931.87","null","4716838931.87","5","387","387","3630","D","P","4","13.1.9.2","2025","4","2025","3","09","30"
"2025-09-30","57118772","57118780","Federal Administrative Expenses","28398598.86","null","28398598.86","496934994.41","null","496934994.41","503171890.17","null","503171890.17","5","388","388","3635","D","P","4","13.1.9.3","2025","4","2025","3","09","30"
"2025-09-30","57118772","57118786","Total--Unemployment Trust Fund","3564881175.15","null","3564881175.15","42985978931.40","null","42985978931.40","42373081145.16","null","42373081145.16","5","390","390","3652","T","P","4","13.1.9.5","2025","4","2025","3","09","30"
"2025-09-30","57118752","57118788","Other","239257118.00","null","239257118.00","4714524135.13","null","4714524135.13","2619972683.15","null","2619972683.15","5","391","391","3653","D","P","3","13.1.10","2025","4","2025","3","09","30"
"2025-09-30","57118752","57118790","Total--Employment and Training Administration","1720224607.03","null","1720224607.03","47488050409.98","null","47488050409.98","46161295615.16","null","46161295615.16","5","392","392","3654","T","B","3","13.1.11","2025","4","2025","3","09","30"
"2025-09-30","57118750","57118792","Pension Benefit Guaranty Corporation","1067034443.63","7160155959.68","'-6093121516.05","13284381153.62","17201563105.22","'-3917181951.60","21716818238.65","9767128988.62","11949689250.03","5","393","393","3662","D","B","2","13.2","2025","4","2025","3","09","30"
"2025-09-30","57118796","57118798","Special Benefits","282250290.61","null","282250290.61","1012494831.87","null","1012494831.87","1144726675.96","null","1144726675.96","5","395","395","3670","D","P","3","13.3.1","2025","4","2025","3","09","30"
"2025-09-30","57118796","57118800","Energy Employees Occupational Illness Compensation Fund","237122354.82","null","237122354.82","3084061361.81","null","3084061361.81","2692762124.30","null","2692762124.30","5","396","396","3672","D","P","3","13.3.2","2025","4","2025","3","09","30"
"2025-09-30","57118796","57118802","Special Benefits for Disabled Coal Miners","2762991.59","null","2762991.59","35429802.64","null","35429802.64","40705992.23","null","40705992.23","5","397","397","3673","D","P","3","13.3.3","2025","4","2025","3","09","30"
"2025-09-30","57118796","57118804","Black Lung Disability Trust Fund","280097730.42","null","280097730.42","482000633.78","null","482000633.78","440246712.69","null","440246712.69","5","398","398","3674","D","P","3","13.3.4","2025","4","2025","3","09","30"
"2025-09-30","57118796","57118806","Other","41257158.65","null","41257158.65","358731804.74","null","358731804.74","354802715.75","null","354802715.75","5","399","399","3675","D","P","3","13.3.5","2025","4","2025","3","09","30"
"2025-09-30","57118750","57118808","Wage and Hour Division","39991244.51","null","39991244.51","314425575.55","null","314425575.55","317666258.65","null","317666258.65","5","400","400","3677","D","B","2","13.4","2025","4","2025","3","09","30"
"2025-09-30","57118750","57118810","Occupational Safety and Health Administration","60184815.41","null","60184815.41","628010998.62","null","628010998.62","663716000.48","null","663716000.48","5","401","401","3680","D","B","2","13.5","2025","4","2025","3","09","30"
"2025-09-30","57118750","57118812","Mine Safety and Health Administration","38430476.93","null","38430476.93","384860942.06","null","384860942.06","395131038.01","null","395131038.01","5","402","402","3682","D","B","2","13.6","2025","4","2025","3","09","30"
"2025-09-30","57118750","57118814","Bureau of Labor Statistics","87695533.04","null","87695533.04","691703013.88","null","691703013.88","677591753.13","null","677591753.13","5","403","403","3685","D","B","2","13.7","2025","4","2025","3","09","30"
"2025-09-30","57118750","57118816","Departmental Management","63058959.14","null","63058959.14","608594904.33","null","608594904.33","732194146.07","null","732194146.07","5","404","404","3687","D","B","2","13.8","2025","4","2025","3","09","30"
"2025-09-30","57118750","57118820","Proprietary Receipts from the Public","null","784792730.15","'-784792730.15","null","794143226.47","'-794143226.47","null","660907004.62","'-660907004.62","5","406","406","3698","D","P","2","13.10","2025","4","2025","3","09","30"
"2025-09-30","57118750","57118822","Intrabudgetary Transactions","43859090.19","null","43859090.19","'-396514530.08","null","'-396514530.08","'-283208116.38","null","'-283208116.38","5","407","407","3699","D","P","2","13.11","2025","4","2025","3","09","30"
"2025-09-30","57118750","57118824","Total--Department of Labor","4021655815.36","7944948689.83","'-3923292874.47","68378771173.02","17995706331.69","50383064841.33","75468178966.68","10428035993.24","65040142973.44","5","408","408","3700","T","C","2","13.12","2025","4","2025","3","09","30"
"2025-09-30","57118828","57118830","Diplomatic and Consular Programs","1097080203.87","null","1097080203.87","9988770366.37","null","9988770366.37","10453386246.49","null","10453386246.49","5","411","411","3755","D","P","3","14.1.1","2025","4","2025","3","09","30"
"2025-09-30","57118828","57118832","Educational and Cultural Exchange Programs","56617183.42","null","56617183.42","821613406.74","null","821613406.74","811329156.72","null","811329156.72","5","412","412","3758","D","P","3","14.1.2","2025","4","2025","3","09","30"
"2025-09-30","57118828","57118834","Embassy Security, Construction, and Maintenance","257785656.50","null","257785656.50","1860723815.64","null","1860723815.64","1810521202.82","null","1810521202.82","5","413","413","3760","D","P","3","14.1.3","2025","4","2025","3","09","30"
"2025-09-30","57118828","57118836","Payment to Foreign Service Retirement and Disability Fund","570815620.00","null","570815620.00","655700000.00","null","655700000.00","609200000.00","null","609200000.00","5","414","414","3765","D","P","3","14.1.4","2025","4","2025","3","09","30"
"2025-09-30","57118828","57118838","Foreign Service Retirement and Disability Fund","104256366.41","null","104256366.41","1229413019.66","null","1229413019.66","1188753572.64","null","1188753572.64","5","415","415","3770","D","P","3","14.1.5","2025","4","2025","3","09","30"
"2025-09-30","57118828","57118840","Other","380064676.44","null","380064676.44","6074490019.18","null","6074490019.18","5305560008.79","null","5305560008.79","5","416","416","3775","D","P","3","14.1.6","2025","4","2025","3","09","30"
"2025-09-30","57118828","57118842","Total--Administration of Foreign Affairs","2466619706.64","null","2466619706.64","20630710627.59","null","20630710627.59","20178750187.46","null","20178750187.46","5","417","417","3776","T","B","3","14.1.7","2025","4","2025","3","09","30"
"2025-09-30","57118826","57118844","International Organizations and Conferences","4656562.00","null","4656562.00","453764846.41","null","453764846.41","3365939630.31","null","3365939630.31","5","418","418","3780","D","B","2","14.2","2025","4","2025","3","09","30"
"2025-09-30","57118826","57118846","Global Health and Child Survival","360426087.78","null","360426087.78","7469147572.03","null","7469147572.03","10848212740.67","null","10848212740.67","5","419","419","3785","D","P","2","14.3","2025","4","2025","3","09","30"
"2025-09-30","57118826","57118848","Migration and Refugee Assistance","79617208.99","null","79617208.99","3245507260.26","null","3245507260.26","6454966916.43","null","6454966916.43","5","420","420","3790","D","P","2","14.4","2025","4","2025","3","09","30"
"2025-09-30","57118826","57118850","International Narcotics Control and Law Enforcement","124236744.96","null","124236744.96","1427498436.54","null","1427498436.54","1850529772.37","null","1850529772.37","5","421","421","3792","D","P","2","14.5","2025","4","2025","3","09","30"
"2025-09-30","57118826","57118852","Andean Counterdrug Programs","null","null","null","52.99","null","52.99","'-522.71","null","'-522.71","5","422","422","3793","D","P","2","14.6","2025","4","2025","3","09","30"
"2025-09-30","57118826","57118854","Other","138946572.26","null","138946572.26","1841658687.69","null","1841658687.69","631860485.52","null","631860485.52","5","423","423","3795","D","P","2","14.7","2025","4","2025","3","09","30"
"2025-09-30","57118826","57118856","Proprietary Receipts from the Public","null","519450707.21","'-519450707.21","null","5918132789.25","'-5918132789.25","null","5590102433.45","'-5590102433.45","5","424","424","3797","D","P","2","14.8","2025","4","2025","3","09","30"
"2025-09-30","57118826","57118858","Intrabudgetary Transactions","'-485076977.63","null","'-485076977.63","'-787843782.72","null","'-787843782.72","'-723020799.84","null","'-723020799.84","5","425","425","3798","D","P","2","14.9","2025","4","2025","3","09","30"
"2025-09-30","57118826","57118860","Total--Department of State","2689425905.00","519450707.21","2169975197.79","34280443700.79","5918132789.25","28362310911.54","42607238410.21","5590102433.45","37017135976.76","5","426","426","3800","T","C","2","14.10","2025","4","2025","3","09","30"
"2025-09-30","57118862","57118864","Office of the Secretary","628339307.66","null","628339307.66","2741888170.70","null","2741888170.70","3124650437.74","null","3124650437.74","5","428","428","3804","D","B","2","15.1","2025","4","2025","3","09","30"
"2025-09-30","57118862","57118868","Federal Aviation Administration:","null","null","null","null","null","null","null","null","null","5","429","429","3821","S","B","2","15.2","2025","4","2025","3","09","30"
"2025-09-30","57118868","57118870","Operations","1578758769.01","null","1578758769.01","1219619173.45","null","1219619173.45","947048285.59","null","947048285.59","5","430","430","3825","D","P","3","15.2.1","2025","4","2025","3","09","30"
"2025-09-30","57118868","57118872","Airport and Airway Trust Fund:","null","null","null","null","null","null","null","null","null","5","431","431","3828","S","P","3","15.2.2","2025","4","2025","3","09","30"
"2025-09-30","57118872","57118874","Grants-In-Aid for Airports","465030403.23","null","465030403.23","3740682533.57","null","3740682533.57","4068572092.05","null","4068572092.05","5","432","432","3831","D","P","4","15.2.2.1","2025","4","2025","3","09","30"
"2025-09-30","57118872","57118876","Facilities and Equipment","397478644.93","null","397478644.93","3200232500.85","null","3200232500.85","3086290946.54","null","3086290946.54","5","433","433","3835","D","P","4","15.2.2.2","2025","4","2025","3","09","30"
"2025-09-30","57118872","57118878","Research, Engineering, and Development","21406061.13","null","21406061.13","224905333.76","null","224905333.76","234660734.59","null","234660734.59","5","434","434","3888","D","P","4","15.2.2.3","2025","4","2025","3","09","30"
"2025-09-30","57118872","57118880","Trust Fund Share of FAA Operations","null","null","null","12513425519.00","null","12513425519.00","11672874793.00","null","11672874793.00","5","435","435","3891","D","P","4","15.2.2.4","2025","4","2025","3","09","30"
"2025-09-30","57118872","57118882","Total--Airport and Airway Trust Fund","883915109.29","null","883915109.29","19679245887.18","null","19679245887.18","19062398566.18","null","19062398566.18","5","436","436","3893","T","P","4","15.2.2.5","2025","4","2025","3","09","30"
"2025-09-30","57118868","57118884","Other","470803729.59","33872881.19","436930848.40","4064240591.36","157332460.51","3906908130.85","3180391991.36","93436661.34","3086955330.02","5","437","437","3896","D","P","3","15.2.3","2025","4","2025","3","09","30"
"2025-09-30","57118868","57118886","Total--Federal Aviation Administration","2933477607.89","33872881.19","2899604726.70","24963105651.99","157332460.51","24805773191.48","23189838843.13","93436661.34","23096402181.79","5","438","438","3899","T","B","3","15.2.4","2025","4","2025","3","09","30"
"2025-09-30","57118889","57118891","Federal-Aid Highways","7449165651.59","null","7449165651.59","56025434990.64","null","56025434990.64","53665888798.13","null","53665888798.13","5","441","441","3912","D","P","4","15.3.1.1","2025","4","2025","3","09","30"
"2025-09-30","57118889","57118893","Other","54033.25","null","54033.25","13060904.93","null","13060904.93","2807497.23","null","2807497.23","5","442","442","3917","D","P","4","15.3.1.2","2025","4","2025","3","09","30"
"2025-09-30","57118888","57118897","Other Programs","1152677999.29","null","1152677999.29","8994081398.45","null","8994081398.45","7454427185.05","null","7454427185.05","5","443","443","3927","D","P","3","15.3.2","2025","4","2025","3","09","30"
"2025-09-30","57118888","57118899","Total--Federal Highway Administration","8601897684.13","null","8601897684.13","65032577294.02","null","65032577294.02","61123123480.41","null","61123123480.41","5","444","444","3935","T","B","3","15.3.3","2025","4","2025","3","09","30"
"2025-09-30","57118862","57118901","Federal Motor Carrier Safety Administration","85519912.37","null","85519912.37","1005856350.72","null","1005856350.72","891809244.99","null","891809244.99","5","445","445","3937","D","B","2","15.4","2025","4","2025","3","09","30"
"2025-09-30","57118862","57118903","National Highway Traffic Safety Administration","136802756.69","null","136802756.69","1485740957.92","null","1485740957.92","1378102294.16","null","1378102294.16","5","446","446","3940","D","B","2","15.5","2025","4","2025","3","09","30"
"2025-09-30","57118905","57118909","Capital and Debt Service Grants to the National Railroad Passenger Corporation","null","null","null","null","null","null","76352.23","null","76352.23","5","448","448","3953","D","P","3","15.6.1","2025","4","2025","3","09","30"
"2025-09-30","57118905","57118915","Total--Federal Railroad Administration","1680093372.46","null","1680093372.46","6491462390.61","null","6491462390.61","3875290395.35","null","3875290395.35","5","450","450","3958","T","B","3","15.6.3","2025","4","2025","3","09","30"
"2025-09-30","57118862","57118918","Federal Transit Administration:","null","null","null","null","null","null","null","null","null","5","451","451","3960","S","B","2","15.7","2025","4","2025","3","09","30"
"2025-09-30","57118918","57118921","Formula Grants","800042.00","null","800042.00","1341369.00","null","1341369.00","199650.00","null","199650.00","5","452","452","3963","D","P","3","15.7.1","2025","4","2025","3","09","30"
"2025-09-30","57118918","57118924","Capital Investment Grants","235937739.15","null","235937739.15","2598306140.77","null","2598306140.77","2552815234.61","null","2552815234.61","5","453","453","3965","D","P","3","15.7.2","2025","4","2025","3","09","30"
"2025-09-30","57118918","57118927","Transit Formula Grants","3377658890.90","null","3377658890.90","16234354761.23","null","16234354761.23","13685737905.02","null","13685737905.02","5","454","454","3970","D","P","3","15.7.3","2025","4","2025","3","09","30"
"2025-09-30","57118918","57118933","Other","790914099.99","null","790914099.99","6513336886.35","null","6513336886.35","7175921795.28","null","7175921795.28","5","455","455","3974","D","P","3","15.7.4","2025","4","2025","3","09","30"
"2025-09-30","57118918","57118937","Total--Federal Transit Administration","4405310772.04","null","4405310772.04","25347339157.35","null","25347339157.35","23414674584.91","null","23414674584.91","5","456","456","3975","T","B","3","15.7.5","2025","4","2025","3","09","30"
"2025-09-30","57118862","57118940","Maritime Administration","142859129.36","1001659.88","141857469.48","1003223172.90","9930466.14","993292706.76","1029463523.01","7394996.55","1022068526.46","5","457","457","3977","D","B","2","15.8","2025","4","2025","3","09","30"
"2025-09-30","57118862","57118942","Other","5573176.48","158521.14","5414655.34","589512479.31","44064144.79","545448334.52","505453928.31","42000685.08","463453243.23","5","458","458","3980","D","P","2","15.9","2025","4","2025","3","09","30"
"2025-09-30","57118862","57118945","Proprietary Receipts from the Public","null","250867600.85","'-250867600.85","null","675376268.51","'-675376268.51","null","808971290.54","'-808971290.54","5","459","459","3990","D","P","2","15.10","2025","4","2025","3","09","30"
"2025-09-30","57118862","57118948","Intrabudgetary Transactions:","null","null","null","null","null","null","null","null","null","5","460","460","3995","S","P","2","15.11","2025","4","2025","3","09","30"
"2025-09-30","57118948","57118954","Other","'-839165.71","null","'-839165.71","'-8511236.70","null","'-8511236.70","'-1616142.44","null","'-1616142.44","5","461","461","3998","D","P","3","15.11.1","2025","4","2025","3","09","30"
"2025-09-30","57118862","57118957","Offsetting Governmental Receipts","null","111758.46","'-111758.46","null","182709591.12","'-182709591.12","null","189528309.73","'-189528309.73","5","462","462","3999","D","P","2","15.12","2025","4","2025","3","09","30"
"2025-09-30","57118862","57118960","Total--Department of Transportation","18619034553.37","286012421.52","18333022131.85","128652194388.82","1069412931.07","127582781457.75","118530790589.57","1141331943.24","117389458646.33","5","463","463","4000","T","C","2","15.13","2025","4","2025","3","09","30"
"2025-09-30","null","57118963","Department of the Treasury:","null","null","null","null","null","null","null","null","null","5","464","464","4002","S","C","1","16","2025","4","2025","3","09","30"
"2025-09-30","57118966","57118975","Housing and Economic Recovery Programs","null","null","null","2284917.67","null","2284917.67","1258058.97","null","1258058.97","5","467","467","4054","D","P","3","16.1.2","2025","4","2025","3","09","30"
"2025-09-30","57118966","57118981","ESF - Economic Stabilization Program","27749.70","null","27749.70","20420580.37","null","20420580.37","10433988.20","null","10433988.20","5","468","468","14512","D","P","3","16.1.3","2025","4","2025","3","09","30"
"2025-09-30","57118966","57118984","Air Carrier Worker Support","'-76907.15","null","'-76907.15","'-8797182.72","null","'-8797182.72","1227344.00","null","1227344.00","5","469","469","14513","D","P","3","16.1.4","2025","4","2025","3","09","30"
"2025-09-30","57118966","57118987","Coronavirus Relief Fund","151383658.96","null","151383658.96","1462416669.21","null","1462416669.21","602240049.76","null","602240049.76","5","470","470","14514","D","P","3","16.1.5","2025","4","2025","3","09","30"
"2025-09-30","57118966","57118989","Emergency Capital Investment Program","3013871.13","null","3013871.13","157223276.31","null","157223276.31","321211105.97","null","321211105.97","5","471","471","14588","D","P","3","16.1.6","2025","4","2025","3","09","30"
"2025-09-30","57118966","57118992","Emergency Rental Assistance","'-943908.56","null","'-943908.56","'-102803607.38","null","'-102803607.38","'-385454162.29","null","'-385454162.29","5","472","472","14589","D","P","3","16.1.7","2025","4","2025","3","09","30"
"2025-09-30","57118966","57118995","Transportation Services","'-5077.22","null","'-5077.22","'-9205.38","null","'-9205.38","22508746.32","null","22508746.32","5","473","473","14590","D","P","3","16.1.8","2025","4","2025","3","09","30"
"2025-09-30","57118966","57118998","Other","48191190.31","null","48191190.31","4828311120.97","null","4828311120.97","3253055095.92","null","3253055095.92","5","474","474","4056","D","P","3","16.1.9","2025","4","2025","3","09","30"
"2025-09-30","57119001","57119028","Payment to the Resolution Funding Corporation","null","null","null","919663271.34","null","919663271.34","919663271.33","null","919663271.33","5","476","476","4072","D","P","3","16.2.1","2025","4","2025","3","09","30"
"2025-09-30","57119001","57119030","Financial Agent Services","130412965.17","null","130412965.17","1608828774.03","null","1608828774.03","1336978007.19","null","1336978007.19","5","477","477","4076","D","P","3","16.2.2","2025","4","2025","3","09","30"
"2025-09-30","57119001","57119033","Interest Paid to Credit Financing Accounts","12355544647.71","null","12355544647.71","12355544647.71","null","12355544647.71","10246777547.49","null","10246777547.49","5","478","478","4085","D","P","3","16.2.3","2025","4","2025","3","09","30"
"2025-09-30","57119001","57119039","Other","278417435.79","null","278417435.79","6172855292.00","null","6172855292.00","1722128007.38","154361.65","1721973645.73","5","480","480","4093","D","P","3","16.2.5","2025","4","2025","3","09","30"
"2025-09-30","57119001","57119045","Total--Bureau of the Fiscal Service","12881228097.10","null","12881228097.10","25408597501.86","null","25408597501.86","16136247065.22","154361.65","16136092703.57","5","481","481","4096","T","B","3","16.2.6","2025","4","2025","3","09","30"
"2025-09-30","57118963","57119048","Federal Financing Bank","2562556699.34","null","2562556699.34","'-134774722.82","null","'-134774722.82","'-154982420.49","null","'-154982420.49","5","482","482","4097","D","B","2","16.3","2025","4","2025","3","09","30"
"2025-09-30","57119051","57119054","Salaries and Expenses","15899335.88","null","15899335.88","154256263.94","null","154256263.94","151033500.99","null","151033500.99","5","484","484","4100","D","P","3","16.4.1","2025","4","2025","3","09","30"
"2025-09-30","57119051","57119057","Internal Revenue Collections for Puerto Rico","31880240.43","null","31880240.43","394951458.21","null","394951458.21","393907569.58","null","393907569.58","5","485","485","4102","D","P","3","16.4.2","2025","4","2025","3","09","30"
"2025-09-30","57118963","57119060","Bureau of Engraving and Printing","'-17594954.22","null","'-17594954.22","'-55398404.02","null","'-55398404.02","'-165208182.06","null","'-165208182.06","5","486","486","4115","D","B","2","16.5","2025","4","2025","3","09","30"
"2025-09-30","57118963","57119063","United States Mint","506766078.05","243747084.60","263018993.45","4181712046.75","3458895675.44","722816371.31","3662994571.58","3713990655.47","'-50996083.89","5","487","487","4120","D","B","2","16.6","2025","4","2025","3","09","30"
"2025-09-30","57119066","57119069","Taxpayer Services","493253951.99","null","493253951.99","4384663349.07","null","4384663349.07","4192547856.50","null","4192547856.50","5","489","489","4136","D","P","3","16.7.1","2025","4","2025","3","09","30"
"2025-09-30","57119066","57119072","Enforcement","752328189.97","null","752328189.97","7009479497.25","null","7009479497.25","6501101166.78","null","6501101166.78","5","490","490","4140","D","P","3","16.7.2","2025","4","2025","3","09","30"
"2025-09-30","57119066","57119075","Operations Support","714700847.83","null","714700847.83","6452673142.27","null","6452673142.27","6227975174.95","null","6227975174.95","5","491","491","4145","D","P","3","16.7.3","2025","4","2025","3","09","30"
"2025-09-30","57119066","57119078","Build America Bond Payments, Recovery Act","130036755.29","null","130036755.29","1664246363.22","null","1664246363.22","2137579691.17","null","2137579691.17","5","492","492","4147","D","P","3","16.7.4","2025","4","2025","3","09","30"
"2025-09-30","57119066","57119081","Refundable Premium Tax Credits and Cost Sharing Reductions","12979724998.37","null","12979724998.37","129259847870.93","null","129259847870.93","110195256028.13","null","110195256028.13","5","493","493","4148","D","P","3","16.7.5","2025","4","2025","3","09","30"
"2025-09-30","57119066","57119084","Payment Where Earned Income Credit Exceeds Liability for Tax","388928780.16","null","388928780.16","66007446602.84","null","66007446602.84","60011006552.22","null","60011006552.22","5","494","494","4150","D","P","3","16.7.6","2025","4","2025","3","09","30"
"2025-09-30","57119066","57119087","Payment Where Child Tax Credit Exceeds Liability for Tax","176752428.29","null","176752428.29","26566761272.76","null","26566761272.76","26246884478.80","null","26246884478.80","5","495","495","4152","D","P","3","16.7.7","2025","4","2025","3","09","30"
"2025-09-30","57119066","57119090","Payment Where American Opportunity Tax Credit Exceeds Liability for Tax","22230581.52","null","22230581.52","2549205732.06","null","2549205732.06","2474111206.36","null","2474111206.36","5","496","496","4154","D","P","3","16.7.8","2025","4","2025","3","09","30"
"2025-09-30","57119066","57119096","Refunding Internal Revenue Collections, Interest","1064608630.14","null","1064608630.14","16818825873.09","null","16818825873.09","5308375954.03","null","5308375954.03","5","497","497","4157","D","P","3","16.7.9","2025","4","2025","3","09","30"
"2025-09-30","57119066","57119099","Other","2068301560.34","null","2068301560.34","30246854841.08","1944081.46","30244910759.62","6692199413.35","2015884.32","6690183529.03","5","498","498","4158","D","P","3","16.7.10","2025","4","2025","3","09","30"
"2025-09-30","57119066","57119101","Total--Internal Revenue Service","18790866723.90","null","18790866723.90","290960004544.57","1944081.46","290958060463.11","229987037522.29","2015884.32","229985021637.97","5","499","499","4159","T","B","3","16.7.11","2025","4","2025","3","09","30"
"2025-09-30","57118963","57119103","Comptroller of the Currency","124955314.46","541987995.21","'-417032680.75","1261329985.79","1275529600.47","'-14199614.68","1296239675.92","1225177770.60","71061905.32","5","500","500","4164","D","B","2","16.8","2025","4","2025","3","09","30"
"2025-09-30","57119110","57119112","Interest on Treasury Debt Securities (Gross):","null","null","null","null","null","null","null","null","null","5","502","502","4169","S","P","3","16.9.1","2025","4","2025","3","09","30"
"2025-09-30","57119112","57119115","Public Issues (Accrual Basis)","82051332718.42","null","82051332718.42","973673123955.84","null","973673123955.84","896007033324.94","null","896007033324.94","5","503","503","4170","D","P","4","16.9.1.1","2025","4","2025","3","09","30"
"2025-09-30","57119112","57119118","Special Issues (Cash Basis)","9218323527.49","null","9218323527.49","241940705798.55","null","241940705798.55","237029856824.22","null","237029856824.22","5","504","504","4175","D","P","4","16.9.1.2","2025","4","2025","3","09","30"
"2025-09-30","57119112","57119121","Total--Interest on Treasury Debt Securities (Gross)","91269656245.91","null","91269656245.91","1215613829754.39","null","1215613829754.39","1133036890149.16","null","1133036890149.16","5","505","505","4176","T","P","4","16.9.1.3","2025","4","2025","3","09","30"
"2025-09-30","57119110","57119124","Total--Interest on the Public Debt","91269656245.91","null","91269656245.91","1215613829754.39","null","1215613829754.39","1133036890149.16","null","1133036890149.16","5","506","506","4177","T","B","3","16.9.2","2025","4","2025","3","09","30"
"2025-09-30","57118963","57119128","Other","16596379.99","3557343.26","13039036.73","'-576958196.21","38593380.47","'-615551576.68","177871020.55","162988231.00","14882789.55","5","507","507","4180","D","P","2","16.10","2025","4","2025","3","09","30"
"2025-09-30","57118963","57119131","Proprietary Receipts from the Public","null","58139095092.03","'-58139095092.03","null","68448908288.44","'-68448908288.44","null","57143295141.33","'-57143295141.33","5","508","508","4188","D","P","2","16.11","2025","4","2025","3","09","30"
"2025-09-30","57118963","57119134","Intrabudgetary Transactions","'-4637673373.92","null","'-4637673373.92","'-9774788584.31","null","'-9774788584.31","'-7741980685.91","null","'-7741980685.91","5","509","509","4195","D","P","2","16.12","2025","4","2025","3","09","30"
"2025-09-30","57118963","57119140","Total--Department of the Treasury","121746727364.09","59133665758.96","62613061605.13","1533819540758.41","74909335047.44","1458910205710.97","1380718724745.68","63866307626.07","1316852417119.61","5","510","510","4200","T","C","2","16.13","2025","4","2025","3","09","30"
"2025-09-30","57119143","57119146","Joint DOD-VA Medical Facility Demonstration Fund","63846714.73","null","63846714.73","750520588.62","null","750520588.62","679971096.95","null","679971096.95","5","512","512","4203","D","P","2","17.1","2025","4","2025","3","09","30"
"2025-09-30","57119149","57119152","Veterans Choice Fund, Veterans Health Administration","'-61669.76","null","'-61669.76","'-232136.15","null","'-232136.15","215211.45","null","215211.45","5","514","514","4205","D","P","3","17.2.1","2025","4","2025","3","09","30"
"2025-09-30","57119149","57119155","Medical Services","9448794074.53","null","9448794074.53","96968886826.02","null","96968886826.02","101873568718.02","null","101873568718.02","5","515","515","4206","D","P","3","17.2.2","2025","4","2025","3","09","30"
"2025-09-30","57119149","57119157","Medical Support and Compliance","894990720.68","null","894990720.68","11334076482.59","null","11334076482.59","10371792080.80","null","10371792080.80","5","516","516","4207","D","P","3","17.2.3","2025","4","2025","3","09","30"
"2025-09-30","57119149","57119160","Medical Facilities","826709250.24","null","826709250.24","8982492009.06","null","8982492009.06","8884923963.57","null","8884923963.57","5","517","517","4208","D","P","3","17.2.4","2025","4","2025","3","09","30"
"2025-09-30","57119149","57119163","Other","107991279.02","41278844.69","66712434.33","1662399951.55","434559167.76","1227840783.79","2464027760.04","429016819.19","2035010940.85","5","518","518","4209","D","P","3","17.2.5","2025","4","2025","3","09","30"
"2025-09-30","57119168","57119170","Housing Accounts","8968.00","46044.59","'-37076.59","200058.54","1976521.58","'-1776463.04","183771.19","3458642.84","'-3274871.65","5","521","521","4213","D","P","4","17.3.1.1","2025","4","2025","3","09","30"
"2025-09-30","57119168","57119173","Other","125679298.74","91044819.88","34634478.86","624955318.21","1170314735.99","'-545359417.78","1006213893.79","1534145365.06","'-527931471.27","5","522","522","4215","D","P","4","17.3.1.2","2025","4","2025","3","09","30"
"2025-09-30","57119165","57119176","Compensation and Pensions","3776771378.89","null","3776771378.89","200670783364.35","null","200670783364.35","161231617435.70","null","161231617435.70","5","523","523","4218","D","P","3","17.3.2","2025","4","2025","3","09","30"
"2025-09-30","57119165","57119179","Readjustment Benefits","1355474679.02","null","1355474679.02","16288513778.13","null","16288513778.13","13400128592.60","null","13400128592.60","5","524","524","4220","D","P","3","17.3.3","2025","4","2025","3","09","30"
"2025-09-30","57119165","57119181","Veterans Housing Benefit Program Fund","264760847.19","1971.00","264758876.19","6072166529.73","52103.21","6072114426.52","1721580851.19","null","1721580851.19","5","525","525","4223","D","P","3","17.3.4","2025","4","2025","3","09","30"
"2025-09-30","57119184","57119186","National Service Life","20075981.03","null","20075981.03","204308545.15","null","204308545.15","277941911.89","null","277941911.89","5","527","527","4228","D","P","4","17.3.5.1","2025","4","2025","3","09","30"
"2025-09-30","57119184","57119188","Veterans Special Life","13835809.32","418915.40","13416893.92","143165029.58","22641534.56","120523495.02","173897142.10","29003429.95","144893712.15","5","528","528","4230","D","P","4","17.3.5.2","2025","4","2025","3","09","30"
"2025-09-30","57119165","57119191","Other","'-1644390979.26","9459847.32","'-1653850826.58","548595986.28","100820615.71","447775370.57","5173809556.24","60096281.15","5113713275.09","5","529","529","4232","D","P","3","17.3.6","2025","4","2025","3","09","30"
"2025-09-30","57119165","57119194","Total--Benefits Programs","3912215982.93","100971598.19","3811244384.74","224552688609.97","1295805511.05","223256883098.92","182985373154.70","1626703719.00","181358669435.70","5","530","530","4233","T","B","3","17.3.7","2025","4","2025","3","09","30"
"2025-09-30","57119196","57119199","Construction","306615169.73","null","306615169.73","1127371572.59","null","1127371572.59","882886666.80","null","882886666.80","5","532","532","4245","D","P","3","17.4.1","2025","4","2025","3","09","30"
"2025-09-30","57119196","57119201","Information Technology Systems","447937703.43","null","447937703.43","6397306003.31","null","6397306003.31","6111485412.13","null","6111485412.13","5","533","533","4247","D","P","3","17.4.2","2025","4","2025","3","09","30"
"2025-09-30","57119196","57119204","General Operating Expenses","'-8180.38","null","'-8180.38","69002.07","null","69002.07","'-397988.37","null","'-397988.37","5","534","534","4249","D","P","3","17.4.3","2025","4","2025","3","09","30"
"2025-09-30","57119196","57119207","Other","1797831384.23","null","1797831384.23","36295740398.80","null","36295740398.80","22242316362.70","null","22242316362.70","5","535","535","4251","D","P","3","17.4.4","2025","4","2025","3","09","30"
"2025-09-30","57119143","57119210","Proprietary Receipts from the Public:","null","null","null","null","null","null","null","null","null","5","536","536","4253","S","P","2","17.5","2025","4","2025","3","09","30"
"2025-09-30","57119210","57119213","National Service Life","null","815347.85","'-815347.85","null","7789134.18","'-7789134.18","null","9143736.30","'-9143736.30","5","537","537","4255","D","P","3","17.5.1","2025","4","2025","3","09","30"
"2025-09-30","57119210","57119216","Other","null","414333145.67","'-414333145.67","null","9719379489.16","'-9719379489.16","null","9400020294.19","'-9400020294.19","5","538","538","4260","D","P","3","17.5.2","2025","4","2025","3","09","30"
"2025-09-30","57119143","57119219","Intrabudgetary Transactions","8465301.48","null","8465301.48","'-22598835.14","null","'-22598835.14","'-19704344.10","null","'-19704344.10","5","539","539","4262","D","P","2","17.6","2025","4","2025","3","09","30"
"2025-09-30","57119143","57119221","Total--Department of Veterans Affairs","17815327730.86","557398936.40","17257928794.46","388048720473.29","11457533302.15","376591187171.14","336476458094.69","11464884568.68","325011573526.01","5","540","540","4264","T","C","2","17.7","2025","4","2025","3","09","30"
"2025-09-30","null","57119224","Corps of Engineers:","null","null","null","null","null","null","null","null","null","5","541","541","4265","S","C","1","18","2025","4","2025","3","09","30"
"2025-09-30","57119224","57119226","Construction","180380430.65","null","180380430.65","4504297559.26","null","4504297559.26","3999012706.14","null","3999012706.14","5","542","542","4266","D","P","2","18.1","2025","4","2025","3","09","30"
"2025-09-30","57119224","57119228","Operation and Maintenance","'-42426084.81","null","'-42426084.81","3526655041.28","null","3526655041.28","2815105847.04","null","2815105847.04","5","543","543","4267","D","P","2","18.2","2025","4","2025","3","09","30"
"2025-09-30","57119224","57119230","Flood Control and Coastal Emergencies","'-694016566.13","null","'-694016566.13","462958842.92","null","462958842.92","478167770.79","null","478167770.79","5","544","544","4268","D","P","2","18.3","2025","4","2025","3","09","30"
"2025-09-30","57119224","57119232","Harbor Maintenance Trust Fund","728543776.09","null","728543776.09","2201870353.96","null","2201870353.96","2696586953.66","null","2696586953.66","5","545","545","4269","D","P","2","18.4","2025","4","2025","3","09","30"
"2025-09-30","57119224","57119234","Rivers and Harbors Contributed Funds","80375963.13","null","80375963.13","667618028.48","null","667618028.48","649282713.30","null","649282713.30","5","546","546","4270","D","P","2","18.5","2025","4","2025","3","09","30"
"2025-09-30","57119224","57119236","Other","'-81780816.20","null","'-81780816.20","1566780460.10","null","1566780460.10","1635457700.18","null","1635457700.18","5","547","547","4271","D","P","2","18.6","2025","4","2025","3","09","30"
"2025-09-30","57119224","57119238","Proprietary Receipts from the Public","null","46321230.76","'-46321230.76","null","805506692.11","'-805506692.11","null","928971869.65","'-928971869.65","5","548","548","4272","D","P","2","18.7","2025","4","2025","3","09","30"
"2025-09-30","57119224","57119240","Intrabudgetary Transactions","'-5971120.08","null","'-5971120.08","'-633393.20","null","'-633393.20","35452.52","null","35452.52","5","549","549","4273","D","P","2","18.8","2025","4","2025","3","09","30"
"2025-09-30","57119224","57119242","Total--Corps of Engineers","165105582.65","46321230.76","118784351.89","12929546892.80","805506692.11","12124040200.69","12273649143.63","928971869.65","11344677273.98","5","550","550","4275","T","C","2","18.9","2025","4","2025","3","09","30"
"2025-09-30","57119246","57119248","Payment to Military Retirement Fund","null","null","null","154387000000.00","null","154387000000.00","151521000000.00","null","151521000000.00","5","553","553","4278","D","P","3","19.1.1","2025","4","2025","3","09","30"
"2025-09-30","57119246","57119250","Military Retirement Fund","555197542.30","null","555197542.30","80464778357.42","null","80464778357.42","72160308851.77","null","72160308851.77","5","554","554","4279","D","P","3","19.1.2","2025","4","2025","3","09","30"
"2025-09-30","57119252","57119254","Payment to Department of Defense Medicare-Eligible Retiree Health Care Fund","null","null","null","14569000000.00","null","14569000000.00","9584000000.00","null","9584000000.00","5","556","556","4282","D","P","3","19.2.1","2025","4","2025","3","09","30"
"2025-09-30","57119252","57119255","Department of Defense Medicare-Eligible Retiree Health Care Fund","880666989.91","null","880666989.91","12952656898.60","null","12952656898.60","12285876340.91","null","12285876340.91","5","557","557","4284","D","P","3","19.2.2","2025","4","2025","3","09","30"
"2025-09-30","57119244","57119259","Other","47482585.76","null","47482585.76","419585964.77","null","419585964.77","359821869.58","null","359821869.58","5","559","559","4286","D","P","2","19.4","2025","4","2025","3","09","30"
"2025-09-30","57119244","57119261","Proprietary Receipts from the Public","null","4880971.88","'-4880971.88","null","41618761.46","'-41618761.46","null","37267232.67","'-37267232.67","5","560","560","4287","D","P","2","19.5","2025","4","2025","3","09","30"
"2025-09-30","57119244","57119263","Intrabudgetary Transactions","'-637598427.96","null","'-637598427.96","'-186422238914.49","null","'-186422238914.49","'-179813214251.62","null","'-179813214251.62","5","561","561","4288","D","P","2","19.6","2025","4","2025","3","09","30"
"2025-09-30","57119244","57119265","Total--Other Defense Civil Programs","855039486.08","4880971.88","850158514.20","76529177607.77","41618761.46","76487558846.31","66257310784.94","37267232.67","66220043552.27","5","562","562","4289","T","C","2","19.7","2025","4","2025","3","09","30"
"2025-09-30","57119267","57119269","Science and Technology","61242173.78","null","61242173.78","780150366.49","null","780150366.49","808121644.27","null","808121644.27","5","564","564","4291","D","P","2","20.1","2025","4","2025","3","09","30"
"2025-09-30","57119267","57119271","Environmental Programs and Management","294768507.70","null","294768507.70","3612499804.32","null","3612499804.32","3211107779.16","null","3211107779.16","5","565","565","4292","D","P","2","20.2","2025","4","2025","3","09","30"
"2025-09-30","57119267","57119273","State and Tribal Assistance Grants","873857507.10","null","873857507.10","29711638818.68","null","29711638818.68","7315405905.68","null","7315405905.68","5","566","566","4293","D","P","2","20.3","2025","4","2025","3","09","30"
"2025-09-30","57119267","57119275","Payment to the Hazardous Substance Superfund","null","null","null","111477924.00","null","111477924.00","282699213.00","null","282699213.00","5","567","567","4294","D","P","2","20.4","2025","4","2025","3","09","30"
"2025-09-30","57119267","57119277","Hazardous Substance Superfund","224973241.77","null","224973241.77","2171842213.64","null","2171842213.64","2006448066.47","null","2006448066.47","5","568","568","4295","D","P","2","20.5","2025","4","2025","3","09","30"
"2025-09-30","57119267","57119279","Other","56029136.11","2190277.90","53838858.21","1436416219.36","65434188.27","1370982031.09","846103065.35","69490349.63","776612715.72","5","569","569","4296","D","P","2","20.6","2025","4","2025","3","09","30"
"2025-09-30","57119267","57119281","Proprietary Receipts from the Public","null","21933970.01","'-21933970.01","null","620614901.39","'-620614901.39","null","399688353.65","'-399688353.65","5","570","570","4297","D","P","2","20.7","2025","4","2025","3","09","30"
"2025-09-30","57119267","57119283","Intrabudgetary Transactions","'-14136092.24","null","'-14136092.24","'-128053916.01","null","'-128053916.01","'-261483106.10","null","'-261483106.10","5","571","571","4298","D","P","2","20.8","2025","4","2025","3","09","30"
"2025-09-30","57119267","57119285","Offsetting Governmental Receipts","null","930345.50","'-930345.50","null","33639047.88","'-33639047.88","null","33064968.74","'-33064968.74","5","572","572","4299","D","P","2","20.9","2025","4","2025","3","09","30"
"2025-09-30","57119267","57119286","Total--Environmental Protection Agency","1496734474.22","25054593.41","1471679880.81","37695971430.48","719688137.54","36976283292.94","14208402567.83","502243672.02","13706158895.81","5","573","573","4300","T","C","2","20.10","2025","4","2025","3","09","30"
"2025-09-30","null","57119288","Executive Office of the President:","null","null","null","null","null","null","null","null","null","5","574","574","4303","S","C","1","21","2025","4","2025","3","09","30"
"2025-09-30","57119288","57119290","The White House","7250611.98","null","7250611.98","72771443.32","null","72771443.32","79726500.16","null","79726500.16","5","575","575","4304","D","B","2","21.1","2025","4","2025","3","09","30"
"2025-09-30","57119288","57119292","Office of Management and Budget","8967711.00","null","8967711.00","124878526.31","null","124878526.31","138022415.80","null","138022415.80","5","576","576","4305","D","B","2","21.2","2025","4","2025","3","09","30"
"2025-09-30","57119288","57119296","Other","'-11350254.27","null","'-11350254.27","273503984.07","25000.00","273478984.07","346672988.38","null","346672988.38","5","578","578","4309","D","P","2","21.4","2025","4","2025","3","09","30"
"2025-09-30","57119288","57119298","Proprietary Receipts from the Public","null","473364.37","'-473364.37","null","1000577038.80","'-1000577038.80","null","476113.95","'-476113.95","5","579","579","4315","D","P","2","21.5","2025","4","2025","3","09","30"
"2025-09-30","57119288","57119300","Intrabudgetary Transactions","'-15025562.12","null","'-15025562.12","'-14798206.49","null","'-14798206.49","'-14128741.73","null","'-14128741.73","5","580","580","4316","D","P","2","21.6","2025","4","2025","3","09","30"
"2025-09-30","57119288","57119302","Total--Executive Office of the President","'-2991633.88","473364.37","'-3464998.25","492121993.33","1000602038.80","'-508480045.47","607034798.33","476113.95","606558684.38","5","581","581","4320","T","C","2","21.7","2025","4","2025","3","09","30"
"2025-09-30","57119304","57119306","Real Property Activities","'-80191965.60","null","'-80191965.60","'-324657091.54","null","'-324657091.54","'-632939549.92","null","'-632939549.92","5","583","583","4327","D","B","2","22.1","2025","4","2025","3","09","30"
"2025-09-30","57119304","57119308","Supply and Technology Activities","'-62164665.13","null","'-62164665.13","'-195623578.05","null","'-195623578.05","126205994.70","null","126205994.70","5","584","584","4328","D","B","2","22.2","2025","4","2025","3","09","30"
"2025-09-30","57119304","57119310","General Activities","24755406.29","null","24755406.29","372323615.04","null","372323615.04","306866082.22","null","306866082.22","5","585","585","4329","D","B","2","22.3","2025","4","2025","3","09","30"
"2025-09-30","57119304","57119312","Proprietary Receipts from the Public","null","12570170.27","'-12570170.27","null","207410067.27","'-207410067.27","null","25318676.16","'-25318676.16","5","586","586","4330","D","P","2","22.4","2025","4","2025","3","09","30"
"2025-09-30","57119304","57119314","Intrabudgetary Transactions","'-930490.08","null","'-930490.08","'-19178377.83","null","'-19178377.83","'-18946835.36","null","'-18946835.36","5","587","587","4332","D","P","2","22.5","2025","4","2025","3","09","30"
"2025-09-30","57119304","57119316","Total--General Services Administration","'-118531714.52","12570170.27","'-131101884.79","'-167135432.38","207410067.27","'-374545499.65","'-218814308.36","25318676.16","'-244132984.52","5","588","588","4334","T","C","2","22.6","2025","4","2025","3","09","30"
"2025-09-30","57119317","57119319","Millennium Challenge Corporation","145813819.39","null","145813819.39","779748930.19","null","779748930.19","731335719.61","null","731335719.61","5","590","590","4336","D","B","2","23.1","2025","4","2025","3","09","30"
"2025-09-30","57119321","57119325","Foreign Military Financing Program","594579488.45","null","594579488.45","6903657960.79","null","6903657960.79","11581100363.66","null","11581100363.66","5","592","592","4339","D","P","3","23.2.1","2025","4","2025","3","09","30"
"2025-09-30","57119321","57119327","Economic Support Fund","148379624.43","null","148379624.43","7479218197.48","null","7479218197.48","9460920891.33","null","9460920891.33","5","593","593","4340","D","P","3","23.2.2","2025","4","2025","3","09","30"
"2025-09-30","57119321","57119329","Other","174218575.00","null","174218575.00","1082017222.71","12843509.49","1069173713.22","1484991093.44","22318560.07","1462672533.37","5","594","594","4341","D","P","3","23.2.3","2025","4","2025","3","09","30"
"2025-09-30","57119321","57119331","Proprietary Receipts from the Public","null","39495498.81","'-39495498.81","null","39495498.81","'-39495498.81","null","85453188.09","'-85453188.09","5","595","595","4342","D","P","3","23.2.4","2025","4","2025","3","09","30"
"2025-09-30","57119321","57119333","Total--International Security Assistance","917177687.88","39495498.81","877682189.07","15464893380.98","52339008.30","15412554372.68","22527012348.43","107771748.16","22419240600.27","5","596","596","4343","T","B","3","23.2.5","2025","4","2025","3","09","30"
"2025-09-30","57119335","57119337","Contribution to the International Development Association","null","null","null","1380256000.00","null","1380256000.00","1630256000.00","null","1630256000.00","5","598","598","4346","D","P","3","23.3.1","2025","4","2025","3","09","30"
"2025-09-30","57119335","57119339","Other","211699189.56","null","211699189.56","1075404962.54","null","1075404962.54","1348767417.09","null","1348767417.09","5","599","599","4348","D","P","3","23.3.2","2025","4","2025","3","09","30"
"2025-09-30","57119335","57119343","Total--Multilateral Assistance","211699189.56","null","211699189.56","2455660962.54","6964009.54","2448696953.00","2979023417.09","814782.60","2978208634.49","5","601","601","4350","T","B","3","23.3.4","2025","4","2025","3","09","30"
"2025-09-30","57119345","57119347","Development Assistance Program","49381819.08","null","49381819.08","2487058365.93","null","2487058365.93","3551017216.80","null","3551017216.80","5","603","603","4353","D","P","3","23.4.1","2025","4","2025","3","09","30"
"2025-09-30","57119345","57119349","Assistance for Europe, Eurasia and Central Asia","85538155.00","null","85538155.00","722368652.95","null","722368652.95","890282460.46","null","890282460.46","5","604","604","4354","D","P","3","23.4.2","2025","4","2025","3","09","30"
"2025-09-30","57119345","57119351","International Disaster Assistance","130705927.82","null","130705927.82","5752974331.16","null","5752974331.16","6390244571.34","null","6390244571.34","5","605","605","4355","D","P","3","23.4.3","2025","4","2025","3","09","30"
"2025-09-30","57119345","57119353","Operating Expenses","170250866.38","null","170250866.38","1645679827.92","null","1645679827.92","1838485162.28","null","1838485162.28","5","606","606","4359","D","P","3","23.4.4","2025","4","2025","3","09","30"
"2025-09-30","57119345","57119355","Other","80202628.90","null","80202628.90","1146642591.54","110403.16","1146532188.38","'-66354801.50","638.81","'-66355440.31","5","607","607","4362","D","P","3","23.4.5","2025","4","2025","3","09","30"
"2025-09-30","57119345","57119357","Proprietary Receipts from the Public","null","23802207.29","'-23802207.29","null","385562380.02","'-385562380.02","null","399792857.31","'-399792857.31","5","608","608","4363","D","P","3","23.4.6","2025","4","2025","3","09","30"
"2025-09-30","57119345","57119359","Intrabudgetary Transactions","'-894631.45","null","'-894631.45","2633522.94","null","2633522.94","'-10561906.20","null","'-10561906.20","5","609","609","4364","D","P","3","23.4.7","2025","4","2025","3","09","30"
"2025-09-30","57119345","57119361","Total--Agency for International Development","515184765.73","23802207.29","491382558.44","11757357292.44","385672783.18","11371684509.26","12593112703.18","399793496.12","12193319207.06","5","610","610","4365","T","B","3","23.4.8","2025","4","2025","3","09","30"
"2025-09-30","57119363","57119365","Overseas Private Investment Corporation Accounts","null","null","null","540761.17","null","540761.17","497274.49","null","497274.49","5","612","612","4368","D","P","3","23.5.1","2025","4","2025","3","09","30"
"2025-09-30","57119363","57119371","Total--Overseas Private Investment Corporation","null","null","null","540761.17","null","540761.17","497274.49","null","497274.49","5","613","613","4371","T","B","3","23.5.2","2025","4","2025","3","09","30"
"2025-09-30","57119317","57119373","Peace Corps","54965351.79","67637.87","54897713.92","451116066.64","156840.68","450959225.96","485736819.75","124981.86","485611837.89","5","614","614","4372","D","B","2","23.6","2025","4","2025","3","09","30"
"2025-09-30","57119373","57119375","Proprietary Receipts","null","149431.08","'-149431.08","null","1005995.01","'-1005995.01","null","1434348.03","'-1434348.03","5","615","615","14628","D","P","3","23.6.1","2025","4","2025","3","09","30"
"2025-09-30","57119317","57119377","International Monetary Programs","null","null","null","14440424.20","null","14440424.20","null","null","null","5","616","616","4373","D","B","2","23.7","2025","4","2025","3","09","30"
"2025-09-30","57119379","57119381","Foreign Military Sales Trust Fund","5420515659.31","null","5420515659.31","50826325372.04","null","50826325372.04","48726085542.34","null","48726085542.34","5","618","618","4375","D","P","3","23.8.1","2025","4","2025","3","09","30"
"2025-09-30","57119379","57119383","Other","2796676.87","2899071.45","'-102394.58","143161941.34","111745389.55","31416551.79","121074723.77","130060077.52","'-8985353.75","5","619","619","4376","D","P","3","23.8.2","2025","4","2025","3","09","30"
"2025-09-30","57119379","57119384","Proprietary Receipts from the Public","null","9016923150.81","'-9016923150.81","null","64039317029.54","'-64039317029.54","null","67682220076.96","'-67682220076.96","5","620","620","4377","D","P","3","23.8.3","2025","4","2025","3","09","30"
"2025-09-30","57119317","57119385","Other","106484858.86","57504614.06","48980244.80","1360971466.96","1362538127.24","'-1566660.28","1373350486.39","1023115792.35","350234694.04","5","621","621","4379","D","P","2","23.9","2025","4","2025","3","09","30"
"2025-09-30","57119317","57119387","Total--International Assistance Programs","7374638009.39","9140841611.37","'-1766203601.98","83254216598.50","65959739183.04","17294477415.46","89537229035.05","69345335303.60","20191893731.45","5","622","622","4380","T","C","2","23.10","2025","4","2025","3","09","30"
"2025-09-30","57119388","57119392","Aeronautics","83667179.88","null","83667179.88","973815773.05","null","973815773.05","946527309.42","null","946527309.42","5","625","625","4383","D","P","2","24.2","2025","4","2025","3","09","30"
"2025-09-30","57119388","57119395","Space Operations","410254937.93","null","410254937.93","3960641935.10","null","3960641935.10","4339922873.86","null","4339922873.86","5","628","628","4386","D","P","2","24.5","2025","4","2025","3","09","30"
"2025-09-30","57119388","57119396","Other","173921200.86","null","173921200.86","1577688162.52","null","1577688162.52","1724296929.67","null","1724296929.67","5","629","629","4387","D","P","2","24.6","2025","4","2025","3","09","30"
"2025-09-30","57119388","57119397","Proprietary Receipts from the Public","null","309529.77","'-309529.77","null","1563453.23","'-1563453.23","null","3166028.39","'-3166028.39","5","630","630","4388","D","P","2","24.7","2025","4","2025","3","09","30"
"2025-09-30","57119388","57119398","Intrabudgetary Transactions","'-32494.96","null","'-32494.96","'-1190523.40","null","'-1190523.40","'-1046792.91","null","'-1046792.91","5","631","631","4389","D","P","2","24.8","2025","4","2025","3","09","30"
"2025-09-30","57119388","57119399","Total--National Aeronautics and Space Administration","2312395071.75","309529.77","2312085541.98","24577724513.78","1563453.23","24576161060.55","25017973045.87","3166028.39","25014807017.48","5","632","632","4392","T","C","2","24.9","2025","4","2025","3","09","30"
"2025-09-30","57119400","57119401","Research and Related Activities","825636902.21","null","825636902.21","7736542764.10","null","7736542764.10","7345983060.93","null","7345983060.93","5","634","634","4394","D","P","2","25.1","2025","4","2025","3","09","30"
"2025-09-30","57119400","57119402","Education and Human Resources","142063788.60","null","142063788.60","1410877939.89","null","1410877939.89","1348316762.49","null","1348316762.49","5","635","635","4395","D","P","2","25.2","2025","4","2025","3","09","30"
"2025-09-30","57119400","57119403","Other","104733391.77","null","104733391.77","822583406.09","null","822583406.09","743935043.51","null","743935043.51","5","636","636","4396","D","P","2","25.3","2025","4","2025","3","09","30"
"2025-09-30","57119400","57119404","Proprietary Receipts from the Public","null","3445294.54","'-3445294.54","null","21125119.36","'-21125119.36","null","46721610.87","'-46721610.87","5","637","637","4397","D","P","2","25.4","2025","4","2025","3","09","30"
"2025-09-30","57119400","57119406","Total--National Science Foundation","1072434082.58","3445294.54","1068988788.04","9970004110.08","21125119.36","9948878990.72","9438234866.93","46721610.87","9391513256.06","5","638","638","4399","T","C","2","25.5","2025","4","2025","3","09","30"
"2025-09-30","57119407","57119408","Government Payment for Annuitants, Employees Health and Life Insurance Benefits","1366313788.73","null","1366313788.73","16240887681.52","null","16240887681.52","15073937739.08","null","15073937739.08","5","640","640","4403","D","P","2","26.1","2025","4","2025","3","09","30"
"2025-09-30","57119407","57119409","Payment to Civil Service Retirement and Disability Fund","51630397285.00","null","51630397285.00","51630397285.00","null","51630397285.00","53255231701.00","null","53255231701.00","5","641","641","4405","D","P","2","26.2","2025","4","2025","3","09","30"
"2025-09-30","57119407","57119410","Postal Service Retiree Health Benefits Fund","400150590.95","null","400150590.95","4699609284.55","null","4699609284.55","4542567537.60","null","4542567537.60","5","642","642","4407","D","P","2","26.3","2025","4","2025","3","09","30"
"2025-09-30","57119407","57119411","Civil Service Retirement and Disability Fund","9139510909.35","null","9139510909.35","110249898494.68","null","110249898494.68","107734801237.49","null","107734801237.49","5","643","643","4410","D","P","2","26.4","2025","4","2025","3","09","30"
"2025-09-30","57119407","57119412","Employees Life Insurance Fund","334510943.46","394256053.95","'-59745110.49","3701518924.97","6680189341.80","'-2978670416.83","3897154752.88","6336150963.37","'-2438996210.49","5","644","644","4420","D","P","2","26.5","2025","4","2025","3","09","30"
"2025-09-30","57119407","57119413","Employees and Retired Employees Health Benefits Fund","6816590588.77","6401556032.75","415034556.02","73294162621.24","72975171454.12","318991167.12","70119889778.31","68316521119.80","1803368658.51","5","645","645","4425","D","P","2","26.6","2025","4","2025","3","09","30"
"2025-09-30","57119407","57119415","Proprietary Receipts from the Public","null","73113.94","'-73113.94","null","900934.73","'-900934.73","null","1378635.77","'-1378635.77","5","647","647","4428","D","P","2","26.8","2025","4","2025","3","09","30"
"2025-09-30","57119416","57119417","Postal Service Contributions","'-2343578.84","null","'-2343578.84","'-574919081.87","null","'-574919081.87","'-689478504.20","null","'-689478504.20","5","649","649","4430","D","P","3","26.9.1","2025","4","2025","3","09","30"
"2025-09-30","57119416","57119418","Civil Service Retirement and Disability Fund:","null","null","null","null","null","null","null","null","null","5","650","650","4431","S","P","3","26.9.2","2025","4","2025","3","09","30"
"2025-09-30","57119418","57119419","General Fund Contributions","'-51630397285.00","null","'-51630397285.00","'-51630397285.00","null","'-51630397285.00","'-53255231701.00","null","'-53255231701.00","5","651","651","4433","D","P","4","26.9.2.1","2025","4","2025","3","09","30"
"2025-09-30","57119418","57119420","Other","'-4179601.84","null","'-4179601.84","'-45544066.27","null","'-45544066.27","'-46565865.82","null","'-46565865.82","5","652","652","4435","D","P","4","26.9.2.2","2025","4","2025","3","09","30"
"2025-09-30","57119407","57119421","Total--Office of Personnel Management","18024029533.38","6795885200.64","11228144332.74","207895339503.99","79656261730.65","128239077773.34","200826892785.88","74654050718.94","126172842066.94","5","653","653","4436","T","C","2","26.10","2025","4","2025","3","09","30"
"2025-09-30","null","57119422","Small Business Administration:","null","null","null","null","null","null","null","null","null","5","654","654","4437","S","C","1","27","2025","4","2025","3","09","30"
"2025-09-30","57119422","57119423","Salaries and Expenses","108967445.18","null","108967445.18","111130831.72","2314.49","111128517.23","1035553216.05","9104.19","1035544111.86","5","655","655","4438","D","P","2","27.1","2025","4","2025","3","09","30"
"2025-09-30","57119422","57119424","Business Loans Program","10151823.74","14366.94","10137456.80","941167135.21","255789.59","940911345.62","545815199.11","1304563.08","544510636.03","5","656","656","4439","D","P","2","27.2","2025","4","2025","3","09","30"
"2025-09-30","57119422","57119425","Disaster Loans Program","37923935.52","8122.74","37915812.78","9501966716.32","440031.31","9501526685.01","34146158593.10","232762.30","34145925830.80","5","657","657","4440","D","P","2","27.3","2025","4","2025","3","09","30"
"2025-09-30","57119422","57119426","Other","35743825.42","2922465.73","32821359.69","346810124.73","33939877.88","312870246.85","452426667.58","29778648.88","422648018.70","5","658","658","4450","D","P","2","27.4","2025","4","2025","3","09","30"
"2025-09-30","57119422","57119427","Proprietary Receipts from the Public","null","101923006.17","'-101923006.17","null","10043126929.20","'-10043126929.20","null","2945020763.25","'-2945020763.25","5","659","659","4452","D","P","2","27.5","2025","4","2025","3","09","30"
"2025-09-30","57119422","57119428","Intrabudgetary Transactions","8061025.09","null","8061025.09","13404753.31","null","13404753.31","'-7079751.24","null","'-7079751.24","5","660","660","4453","D","P","2","27.6","2025","4","2025","3","09","30"
"2025-09-30","57119422","57119429","Total--Small Business Administration","200848054.95","104867961.58","95980093.37","10914479561.29","10077764942.47","836714618.82","36172873924.60","2976345841.70","33196528082.90","5","661","661","4455","T","C","2","27.7","2025","4","2025","3","09","30"
"2025-09-30","null","57119430","Social Security Administration:","null","null","null","null","null","null","null","null","null","5","662","662","4500","S","C","1","28","2025","4","2025","3","09","30"
"2025-09-30","57119430","57119431","Payments to Social Security Trust Funds","31688466.09","null","31688466.09","59766088271.20","null","59766088271.20","53767765290.53","null","53767765290.53","5","663","663","4505","D","P","2","28.1","2025","4","2025","3","09","30"
"2025-09-30","57119430","57119432","Supplemental Security Income Program","1128463129.10","null","1128463129.10","69472403895.59","null","69472403895.59","61930581636.68","null","61930581636.68","5","664","664","4515","D","P","2","28.2","2025","4","2025","3","09","30"
"2025-09-30","57119430","57119433","Federal Old-Age and Survivors Insurance Trust Fund (Off-Budget):","null","null","null","null","null","null","null","null","null","5","665","665","4521","S","P","2","28.3","2025","4","2025","3","09","30"
"2025-09-30","57119433","57119434","Benefit Payments","119977445248.49","null","119977445248.49","1411166565191.01","null","1411166565191.01","1293782491652.94","null","1293782491652.94","5","666","666","4525","D","P","3","28.3.1","2025","4","2025","3","09","30"
"2025-09-30","57119433","57119435","Administrative Expenses","97761753.71","null","97761753.71","3629012611.61","null","3629012611.61","4754422487.94","null","4754422487.94","5","667","667","4530","D","P","3","28.3.2","2025","4","2025","3","09","30"
"2025-09-30","57119433","57119436","Payment to Railroad Retirement Account","null","null","null","5996420000.00","null","5996420000.00","5859775000.00","null","5859775000.00","5","668","668","4535","D","P","3","28.3.3","2025","4","2025","3","09","30"
"2025-09-30","57119433","57119438","Total--Federal Old-Age and Survivors Insurance Trust Fund (Off-Budget)","120075207002.20","null","120075207002.20","1420791997802.62","null","1420791997802.62","1304396689140.88","null","1304396689140.88","5","669","669","4550","T","P","3","28.3.4","2025","4","2025","3","09","30"
"2025-09-30","57119430","57119439","Federal Disability Insurance Trust Fund (Off-Budget):","null","null","null","null","null","null","null","null","null","5","670","670","4556","S","P","2","28.4","2025","4","2025","3","09","30"
"2025-09-30","57119439","57119440","Benefit Payments","13190036508.18","null","13190036508.18","157436422973.91","null","157436422973.91","153917545267.93","null","153917545267.93","5","671","671","4560","D","P","3","28.4.1","2025","4","2025","3","09","30"
"2025-09-30","57119439","57119441","Administrative Expenses","101173263.33","null","101173263.33","2763626709.43","null","2763626709.43","2519830931.03","null","2519830931.03","5","672","672","4565","D","P","3","28.4.2","2025","4","2025","3","09","30"
"2025-09-30","57119439","57119442","Payment to Railroad Retirement Account","null","null","null","'-1431000.00","null","'-1431000.00","73686000.00","null","73686000.00","5","673","673","4570","D","P","3","28.4.3","2025","4","2025","3","09","30"
"2025-09-30","57119439","57119444","Total--Federal Disability Insurance Trust Fund (Off-Budget)","13291209771.51","null","13291209771.51","160198618683.34","null","160198618683.34","156511062198.96","null","156511062198.96","5","674","674","4580","T","P","3","28.4.4","2025","4","2025","3","09","30"
"2025-09-30","57119446","57119447","On-Budget","null","581481407.54","'-581481407.54","null","3834146699.57","'-3834146699.57","null","3299128023.87","'-3299128023.87","5","677","677","4590","D","P","3","28.6.1","2025","4","2025","3","09","30"
"2025-09-30","57119446","57119448","Off-Budget","null","3966864.45","'-3966864.45","null","64829324.32","'-64829324.32","null","'-2618535.14","2618535.14","5","678","678","4595","D","P","3","28.6.2","2025","4","2025","3","09","30"
"2025-09-30","57119430","57119449","Intrabudgetary Transactions:","null","null","null","null","null","null","null","null","null","5","679","679","4600","S","P","2","28.7","2025","4","2025","3","09","30"
"2025-09-30","57119449","57119452","Off-Budget","'-30958684.74","null","'-30958684.74","'-60007107027.23","null","'-60007107027.23","'-53764551264.24","null","'-53764551264.24","5","680","680","4610","D","P","3","28.7.1","2025","4","2025","3","09","30"
"2025-09-30","57119430","57119453","Total--Social Security Administration","134504059379.71","585448271.99","133918611107.72","1650414195481.02","3898976023.89","1646515219457.13","1523030154902.72","3296509488.73","1519733645413.99","5","681","681","4620","T","C","2","28.8","2025","4","2025","3","09","30"
"2025-09-30","57119454","57119455","United States Agency for Global Media","31792829.51","17390.72","31775438.79","763707636.75","75974.26","763631662.49","883161236.26","442093.86","882719142.40","5","683","683","5050","D","A","2","29.1","2025","4","2025","3","09","30"
"2025-09-30","57119454","57119456","Bureau of Consumer Financial Protection","57705670.39","75.00","57705595.39","2737147444.47","225.00","2737147219.47","1201062222.27","3875.00","1201058347.27","5","684","684","5060","D","A","2","29.2","2025","4","2025","3","09","30"
"2025-09-30","57119454","57119457","Corporation for National and Community Service","120290431.34","55847.56","120234583.78","1360788056.58","1599917.04","1359188139.54","1256233814.33","9420696.82","1246813117.51","5","685","685","5110","D","A","2","29.3","2025","4","2025","3","09","30"
"2025-09-30","57119454","57119458","Corporation for Public Broadcasting","null","null","null","586222308.84","null","586222308.84","585000000.00","null","585000000.00","5","686","686","5115","D","A","2","29.4","2025","4","2025","3","09","30"
"2025-09-30","57119454","57119459","District of Columbia:","null","null","null","null","null","null","null","null","null","5","687","687","5116","S","A","2","29.5","2025","4","2025","3","09","30"
"2025-09-30","57119459","57119461","Courts","30539643.52","null","30539643.52","346726589.59","616.00","346725973.59","364837983.00","112.00","364837871.00","5","688","688","5117","D","P","3","29.5.1","2025","4","2025","3","09","30"
"2025-09-30","57119459","57119462","General and Special Payments","57138286.38","17.34","57138269.04","794885937.44","67351520.76","727534416.68","688730617.28","98651710.99","590078906.29","5","689","689","5120","D","P","3","29.5.2","2025","4","2025","3","09","30"
"2025-09-30","57119454","57119464","Equal Employment Opportunity Commission","32926160.51","4642.64","32921517.87","451472339.54","3554362.61","447917976.93","470751332.76","7495838.04","463255494.72","5","690","690","5140","D","A","2","29.6","2025","4","2025","3","09","30"
"2025-09-30","57119454","57119465","Export-Import Bank of the United States","'-8815334.56","null","'-8815334.56","133153375.62","246024310.00","'-112870934.38","105610937.26","622748403.75","'-517137466.49","5","691","691","5150","D","A","2","29.7","2025","4","2025","3","09","30"
"2025-09-30","57119454","57119466","Federal Communications Commission:","null","null","null","null","null","null","null","null","null","5","692","692","5198","S","A","2","29.8","2025","4","2025","3","09","30"
"2025-09-30","57119466","57119467","Universal Service Fund","663683658.39","null","663683658.39","8643063971.64","null","8643063971.64","8718823106.86","null","8718823106.86","5","693","693","5201","D","P","3","29.8.1","2025","4","2025","3","09","30"
"2025-09-30","57119466","57119468","Spectrum Auction Program Account","269549.42","null","269549.42","290952.04","null","290952.04","null","null","null","5","694","694","5203","D","P","3","29.8.2","2025","4","2025","3","09","30"
"2025-09-30","57119466","57119469","Other","'-182125449.90","2111329.60","'-184236779.50","2097326399.63","26057765.55","2071268634.08","9128032852.06","24131999.77","9103900852.29","5","695","695","5205","D","P","3","29.8.3","2025","4","2025","3","09","30"
"2025-09-30","57119470","57119475","Deposit Insurance Fund","'-10678223298.23","null","'-10678223298.23","'-31162154345.71","null","'-31162154345.71","37102073524.99","null","37102073524.99","5","697","697","5211","D","P","3","29.9.1","2025","4","2025","3","09","30"
"2025-09-30","57119470","57119476","FSLIC Resolution Fund","24618.24","3811440.35","'-3786822.11","'-41099.05","49490519.31","'-49531618.36","322790.52","52660963.00","'-52338172.48","5","698","698","5212","D","P","3","29.9.2","2025","4","2025","3","09","30"
"2025-09-30","57119470","57119478","Total--Federal Deposit Insurance Corporation","'-10630698679.99","3811440.35","'-10634510120.34","'-31114695444.76","49490519.31","'-31164185964.07","37149896315.51","52660963.00","37097235352.51","5","700","700","5215","T","A","3","29.9.4","2025","4","2025","3","09","30"
"2025-09-30","57119454","57119479","Federal Drug Control Programs","8803072.71","null","8803072.71","382971993.86","null","382971993.86","397804226.43","null","397804226.43","5","701","701","5250","D","A","2","29.10","2025","4","2025","3","09","30"
"2025-09-30","57119454","57119480","Federal Housing Finance Agency","21193627.03","null","21193627.03","360089066.39","null","360089066.39","361915923.44","null","361915923.44","5","702","702","5260","D","A","2","29.11","2025","4","2025","3","09","30"
"2025-09-30","57119454","57119481","Institute of Museum and Library Services","36197327.58","1381.51","36195946.07","336876288.62","14694.78","336861593.84","282259737.06","1183485.34","281076251.72","5","703","703","5353","D","A","2","29.12","2025","4","2025","3","09","30"
"2025-09-30","57119454","57119484","National Archives and Records Administration","41451148.00","1735569.90","39715578.10","526342428.08","17376032.79","508966395.29","517092669.34","17578961.32","499513708.02","5","706","706","5340","D","A","2","29.15","2025","4","2025","3","09","30"
"2025-09-30","57119454","57119485","National Credit Union Administration","30824308.69","32194746.79","'-1370438.10","629034862.68","1610697476.88","'-981662614.20","736322110.96","1614588139.51","'-878266028.55","5","707","707","5348","D","A","2","29.16","2025","4","2025","3","09","30"
"2025-09-30","57119454","57119486","National Endowment for the Arts","15867912.03","3009.64","15864902.39","233460822.50","179840.97","233280981.53","221102319.44","225861.06","220876458.38","5","708","708","5351","D","A","2","29.17","2025","4","2025","3","09","30"
"2025-09-30","57119454","57119487","National Endowment for the Humanities","9068765.94","null","9068765.94","197483026.88","40664.49","197442362.39","205878054.75","269021.33","205609033.42","5","709","709","5352","D","A","2","29.18","2025","4","2025","3","09","30"
"2025-09-30","57119454","57119488","National Labor Relations Board","25262060.89","1292.76","25260768.13","309089031.56","71748.78","309017282.78","301524505.27","162530.83","301361974.44","5","710","710","5355","D","A","2","29.19","2025","4","2025","3","09","30"
"2025-09-30","57119454","57119489","Nuclear Regulatory Commission","72464924.95","124284760.58","'-51819835.63","983358551.96","812801479.72","170557072.24","960311018.55","800919480.66","159391537.89","5","711","711","5367","D","A","2","29.20","2025","4","2025","3","09","30"
"2025-09-30","57119491","57119492","Public Enterprise Funds","9076329841.19","6832045973.99","2244283867.20","99946347951.72","95135087150.38","4811260801.34","101691680694.13","98078656754.21","3613023939.92","5","714","714","5383","D","P","4","29.21.1.1","2025","4","2025","3","09","30"
"2025-09-30","57119491","57119493","Other","118810.82","null","118810.82","271796065.45","null","271796065.45","271201969.65","null","271201969.65","5","715","715","5385","D","P","4","29.21.1.2","2025","4","2025","3","09","30"
"2025-09-30","57119454","57119495","Railroad Retirement Board:","null","null","null","null","null","null","null","null","null","5","717","717","5394","S","A","2","29.22","2025","4","2025","3","09","30"
"2025-09-30","57119495","57119496","Federal Windfall Subsidy","361051.14","null","361051.14","4961505.45","null","4961505.45","6184048.01","null","6184048.01","5","718","718","5395","D","P","3","29.22.1","2025","4","2025","3","09","30"
"2025-09-30","57119495","57119497","Federal Payments to the Railroad Retirement Accounts","711061.64","null","711061.64","863296084.58","null","863296084.58","962522079.33","null","962522079.33","5","719","719","5396","D","P","3","29.22.2","2025","4","2025","3","09","30"
"2025-09-30","57119498","57119499","Benefit Payments","9550897.51","null","9550897.51","86854125.80","null","86854125.80","59995808.21","null","59995808.21","5","721","721","5398","D","P","4","29.22.3.1","2025","4","2025","3","09","30"
"2025-09-30","57119498","57119500","Transfer To Administrative Funds","1659442.60","null","1659442.60","19282975.00","null","19282975.00","22247817.00","null","22247817.00","5","722","722","5399","D","P","4","29.22.3.2","2025","4","2025","3","09","30"
"2025-09-30","57119498","57119501","Other","'-7299.64","null","'-7299.64","'-89261.11","null","'-89261.11","'-43087.30","null","'-43087.30","5","723","723","5400","D","P","4","29.22.3.3","2025","4","2025","3","09","30"
"2025-09-30","57119502","57119503","Benefit Payments","487067996.80","null","487067996.80","5837048911.12","null","5837048911.12","5775329458.30","null","5775329458.30","5","725","725","5402","D","P","4","29.22.4.1","2025","4","2025","3","09","30"
"2025-09-30","57119502","57119504","Advances from FOASDI Fund","null","null","null","17580.00","null","17580.00","null","null","null","5","726","726","5403","D","P","4","29.22.4.2","2025","4","2025","3","09","30"
"2025-09-30","57119502","57119505","OASDI Certifications","'-135723.37","null","'-135723.37","'-1945924.50","null","'-1945924.50","'-2368004.81","null","'-2368004.81","5","727","727","5406","D","P","4","29.22.4.3","2025","4","2025","3","09","30"
"2025-09-30","57119502","57119506","Transfer to Administrative Funds","7780564.60","null","7780564.60","96782084.00","null","96782084.00","95844602.00","null","95844602.00","5","728","728","5410","D","P","4","29.22.4.4","2025","4","2025","3","09","30"
"2025-09-30","57119502","57119507","Other","4773.13","null","4773.13","556707.84","null","556707.84","2534559.04","null","2534559.04","5","729","729","5416","D","P","4","29.22.4.5","2025","4","2025","3","09","30"
"2025-09-30","57119495","57119508","National Railroad Retirement Investment Trust:","null","null","null","null","null","null","null","null","null","5","730","730","5418","S","P","3","29.22.5","2025","4","2025","3","09","30"
"2025-09-30","57119508","57119510","Administrative Expenses","3859778.57","null","3859778.57","56643105.03","null","56643105.03","60788274.68","null","60788274.68","5","731","731","5422","D","P","4","29.22.5.1","2025","4","2025","3","09","30"
"2025-09-30","57119508","57119511","Transfers to the Railroad Retirement Trust Funds from the National Railroad Retirement Investment Trust","165000000.00","null","165000000.00","1367000000.00","null","1367000000.00","1180000000.00","null","1180000000.00","5","732","732","5424","D","P","4","29.22.5.2","2025","4","2025","3","09","30"
"2025-09-30","57119495","57119512","Railroad Social Security Equivalent Benefit Account:","null","null","null","null","null","null","null","null","null","5","733","733","5434","S","P","3","29.22.6","2025","4","2025","3","09","30"
"2025-09-30","57119512","57119513","Benefit Payments","728665149.44","null","728665149.44","8940155617.41","null","8940155617.41","8683251585.85","null","8683251585.85","5","734","734","5436","D","P","4","29.22.6.1","2025","4","2025","3","09","30"
"2025-09-30","57119512","57119514","Transfer To Administrative Funds","2065522.26","null","2065522.26","23934941.00","null","23934941.00","21907581.00","null","21907581.00","5","735","735","5438","D","P","4","29.22.6.2","2025","4","2025","3","09","30"
"2025-09-30","57119495","57119516","Proprietary Receipts from the Public","null","609682731.94","'-609682731.94","null","2621118921.07","'-2621118921.07","null","3426171376.78","'-3426171376.78","5","737","737","5446","D","P","3","29.22.7","2025","4","2025","3","09","30"
"2025-09-30","57119517","57119518","Payments from Other Funds to the Railroad Retirement Trust Funds","null","null","null","'-5994989000.00","null","'-5994989000.00","'-5933461000.00","null","'-5933461000.00","5","739","739","5452","D","P","4","29.22.8.1","2025","4","2025","3","09","30"
"2025-09-30","57119517","57119520","Other","'-166095829.26","null","'-166095829.26","'-2231992929.16","null","'-2231992929.16","'-2145062822.73","null","'-2145062822.73","5","740","740","5458","D","P","4","29.22.8.2","2025","4","2025","3","09","30"
"2025-09-30","57119495","57119521","Total--Railroad Retirement Board","1238221961.06","609682731.94","628539229.12","9076489925.39","2621118921.07","6455371004.32","8810513089.22","3426171376.78","5384341712.44","5","741","741","5460","T","A","3","29.22.9","2025","4","2025","3","09","30"
"2025-09-30","57119454","57119522","Securities and Exchange Commission","'-1893178959.36","63864.70","'-1893242824.06","'-1318600528.15","1505.92","'-1318602034.07","724567764.27","'-760592.86","725328357.13","5","742","742","5480","D","A","2","29.23","2025","4","2025","3","09","30"
"2025-09-30","57119454","57119523","Smithsonian Institution","143308147.68","'-22439.52","143330587.20","1375770222.05","358024.10","1375412197.95","1425131344.56","302242.13","1424829102.43","5","743","743","5500","D","A","2","29.24","2025","4","2025","3","09","30"
"2025-09-30","57119454","57119524","Tennessee Valley Authority","4807016866.49","5066123109.29","'-259106242.80","54900694828.62","52339983755.65","2560711072.97","47179010586.27","46510412641.39","668597944.88","5","744","744","5525","D","A","2","29.25","2025","4","2025","3","09","30"
"2025-09-30","57119454","57119525","Other","524471663.11","65342322.84","459129340.27","4426740813.86","971865823.40","3454874990.46","4371918095.08","1108838107.27","3263079987.81","5","745","745","5570","D","A","2","29.26","2025","4","2025","3","09","30"
"2025-09-30","57119454","57119526","Total--Independent Agencies","4360617005.12","12737457067.63","'-8376840062.51","160692020723.41","153903752329.46","6788268393.95","230167299847.11","152374103702.20","77793196144.91","5","746","746","5572","T","C","2","29.27","2025","4","2025","3","09","30"
"2025-09-30","57119527","57119528","Other Interest","'-512594.59","null","'-512594.59","'-7845747.35","null","'-7845747.35","'-9638825.25","876738.99","'-10515564.24","5","748","748","5576","D","UORG","2","30.1","2025","4","2025","3","09","30"
"2025-09-30","57119527","57119529","Employer Share, Employee Retirement:","null","null","null","null","null","null","null","null","null","5","749","749","5578","S","UORG","2","30.2","2025","4","2025","3","09","30"
"2025-09-30","57119529","57119531","Department of Health and Human Services:","null","null","null","null","null","null","null","null","null","5","750","750","5580","S","C","3","30.2.1","2025","4","2025","3","09","30"
"2025-09-30","57119531","57119532","Federal Hospital Insurance Trust Fund:","null","null","null","null","null","null","null","null","null","5","751","751","5582","S","P","4","30.2.1.1","2025","4","2025","3","09","30"
"2025-09-30","57119532","57119533","Federal Employer Contributions","'-444000000.00","null","'-444000000.00","'-5192000000.00","null","'-5192000000.00","'-4873000000.00","null","'-4873000000.00","5","752","752","5584","D","P","5","30.2.1.1.1","2025","4","2025","3","09","30"
"2025-09-30","57119532","57119534","Postal Service Employer Contributions","'-51000000.00","null","'-51000000.00","'-766000000.00","null","'-766000000.00","'-819000000.00","null","'-819000000.00","5","753","753","5586","D","P","5","30.2.1.1.2","2025","4","2025","3","09","30"
"2025-09-30","57119539","57119540","Military Retirement Fund","'-2226379129.13","null","'-2226379129.13","'-45759924683.16","null","'-45759924683.16","'-44805542307.03","null","'-44805542307.03","5","757","757","5597","D","P","4","30.2.3.1","2025","4","2025","3","09","30"
"2025-09-30","57119539","57119541","Department of Defense Medicare-Eligible Retiree Health Care Fund","null","null","null","'-11376828635.00","null","'-11376828635.00","'-10837263303.00","null","'-10837263303.00","5","758","758","5600","D","P","4","30.2.3.2","2025","4","2025","3","09","30"
"2025-09-30","57119542","57119544","Civil Service Retirement and Disability Fund","'-6504947556.95","null","'-6504947556.95","'-56527683088.07","null","'-56527683088.07","'-54633375522.99","null","'-54633375522.99","5","760","760","5608","D","P","4","30.2.4.1","2025","4","2025","3","09","30"
"2025-09-30","57119529","57119545","Social Security Administration:","null","null","null","null","null","null","null","null","null","5","761","761","5609","S","C","3","30.2.5","2025","4","2025","3","09","30"
"2025-09-30","57119581","57119582","Civil Service Retirement and Disability Fund","'-40041292.41","null","'-40041292.41","'-29416170032.66","null","'-29416170032.66","'-26596903063.43","null","'-26596903063.43","5","794","794","5672","D","P","4","30.3.11.1","2025","4","2025","3","09","30"
"2025-09-30","57117921","57117957","United States Tax Court","6286514.33","null","6286514.33","71982977.93","null","71982977.93","61952320.28","null","61952320.28","5","11","11","1051","D","B","2","1.10","2025","4","2025","3","09","30"
"2025-09-30","57118010","57118042","Risk Management Agency:","null","null","null","null","null","null","null","null","null","5","32","32","1417","S","B","2","3.6","2025","4","2025","3","09","30"
"2025-09-30","57118010","57118070","Natural Resources Conservation Service:","null","null","null","null","null","null","null","null","null","5","44","44","1442","S","B","2","3.8","2025","4","2025","3","09","30"
"2025-09-30","57118175","57118252","Military Construction:","null","null","null","null","null","null","null","null","null","5","113","113","2295","S","B","2","5.6","2025","4","2025","3","09","30"
"2025-09-30","57118175","57118308","Intrabudgetary Transactions:","null","null","null","null","null","null","null","null","null","5","139","139","2490","S","P","2","5.11","2025","4","2025","3","09","30"
"2025-09-30","57118175","57118313","Offsetting Governmental Receipts:","null","null","null","null","null","null","null","null","null","5","144","144","2501","S","P","2","5.12","2025","4","2025","3","09","30"
"2025-09-30","null","57118398","Department of Health and Human Services:","null","null","null","null","null","null","null","null","null","5","205","205","2681","S","C","1","8","2025","4","2025","3","09","30"
"2025-09-30","57118549","57118571","Community Planning and Development:","null","null","null","null","null","null","null","null","null","5","286","286","3145","S","B","2","10.2","2025","4","2025","3","09","30"
"2025-09-30","57118549","57118587","Housing Programs:","null","null","null","null","null","null","null","null","null","5","294","294","3175","S","B","2","10.3","2025","4","2025","3","09","30"
"2025-09-30","57118639","57118683","Departmental Offices:","null","null","null","null","null","null","null","null","null","5","341","341","3412","S","BG","2","11.5","2025","4","2025","3","09","30"
"2025-09-30","57118683","57118687","Mineral Leasing and Associated Payments","305343253.84","null","305343253.84","3632649789.88","null","3632649789.88","3841534011.27","null","3841534011.27","5","342","342","3413","D","P","3","11.5.1","2025","4","2025","3","09","30"
"2025-09-30","57118706","57118731","Office of Justice Programs:","null","null","null","null","null","null","null","null","null","5","364","364","3525","S","B","2","12.7","2025","4","2025","3","09","30"
"2025-09-30","57118752","57118772","Unemployment Trust Fund:","null","null","null","null","null","null","null","null","null","5","384","384","3623","S","P","3","13.1.9","2025","4","2025","3","09","30"
"2025-09-30","null","57118826","Department of State:","null","null","null","null","null","null","null","null","null","5","409","409","3702","S","C","1","14","2025","4","2025","3","09","30"
"2025-09-30","57118862","57118888","Federal Highway Administration:","null","null","null","null","null","null","null","null","null","5","439","439","3903","S","B","2","15.3","2025","4","2025","3","09","30"
"2025-09-30","57118905","57118913","Other","1680093372.46","null","1680093372.46","6491462390.61","null","6491462390.61","3875214043.12","null","3875214043.12","5","449","449","3956","D","P","3","15.6.2","2025","4","2025","3","09","30"
"2025-09-30","57118963","57118966","Departmental Offices:","null","null","null","null","null","null","null","null","null","5","465","465","4050","S","B","2","16.1","2025","4","2025","3","09","30"
"2025-09-30","57119143","57119165","Benefits Programs:","null","null","null","null","null","null","null","null","null","5","519","519","4210","S","B","2","17.3","2025","4","2025","3","09","30"
"2025-09-30","57119317","57119335","Multilateral Assistance:","null","null","null","null","null","null","null","null","null","5","597","597","4344","S","B","2","23.3","2025","4","2025","3","09","30"
"2025-09-30","null","57119388","National Aeronautics and Space Administration:","null","null","null","null","null","null","null","null","null","5","623","623","4381","S","C","1","24","2025","4","2025","3","09","30"
"2025-09-30","57119388","57119394","Cross Agency Support","222526617.92","null","222526617.92","2914273747.89","null","2914273747.89","3099296944.08","null","3099296944.08","5","627","627","4385","D","P","2","24.4","2025","4","2025","3","09","30"
"2025-09-30","57119430","57119446","Proprietary Receipts from the Public:","null","null","null","null","null","null","null","null","null","5","676","676","4585","S","P","2","28.6","2025","4","2025","3","09","30"
"2025-09-30","57119454","57119470","Federal Deposit Insurance Corporation:","null","null","null","null","null","null","null","null","null","5","696","696","5207","S","A","2","29.9","2025","4","2025","3","09","30"
"2025-09-30","57119454","57119482","Intelligence Community Management Account","'-199238.70","null","'-199238.70","612535804.56","null","612535804.56","515475321.10","null","515475321.10","5","704","704","5270","D","A","2","29.13","2025","4","2025","3","09","30"
"2025-09-30","57119454","57119490","Postal Service:","null","null","null","null","null","null","null","null","null","5","712","712","5380","S","A","2","29.21","2025","4","2025","3","09","30"
"2025-09-30","57119495","57119498","Railroad Unemployment Insurance Trust Fund:","null","null","null","null","null","null","null","null","null","5","720","720","5397","S","P","3","29.22.3","2025","4","2025","3","09","30"
"2025-09-30","57119495","57119517","Intrabudgetary Transactions:","null","null","null","null","null","null","null","null","null","5","738","738","5448","S","P","3","29.22.8","2025","4","2025","3","09","30"
"2025-09-30","57119556","57119576","Other Defense Civil Programs:","null","null","null","null","null","null","null","null","null","5","788","788","5661","S","C","3","30.3.9","2025","4","2025","3","09","30"
"2025-09-30","57119556","57119581","Office of Personnel Management:","null","null","null","null","null","null","null","null","null","5","793","793","5671","S","C","3","30.3.11","2025","4","2025","3","09","30"
"2025-09-30","57118010","57118125","Forest Service:","null","null","null","null","null","null","null","null","null","5","63","63","1502","S","B","2","3.14","2025","4","2025","3","09","30"
"2025-09-30","57118175","57118296","Trust Funds:","null","null","null","null","null","null","null","null","null","5","129","129","2470","S","B","2","5.9","2025","4","2025","3","09","30"
"2025-09-30","57118175","57118303","Proprietary Receipts from the Public:","null","null","null","null","null","null","null","null","null","5","134","134","2480","S","P","2","5.10","2025","4","2025","3","09","30"
"2025-09-30","57118317","57118327","Office of Special Education and Rehabilitative Services:","null","null","null","null","null","null","null","null","null","5","156","156","2609","S","B","2","6.4","2025","4","2025","3","09","30"
"2025-09-30","57118503","57118535","Science and Technology","136592434.45","null","136592434.45","760187636.96","null","760187636.96","913026214.77","null","913026214.77","5","269","269","3092","D","B","2","9.10","2025","4","2025","3","09","30"
"2025-09-30","57118639","57118654","Water and Science:","null","null","null","null","null","null","null","null","null","5","327","327","3322","S","BG","2","11.2","2025","4","2025","3","09","30"
"2025-09-30","57118639","57118669","Fish and Wildlife and Parks:","null","null","null","null","null","null","null","null","null","5","334","334","3345","S","BG","2","11.3","2025","4","2025","3","09","30"
"2025-09-30","57118752","57118756","Office of Job Corps","161218048.87","null","161218048.87","1850618771.40","null","1850618771.40","1862935113.08","null","1862935113.08","5","377","377","3602","D","P","3","13.1.2","2025","4","2025","3","09","30"
"2025-09-30","null","57118862","Department of Transportation:","null","null","null","null","null","null","null","null","null","5","427","427","3801","S","C","1","15","2025","4","2025","3","09","30"
"2025-09-30","null","57119304","General Services Administration:","null","null","null","null","null","null","null","null","null","5","582","582","4326","S","C","1","22","2025","4","2025","3","09","30"
"2025-09-30","57119317","57119379","Military Sales Program:","null","null","null","null","null","null","null","null","null","5","617","617","4374","S","B","2","23.8","2025","4","2025","3","09","30"
"2025-09-30","57119470","57119477","Office of Inspector General","47500000.00","null","47500000.00","47500000.00","null","47500000.00","47500000.00","null","47500000.00","5","699","699","5214","D","P","3","29.9.3","2025","4","2025","3","09","30"
"2025-09-30","57119576","57119579","Armed Forces Retirement Home","'-802417.84","null","'-802417.84","'-8766967.41","null","'-8766967.41","'-10024184.25","null","'-10024184.25","5","791","791","5666","D","P","4","30.3.9.3","2025","4","2025","3","09","30"
"2025-09-30","57119556","57119580","Environmental Protection Agency","'-487394085.12","null","'-487394085.12","'-560899138.60","null","'-560899138.60","'-681654944.11","null","'-681654944.11","5","792","792","5669","D","C","3","30.3.10","2025","4","2025","3","09","30"
